"","area","datafile.013_108_2015_B.raw.area","datafile.016_148_84_A.raw.area","datafile.017_173_83_A.raw.area","datafile.039_341_81_MASS.raw.area","datafile.043_355_92_B.raw.area","datafile.044_359_92_C.raw.area","datafile.045_360_92_G.raw.area","datafile.046_363_92_C.raw.area","datafile.048_370_92_A.raw.area","datafile.063_449_87_C.raw.area","datafile.066_488_94_C.raw.area","datafile.070_538_78_A.raw.area","datafile.082_701_89_B.raw.area","datafile.086_772_94_B.raw.area","datafile.087_787_82_MASS.raw.area","datafile.088_791_82_A.raw.area","datafile.095_906_87_A.raw.area","datafile.099_939_73_B.raw.area","datafile.100_950_83_A.raw.area","datafile.102_975_83_B.raw.area","datafile.103_978_83_A.raw.area","datafile.104_1040_90_C.raw.area","datafile.110_1449_77_A.raw.area","datafile.111_1453_77_MASS.raw.area","datafile.127_7178_C.raw.area","mz_round","rt_round"
"1",7281000,5756000,65360,6052000,26740,31490,51170,24040,5237000,32660,5250000,5885000,18090,6457000,49320,31490,25080,6434000,30900,28000,4974000,26250,5036000,5614000,7281000,36400,73.532,1.36
"2",7904000,5758000,7411000,6070000,7904000,4642000,6578000,5458000,5238000,5767000,5243000,5893000,6540000,31230,4e+06,5447000,6842000,6430000,4044000,5823000,4980000,4175000,5031000,5610000,7336000,3509000,73.532,1.43
"3",37110000,29840000,35500000,31960000,37110000,22970000,32400000,26470000,24110000,30950000,23880000,28040000,30740000,168400,20880000,26670000,32740000,30510000,19230000,25730000,24260000,18230000,24350000,25070000,33270000,16810000,82.014,1.43
"4",35310000,29580000,35310000,299200,89980,50490,35210,26290000,24040000,375100,23340000,355300,484400,30960000,20820000,26410000,32590000,29960000,33020,391000,254000,18070000,27580,24950000,258000,41650,82.014,1.5
"5",6400000,5199000,6219000,5493000,6400000,4076000,5584000,4625000,4078000,5349000,4099000,4772000,5324000,5345000,3399000,4526000,5661000,5345000,3159000,4391000,4197000,3155000,4177000,4300000,5773000,2908000,84.011,1.44
"6",34660000,1976000,6324000,3768000,3292000,1760000,4672000,3928000,10580000,3301000,4262000,5481000,4097000,4209000,34660000,14600000,3067000,5228000,24940000,4674000,4953000,4207000,8575000,2625000,7424000,3671000,84.96,1.44
"7",1134000,91760,286600,883000,154600,56590,1044000,699100,670000,1134000,14450,148900,96540,117600,249400,151700,88020,287000,105600,269000,459000,56850,761300,112300,361300,22960,85.028,19.21
"8",1484000,8598,1184000,2091,419700,317700,1457,603400,618800,330400,555200,1484000,875100,504900,572100,288600,1052000,485200,303300,298700,630700,11050,2638,450700,289300,41200,88.988,0.7
"9",1538000,796800,390500,735200,404000,734300,252900,1523000,261300,271300,421600,442800,457000,461700,212400,656800,336200,402700,224000,721800,975800,255200,1444000,1061000,725000,1538000,88.988,1.21
"10",582600,259500,387400,3390,316900,4338,839.3,502200,272400,271100,2357,511800,15200,4762,175000,214800,358700,8230,223300,788.3,582600,258300,6525,356400,5562,520900,88.989,0.48
"11",1373000,1148,2501,1573,1069000,8484,6593,620500,361000,20330,1373000,2815,622500,515800,1185,12860,441400,1213000,487300,304400,629900,540900,618400,450800,304300,620500,88.989,0.91
"12",2357000,715600,835400,673900,1695000,683000,785400,706800,1747000,781800,964400,751300,831000,2357000,1883000,748500,777600,934700,745900,760300,670500,860100,716200,763700,773400,707800,89.507,0.24
"13",1803000,796000,984100,761200,1695000,317400,911200,970400,1644000,769400,1041000,989700,997900,1803000,1339000,882500,237700,1024000,915500,454300,1127000,998700,1059000,932400,848700,1027000,89.507,0.43
"14",1078000,467800,561500,435300,249200,633800,512700,541800,1024000,437800,555800,567700,559500,1078000,856400,499600,706200,588800,524000,572200,608600,573000,580400,539500,492200,570600,89.507,0.48
"15",891900,410000,501800,397900,837800,488400,469300,497500,891900,391100,555100,510900,540200,880500,708100,460900,462100,546200,473400,568100,569500,5e+05,534200,478600,429300,540000,89.507,0.69
"16",780900,268200,276100,228600,627300,244300,220000,353500,416600,111100,337800,270000,321400,390100,597200,166900,285900,253300,285100,241200,502600,232300,374100,780900,248600,324900,89.507,28.08
"17",2078000,325100,407300,246300,2078000,266400,263500,364300,412700,228000,361800,354700,332600,478500,619800,316500,386300,363500,169100,283000,610300,262700,380300,1455000,269600,379000,89.507,29.68
"18",1130000,259800,248200,214200,847600,220000,265100,231900,808600,260300,324900,251500,246200,1019000,1130000,245300,275500,304700,232600,230500,220400,272100,230100,251200,273300,201100,90.507,0.24
"19",4911000,1061000,1249000,1098000,1169000,1105000,1041000,1213000,1143000,828700,1175000,1140000,1289000,1298000,4911000,1363000,1361000,1107000,1229000,1014000,1187000,1028000,1116000,1260000,937800,1238000,90.507,36.64
"20",3793000,1187000,1370000,1174000,1262000,1063000,1214000,1232000,1223000,1051000,1374000,1217000,1528000,1279000,3793000,1401000,1489000,1310000,1282000,1254000,1395000,1085000,1349000,1411000,1142000,1498000,90.507,40.28
"21",3209000,1080000,1342000,1015000,1153000,1110000,1173000,1282000,1085000,960100,1307000,1222000,1422000,1070000,3209000,1174000,1361000,1222000,1123000,1130000,1246000,1028000,1194000,1262000,960800,1368000,90.507,41.11
"22",687100,327400,589000,343700,1374,7508,473100,11000,687100,5373,597100,579300,16150,455100,633900,451600,507000,595800,424600,1602,14750,411800,597000,533700,342400,2247,91.004,0.56
"23",861500,370100,34700,405400,692900,495200,526800,10100,861500,357800,647400,668800,676200,586900,790800,502200,581800,675300,476100,512200,613200,18890,674900,601700,391800,665400,91.004,0.94
"24",848700,369500,3238,390600,25190,496800,545500,685000,848700,357600,46030,643700,687000,38860,783100,510300,590200,2435,30810,11810,631200,2335,686700,621400,401000,3149,91.004,1.1
"25",1276000,373800,624300,375600,734300,486000,36000,17600,860800,343400,634100,646400,665700,635200,791300,490000,567900,655700,1276000,518600,591400,473800,44880,605500,397700,659900,91.004,1.32
"26",728800,322700,563800,304100,633400,425500,429200,568500,728800,273400,584700,44230,584100,582200,660200,363000,503900,10950,79090,417500,518000,377500,555000,548000,332700,592000,91.004,1.34
"27",6702000,6702000,409700,1220000,560000,310700,471800,469200,277200,655100,617800,336600,352100,608900,367700,399000,355300,478100,687400,458900,66350,1178000,373300,332300,68640,176600,95.049,2.41
"28",2040000,751700,198200,72600,79420,282900,319500,159800,327600,2040000,139800,143700,312700,56670,66010,866700,251700,802900,59820,279600,186500,279100,493400,280300,39450,161700,95.086,28.24
"29",4863000,707400,916300,787100,2312000,1149000,3878,613100,4863000,515600,950500,877600,570200,1660000,303100,1109000,31160,773900,749400,4510,553100,805600,710900,21590,22100,792200,96.96,0.51
"30",3648000,1900000,2444000,2231000,961600,3064000,2355000,1655000,95150,1472000,2551000,2499000,1539000,679600,833400,3265000,3648000,936500,2086000,3312000,1471000,2172000,843000,2417000,2552000,952500,96.96,0.95
"31",2156000,783400,994100,919900,939900,1245000,959400,662900,1990000,598800,1014000,1043000,618100,677600,340800,1283000,1512000,2092000,841900,1361000,605700,878400,1898000,999300,1058000,2156000,96.96,1
"32",336500,31470,59510,40590,59330,59780,48480,38360,123200,40720,60060,54970,28580,35420,20140,336500,75240,44020,43550,92250,35720,71350,40100,53080,44450,49190,96.96,1.35
"33",3745000,382600,534700,665400,565300,964600,686600,657500,1383000,301200,782800,696000,606800,398400,254300,3745000,1143000,682500,715900,881700,535000,806100,619200,920100,688800,552800,96.96,9.71
"34",2925000,273100,448500,509900,534500,714300,464000,442500,2925000,586300,540600,577100,414300,340200,146300,688000,865400,520100,439500,706800,1354000,556000,573200,620800,642000,517100,96.96,15.67
"35",14680000,2731000,14680000,577300,1939000,699900,1875000,1370000,2011000,1470000,1136000,1085000,1056000,170500,446400,3304000,775600,691300,13250000,1044000,9324000,2004000,1025000,1047000,2489000,4775000,96.969,2.09
"36",1565000,1250000,998800,946700,547500,987400,1021000,843000,1565000,1368000,1453000,1235000,1135000,658700,601700,974700,1040000,1309000,1012000,992500,1070000,1126000,1046000,1106000,1281000,818900,97.969,0.24
"37",34580000,6351000,4612000,6472000,10800000,1424000,4128000,6115000,7577000,1778000,2551000,2276000,1538000,689400,458100,2319000,3125000,3300000,4931000,3519000,34580000,6157000,2873000,3327000,19290000,7382000,98.984,1.89
"38",30210000,9830000,10440000,4618000,12660000,2691000,9008000,8209000,9763000,3260000,4083000,2553000,2177000,1737000,809700,6609000,4690000,4366000,7961000,4919000,30210000,10330000,3318000,5383000,14690000,10320000,98.984,2.05
"39",20900000,7514000,10590000,988700,7932000,4100000,3776000,6421000,6308000,2783000,3485000,1756000,1820000,1315000,685800,7022000,3600000,3399000,7068000,3761000,20900000,8685000,2433000,4535000,5245000,8599000,98.984,2.14
"40",17120000,5928000,9538000,1483000,6361000,787200,1609000,5453000,5127000,2356000,2832000,1431000,1490000,980100,589500,6386000,3014000,2696000,6359000,3125000,17120000,7303000,2027000,3767000,4176000,7088000,98.984,2.22
"41",10700000,3294000,6553000,1162000,3860000,941100,2916000,3235000,3039000,1444000,1754000,911900,990600,552300,455000,4567000,1829000,1641000,4625000,1762000,10700000,4360000,1146000,2360000,1297000,4760000,98.984,2.44
"42",6171000,2434000,4437000,924000,2280000,164800,1708000,1911000,1841000,860900,1030000,547900,627500,336800,352600,2967000,1150000,937300,3198000,1026000,6171000,2648000,665900,908300,1130000,2898000,98.984,2.72
"43",4124000,1747000,3047000,659400,1580000,289000,181400,1355000,1226000,606800,706200,397900,449600,251600,271500,2228000,765100,640400,2467000,7e+05,4124000,1841000,485800,998000,1339000,2099000,98.984,2.95
"44",3181000,1211000,2449000,497600,1173000,409500,845400,1034000,923000,443400,543800,304700,356800,195800,227300,1676000,593200,484500,1997000,528500,3181000,1387000,379000,779000,528900,1638000,98.984,3.09
"45",39520000,111900,30890000,9202000,1206000,19800000,8853000,32760000,3498000,13250000,28770000,1695000,6689000,35270000,10450,6313000,39520000,6869000,109000,3884000,134700,3.2e+07,340800,12910000,110800,6351000,100.076,1.65
"46",124200,101600,36000,110300,82800,20760,38630,101500,71520,11430,48550,98220,72280,91950,124200,96090,53360,34820,10730,26190,12390,11590,37570,25530,15580,66410,100.933,0.24
"47",1232000,451800,811100,863300,3698,453300,682300,773800,1232000,636300,784200,771000,750700,515700,1109000,365300,693300,792500,481500,738900,312200,498900,837700,706500,814700,736500,100.933,34.92
"48",468700,197400,242500,242700,25640,468700,252800,391500,28850,228000,223700,446400,463200,18760,16390,206700,244400,215100,211900,237900,212100,203300,245100,379600,193000,253500,103.003,48.91
"49",508900,210800,298200,254800,30860,5e+05,322000,508900,37290,266200,264400,435600,455900,55950,18580,224800,288700,266200,153300,287600,243000,235800,293800,383200,208800,294300,103.003,49.52
"50",597800,283400,385900,341500,35640,567800,381600,552900,43270,363700,376200,597800,560000,35400,19990,319100,391900,351400,272200,357500,320400,369700,355800,491800,305200,350800,103.003,50.16
"51",261600,190500,203900,200300,16740,75620,212800,186200,22210,201300,207200,64650,81190,22680,9257,219700,261600,213900,212300,226100,159100,250500,184100,67820,189800,179000,103.003,54.79
"52",46990000,46990000,17620000,9233000,146900,16610000,3399000,5483000,385700,13110000,5069000,9646000,1276000,5897000,36240000,29580000,11500000,12010000,34410000,23430000,505000,4962000,18520000,29330000,5159000,5087000,104.107,1.63
"53",10610000,10080000,3100000,1043000,75040,3012000,809500,1166000,128400,2300000,1053000,1038000,495000,4452000,2550000,6279000,1120000,1306000,10610000,3575000,298100,749400,2726000,6556000,382800,2180000,104.107,1.92
"54",3149000,24030,115100,25860,51180,28740,2040,65870,319700,3309,113300,57000,129600,100200,3149000,51540,93580,109700,48790,21330,90020,1520,142900,38360,22620,72140,105.036,1.18
"55",22990000,254900,8460000,3302000,169000,2013000,716800,780100,828800,96710,22990000,369400,205500,48360,166700,2070000,422200,595500,368600,197200,144400,151500,786900,342600,179400,719200,105.07,2.65
"56",58260000,661700,36520000,6137000,225500,5657000,2152000,1608000,3394000,1116000,58260000,671300,436400,1960000,285300,761200,728300,1697000,907900,1770000,272700,868500,2126000,706200,194500,2286000,105.07,4.11
"57",64280000,882200,5618000,8354000,281400,6901000,3107000,2287000,1999000,1684000,64280000,944800,565400,2709000,397400,167600,1050000,2406000,889400,2763000,392300,1284000,2254000,960200,345400,2272000,105.07,4.36
"58",2138000,432100,421400,132400,1379000,125100,124100,115700,1029000,116400,429000,117000,432600,2138000,664500,134800,120500,120300,433600,449700,119700,123000,431800,129600,122900,426400,108.081,0.36
"59",2874000,1109000,1197000,1148000,731700,997500,1183000,1021000,756800,1079000,1187000,986100,1159000,661800,772100,1268000,1239000,1074000,1306000,1276000,1169000,1082000,1075000,2874000,1197000,1174000,108.081,39.09
"60",2889000,1251000,1282000,1291000,830900,1079000,1330000,1114000,799100,1693000,1203000,2889000,1273000,739000,816400,1312000,1401000,1213000,1297000,1390000,1236000,1113000,1141000,1343000,1275000,1313000,108.081,40.03
"61",3516000,1354000,1442000,2988000,878300,1318000,1474000,1310000,891600,1323000,1447000,2016000,1382000,864600,864700,1457000,1511000,1338000,1503000,1563000,1383000,1327000,1208000,3516000,1437000,1443000,108.081,40.7
"62",5040000,1428000,1420000,1436000,932100,1399000,5040000,1268000,913200,2610000,1424000,1363000,1479000,888100,892600,1468000,1568000,1326000,1425000,1655000,1353000,1349000,1253000,1373000,1423000,1484000,108.081,41.11
"63",4851000,1595000,1604000,4683000,1109000,1700000,3149000,1639000,1079000,3055000,1606000,4533000,1688000,955900,1038000,1727000,1809000,2626000,1758000,1874000,1630000,1544000,1441000,4851000,1733000,1714000,108.081,41.87
"64",1717000,1517000,1639000,1556000,1092000,1717000,1580000,1436000,923200,1233000,1390000,1447000,1624000,997200,909100,1603000,1715000,844000,1625000,1698000,1496000,1427000,1121000,1606000,1573000,1654000,108.081,42.44
"65",2644000,1551000,1689000,2644000,1006000,1787000,1764000,1467000,943500,2193000,1653000,2026000,1703000,997100,950600,1605000,1820000,2039000,1395000,1882000,1589000,1454000,1409000,2260000,1631000,1712000,108.081,42.58
"66",3318000,1500000,1463000,636900,923900,2933000,3318000,636100,636700,1491000,792000,1285000,1734000,980500,765700,1356000,1826000,1242000,474800,1653000,598800,1271000,1175000,1256000,687700,1296000,108.081,42.94
"67",3759000,1857000,2128000,3681000,929300,3759000,3119000,1674000,1224000,2524000,1835000,2387000,2077000,924400,1134000,1972000,2063000,2550000,1969000,2125000,1838000,1715000,1675000,2518000,1843000,1982000,108.081,43.35
"68",2310000,1743000,2193000,1814000,1300000,2069000,1630000,1765000,1092000,1683000,1702000,1475000,1945000,1193000,1109000,1701000,1921000,1522000,2310000,1979000,2052000,1610000,1740000,1729000,1974000,2160000,108.081,43.82
"69",2768000,1889000,2351000,1974000,1346000,1961000,2319000,2018000,1311000,2768000,2044000,2195000,2149000,1079000,1257000,1753000,2071000,1469000,2249000,2297000,2168000,1943000,1966000,1966000,2168000,2351000,108.081,44.01
"70",3547000,1940000,2418000,3485000,1536000,2424000,3547000,2154000,1509000,1704000,2265000,1922000,2422000,1255000,1352000,2215000,2364000,2092000,2385000,2557000,2425000,2049000,1984000,3517000,2424000,2485000,108.081,44.27
"71",4162000,2094000,2654000,2192000,1607000,4162000,2640000,2274000,1478000,2196000,2166000,2607000,2622000,1498000,1320000,2494000,2771000,2188000,2852000,2552000,2540000,2165000,1906000,2509000,2457000,2577000,108.081,44.6
"72",4951000,2452000,2700000,389100,1670000,2860000,2587000,2496000,1477000,2235000,2573000,4951000,2669000,1386000,1418000,2622000,2848000,2408000,2648000,2812000,2646000,2080000,2408000,3731000,2667000,2734000,108.081,44.94
"73",7141000,2836000,3028000,4290000,1797000,6158000,5822000,2871000,1794000,4769000,2984000,4508000,2978000,1419000,1584000,3149000,2986000,7141000,2721000,3142000,2839000,2651000,2719000,3949000,2903000,2924000,108.081,45.32
"74",3194000,1507000,2564000,2419000,1504000,3123000,3194000,1926000,1320000,2358000,1845000,2862000,2468000,1326000,1211000,1577000,2059000,2350000,2109000,1990000,2245000,1647000,1952000,2475000,1847000,2186000,108.081,45.86
"75",2512000,1836000,1675000,1739000,1440000,2484000,2317000,1553000,1074000,1693000,1045000,2512000,1733000,985200,1572000,1556000,1432000,1565000,1275000,1624000,1549000,903900,1393000,1499000,1354000,1812000,108.081,46.32
"76",3141000,1935000,2151000,3068000,1522000,2936000,3141000,2060000,1690000,2733000,2063000,2765000,2150000,1130000,1410000,1960000,2098000,2749000,1994000,2124000,1971000,1809000,1915000,2698000,2015000,2137000,108.081,46.75
"77",1957000,1748000,1841000,1730000,1222000,1891000,1744000,1816000,1132000,1778000,1776000,1927000,1818000,1066000,894400,1820000,1574000,1957000,1509000,1747000,1498000,1068000,1678000,1379000,1766000,1638000,108.081,49.15
"78",5505000,2391000,2646000,2749000,1968000,2571000,2757000,2686000,1825000,5505000,2656000,2759000,2683000,1562000,1286000,2426000,2557000,2608000,2115000,2637000,2638000,2088000,2715000,4576000,2275000,2725000,108.081,49.58
"79",6333000,2926000,3167000,3004000,2625000,3200000,3187000,3377000,2137000,2945000,2934000,3602000,3252000,1664000,1825000,2938000,2868000,6333000,2214000,3207000,3013000,2451000,3297000,2506000,2657000,3277000,108.081,50.06
"80",9571000,3547000,3788000,3726000,3021000,3655000,3943000,3983000,2794000,3614000,3840000,9571000,3826000,2143000,2207000,3684000,3587000,3951000,3411000,3762000,3918000,3501000,3806000,3572000,3593000,4144000,108.081,50.4
"81",33940000,9180000,8299000,8627000,5630000,8874000,9103000,8275000,5334000,33940000,8317000,29810000,8153000,5024000,5027000,9114000,8196000,8253000,8662000,9066000,8202000,8793000,8126000,30900000,8816000,8407000,108.081,54.44
"82",31510000,8818000,8429000,2204000,5465000,8929000,2698000,8230000,5302000,9087000,8331000,8128000,8446000,5086000,5052000,9114000,8704000,31510000,8726000,9271000,8565000,9017000,8427000,8788000,8801000,8197000,108.081,54.75
"83",34480000,7381000,7328000,34040000,4547000,7442000,34480000,6823000,4397000,3759000,7280000,7197000,7089000,4443000,4238000,7697000,7334000,6861000,7280000,7715000,7164000,7549000,7070000,2142000,7703000,6858000,108.081,54.82
"84",6760000,6273000,5971000,6267000,3846000,6350000,1876000,5784000,3722000,6760000,5877000,5840000,6032000,3586000,3595000,6568000,6289000,5812000,6191000,6587000,6094000,6399000,6050000,6061000,6197000,5792000,108.081,54.83
"85",1784000,290300,201100,274200,719400,249300,226300,247800,296100,316800,224800,249800,267700,294200,146900,249800,584300,199700,289800,223700,227200,275600,248900,1784000,263700,217500,109.028,0.47
"86",2636000,432700,879100,686500,1680000,185100,357000,2636000,1408000,561000,836200,1079000,400400,217200,940600,7048,355700,1298000,1868000,476800,553000,998900,1610000,508800,1349000,662700,109.101,15.4
"87",2518000,343600,798000,536400,2001000,178000,316100,447600,1273000,468000,660400,820000,321700,203800,849200,7437,435700,1032000,1456000,407700,469400,475400,1196000,400500,2518000,545300,109.101,15.45
"88",55810000,43880000,51710000,47100000,55810000,34790000,47960000,38720000,36470000,44680000,35610000,40560000,44630000,47140000,33960000,40050000,46520000,44300000,29360000,38450000,34920000,27210000,36540000,35810000,45260000,25640000,110.009,1.44
"89",605100,307600,306600,305800,489500,311300,325200,281500,605100,313000,301500,291800,288600,591100,531200,316500,305400,318300,324300,314800,294600,321300,293900,310900,308200,281100,112.985,0.41
"90",1346000,1291000,1295000,567000,575800,575100,591100,512400,560600,1346000,529100,521800,525100,550600,629400,574800,566400,575600,590000,573900,514600,1331000,531700,582900,578400,1166000,112.985,0.84
"91",1383000,550800,523000,1287000,589100,558600,566900,1169000,1128000,545000,1233000,507300,1282000,1190000,604800,1362000,1290000,1316000,1380000,565500,1197000,569100,1214000,1332000,1383000,496500,112.985,1.07
"92",1399000,208500,132800,212900,211500,189100,179700,287900,120100,151200,197000,250700,165700,207000,240800,155100,292700,203000,115000,1399000,239600,271700,251000,249400,120600,322300,112.985,1.44
"93",1197000,207200,87580,119400,117000,163600,131700,279700,167400,81120,172700,1197000,124600,126700,167800,85380,291900,177100,139900,148500,238300,244600,241100,223500,91800,321000,112.985,1.45
"94",1473000,375100,392800,459700,569900,509500,337300,478700,426000,245200,365200,378200,492100,441700,547200,475900,543500,413600,1473000,351300,393400,360400,497300,574200,416300,399800,112.985,21.26
"95",1680000,461500,430400,513700,597200,558500,383100,559500,477500,284900,416700,463500,567500,472100,618100,545700,606500,475000,1680000,418800,461700,413700,596100,648100,502800,459500,112.985,22.83
"96",3519000,1739000,749700,707800,907000,802400,608300,772000,1035000,625200,627800,706800,850000,694800,952300,940700,3519000,766300,1004000,668900,666000,651200,822700,936400,777000,770100,112.985,28.26
"97",3105000,622600,750600,809600,903400,808300,633100,837000,3105000,563800,704400,735800,903100,729400,1077000,953800,920100,747300,901800,660500,686400,678700,821700,958400,771100,798200,112.985,29.67
"98",3140000,802900,841000,889500,1003000,879000,1894000,913900,921000,2045000,3140000,819200,976100,731200,1188000,1123000,999500,837200,831400,2603000,806100,749000,902800,1043000,795400,930500,112.985,30.4
"99",4066000,847400,923300,922400,1109000,885900,777200,939500,3159000,648600,797700,853000,1008000,749300,1193000,1107000,1033000,886500,4066000,843900,846600,2398000,948100,1076000,883600,961600,112.985,30.49
"100",2098000,921600,951100,947400,1178000,951100,562100,1048000,1050000,2098000,814900,890100,1038000,897900,1392000,1109000,1047000,933000,1185000,778000,772900,786000,926300,1083000,877300,947500,112.985,31.49
"101",3854000,1018000,1039000,1204000,1209000,1040000,1006000,1123000,1269000,2460000,848000,1013000,1153000,934000,1419000,1162000,3854000,1027000,1283000,848700,814500,808900,1034000,1157000,979200,1150000,112.985,31.91
"102",1299000,1034000,1046000,1064000,1237000,1044000,1053000,1152000,1179000,778900,863200,1008000,1132000,940700,1299000,1175000,1278000,1134000,1254000,890400,819700,877900,1001000,1154000,1003000,989600,112.985,31.95
"103",3253000,950300,1052000,1085000,1476000,1075000,981500,1097000,1149000,754100,900300,1014000,2190000,1007000,1355000,1149000,953000,3253000,1202000,3063000,838500,909400,2946000,1148000,1018000,1005000,112.985,32.25
"104",3678000,1019000,1026000,984400,3678000,1054000,732900,1069000,1146000,766200,885400,995700,1104000,1850000,1294000,1106000,1138000,1037000,1255000,843000,817900,909300,1e+06,2212000,2837000,1001000,112.985,32.55
"105",2261000,1049000,1041000,1003000,1269000,1056000,584800,2261000,1108000,791600,907800,1004000,1091000,1207000,1266000,1134000,1115000,1054000,1207000,844000,840100,899200,1015000,1112000,1003000,950700,112.985,32.91
"106",4284000,2985000,1058000,1881000,1271000,1340000,897900,1116000,1175000,1557000,2765000,2897000,1239000,1640000,1251000,4284000,1153000,1081000,3620000,865100,864700,911400,1041000,1116000,1033000,1020000,112.985,33.23
"107",3797000,973300,3797000,983700,1289000,1025000,864100,2564000,3381000,842600,929800,2646000,1098000,1232000,1341000,1140000,1135000,1132000,1254000,871700,916300,937400,1087000,1119000,979900,1050000,112.985,33.61
"108",3062000,948400,1047000,939500,3062000,1034000,864000,1066000,1076000,821700,1522000,1046000,1069000,1104000,1376000,1170000,1121000,1038000,2009000,912900,933900,925000,985100,1105000,1598000,1052000,112.985,33.96
"109",1819000,1056000,1074000,1009000,1276000,1022000,865300,1077000,1226000,914400,957200,1040000,1043000,1417000,1310000,1190000,1118000,1819000,1254000,953500,934400,963500,1669000,1148000,1026000,1026000,112.985,34.24
"110",3338000,3338000,1066000,992000,1237000,2961000,868000,1045000,1196000,868000,990900,1037000,1060000,1580000,1253000,1167000,1086000,912200,2679000,950100,925800,977300,946800,1136000,1058000,1029000,112.985,34.67
"111",4167000,1033000,1014000,994200,1241000,1060000,938700,1059000,1229000,943600,984400,1060000,4167000,437400,3665000,1200000,1134000,3690000,1222000,952100,920800,1009000,1021000,1126000,1059000,1023000,112.985,35.05
"112",4077000,998700,1055000,1018000,1182000,4077000,928200,1037000,1187000,1027000,986800,1038000,2718000,1095000,1201000,1095000,1082000,1072000,1189000,971000,967500,993100,1059000,1102000,1056000,1018000,112.985,35.8
"113",2829000,982800,1022000,1209000,1224000,1115000,1365000,1082000,1497000,2811000,1136000,990200,1249000,1065000,2829000,1077000,1060000,1029000,1112000,926900,964700,966700,1013000,1534000,1005000,985300,112.985,36.74
"114",3044000,1107000,1175000,1096000,1348000,1137000,1101000,1116000,1481000,1100000,1141000,1092000,1119000,1265000,1490000,1182000,1214000,1134000,1165000,1164000,1089000,1123000,3044000,1187000,1114000,1112000,112.985,41.66
"115",4057000,1094000,1136000,1062000,4057000,1216000,1187000,1439000,1764000,1093000,1129000,1014000,1144000,1374000,1365000,1142000,1251000,1446000,1026000,1148000,1103000,1361000,1512000,1101000,1330000,1097000,112.985,42.57
"116",1628000,1110000,1064000,971700,1628000,1252000,1230000,969100,1227000,1052000,1056000,959800,1142000,1360000,1224000,1020000,1223000,1025000,961400,1123000,971800,994100,937700,1047000,987000,1082000,112.985,42.77
"117",3337000,2119000,1243000,1088000,1181000,1214000,3337000,1632000,2218000,1976000,1218000,1115000,1204000,1373000,1460000,1206000,1292000,1810000,1119000,1304000,1121000,1122000,1106000,1181000,1110000,1224000,112.985,43.28
"118",1798000,1159000,1311000,1140000,1384000,1263000,1263000,1083000,1434000,1079000,1153000,1158000,1261000,1448000,1574000,1237000,1231000,1169000,1249000,1336000,1169000,1137000,1137000,1798000,1123000,1193000,112.985,43.46
"119",4073000,1096000,1326000,1096000,1450000,1270000,191200,1122000,1450000,1071000,1774000,1191000,1209000,3046000,1543000,2560000,1278000,1125000,1302000,1336000,4073000,1945000,1169000,1164000,1190000,1249000,112.985,43.56
"120",5437000,2474000,1306000,4095000,1643000,1336000,2489000,1220000,3109000,2708000,2835000,1263000,1306000,1422000,5437000,1849000,1261000,1300000,1273000,1338000,1265000,1253000,4087000,1709000,1253000,1269000,112.985,43.95
"121",4102000,1133000,1253000,1184000,1563000,1277000,1313000,2782000,1636000,1127000,1258000,1244000,1255000,1489000,1547000,1239000,1298000,2823000,1202000,1344000,1199000,2632000,1165000,1300000,4102000,1278000,112.985,44.11
"122",3010000,1168000,1268000,1448000,1648000,1268000,1238000,1179000,1544000,1060000,1179000,1253000,1261000,3010000,1507000,1249000,1296000,1207000,1309000,1281000,1269000,1167000,1160000,1335000,1152000,1267000,112.985,44.6
"123",4356000,1229000,1216000,1188000,1706000,1354000,1285000,1249000,1518000,1169000,1244000,1281000,1215000,1543000,2215000,1306000,1323000,1258000,1301000,1299000,4356000,1507000,1256000,1741000,1249000,1266000,112.985,44.79
"124",5531000,3331000,1377000,2116000,1634000,1374000,1448000,3533000,5531000,1267000,4379000,1304000,1327000,2388000,2159000,4398000,1303000,1398000,1198000,1389000,1290000,2572000,1284000,1339000,1320000,1368000,112.985,45.29
"125",4703000,1228000,1395000,1274000,3122000,1320000,4703000,1325000,1701000,4198000,1325000,1190000,1324000,1595000,1468000,1250000,1303000,4431000,2842000,1345000,1313000,1263000,4401000,2855000,3377000,1369000,112.985,45.4
"126",2108000,1271000,1304000,1190000,1604000,1294000,1313000,1209000,1521000,1178000,1184000,1207000,1253000,2108000,1381000,1195000,1202000,1237000,1219000,1144000,1256000,1150000,1182000,1240000,1050000,1226000,112.985,45.63
"127",1977000,877000,911700,984100,1323000,924900,899900,901800,1126000,566900,579600,892800,859600,1314000,1977000,620200,706000,603600,634400,568100,607400,576100,645500,778000,559200,901700,112.985,45.86
"128",1829000,992400,911000,676400,1029000,901900,952800,776700,962800,801800,736200,937400,1506000,1249000,1829000,818900,796800,732400,727000,1368000,1481000,602500,718200,615100,683700,1537000,112.985,46
"129",947700,506800,859500,834000,774400,702900,781700,636100,947700,779700,767700,598100,636400,530100,905100,708000,720400,776500,749300,596900,645400,680600,759200,741500,757400,696500,112.985,46.53
"130",723500,474500,495100,512400,710100,475600,531900,513700,704300,514400,528300,461400,530700,723500,629100,480000,482800,537300,516200,493400,493000,492800,495100,527400,511500,537400,112.985,46.62
"131",389600,203900,354300,343800,389600,172200,158800,311600,374200,180500,197400,196000,175100,257900,323300,141600,149000,200700,210600,162300,357600,134600,202300,221700,215100,209200,112.985,47.04
"132",423100,256600,134300,263600,360300,318900,320000,283100,412500,102100,230700,294500,314100,294500,423100,106400,242200,105200,197100,280300,249400,87560,257600,188000,113300,308200,112.985,47.31
"133",242200,132000,122300,124400,234700,154300,144100,141000,170200,128600,106700,144900,130400,145100,198500,242200,116500,221700,110100,126900,113900,92100,116600,87410,201700,131100,112.985,47.81
"134",263700,99760,123800,118100,263700,131700,125800,100900,154300,105800,85970,116100,125400,135500,150600,86140,91160,73910,69060,114200,177300,78670,119100,79230,74830,119300,112.985,48.51
"135",647600,145500,272400,144200,352300,145600,319800,428600,218600,447500,135600,139200,435500,647600,168000,359800,262800,398500,123000,401700,127200,292600,133400,251700,397100,315500,112.985,49.19
"136",642000,145200,136700,296200,236900,153400,159300,141700,642000,143200,393600,138200,148400,209000,168200,122100,132600,132700,239700,137700,264700,130300,142800,130800,130800,155300,112.985,49.35
"137",437700,126900,120600,131600,437700,151200,141100,132100,197000,130400,117600,133500,134200,194000,175100,111100,120800,115600,94020,126400,122700,109600,125900,111200,112300,132400,112.985,49.7
"138",782100,130700,143300,138400,276200,128600,150300,141000,239900,132800,135300,138900,150000,782100,172100,114200,123600,127900,118200,126200,134800,111800,142700,118600,120200,148200,112.985,51.66
"139",787000,270700,268700,86840,187400,80470,90400,82820,505300,140500,106100,101100,98590,170700,111300,787000,90290,136200,85960,80340,70810,77540,113900,127700,264900,268900,112.985,54.89
"140",824800,217100,227300,235200,167800,69460,241700,58420,429600,224200,213200,232600,224300,115500,84520,215900,198500,217800,824800,201700,223900,194400,226900,191300,226000,213800,112.985,54.95
"141",1417000,149800,100900,100100,1164000,1409000,1417000,231900,115400,71380,87150,249700,106900,174200,1302000,43980,229000,92500,96730,11000,182900,183500,193300,182700,94670,265200,112.986,1.52
"142",6048000,3723000,1301000,4361000,947900,675000,2687000,6048000,4531000,1818000,1126000,3096000,2061000,2051000,494700,680700,1630000,3268000,1446000,2004000,422000,1481000,1060000,990800,1995000,2928000,113,1.85
"143",5923000,4721000,4050000,2464000,512200,1948000,5923000,3918000,3864000,4363000,1560000,1638000,1380000,1560000,337600,2821000,3401000,2257000,832100,2744000,86780,2315000,945600,1520000,1490000,1989000,113,2
"144",231600,11600,43370,9583,228800,11050,11430,26120,100100,11630,11940,12820,12980,231600,162400,11570,11630,10840,11040,12050,13330,11150,13250,11200,10620,13420,113.071,0.4
"145",14540000,7840000,6629000,6530000,5581000,6635000,7119000,5914000,14540000,7977000,8516000,7320000,7144000,8569000,6011000,6733000,6708000,8138000,6999000,6808000,6661000,7284000,6717000,6918000,7982000,5728000,113.964,0.25
"146",12140000,6769000,7113000,6323000,10200000,7376000,6911000,7011000,6321000,6726000,7431000,7176000,6992000,12140000,9202000,6872000,6938000,7354000,7116000,7402000,8454000,7325000,7665000,6816000,6968000,7185000,113.964,0.43
"147",1909000,860700,734600,947500,1709000,1159000,788300,1311000,886900,681800,800200,1029000,1478000,1455000,1909000,829000,981900,866400,1352000,622400,1779000,909200,1234000,1238000,914000,1116000,113.964,7.21
"148",5819000,994000,667100,1041000,167500,1051000,842700,1290000,194000,644800,827500,950700,1350000,5819000,2037000,824900,1036000,891100,1127000,763400,1502000,834900,1190000,1107000,992800,1036000,113.964,8.56
"149",3403000,549400,24500,702500,594300,657400,529500,3403000,90960,1547000,2006000,567300,850000,631300,3296000,255400,2315000,656500,2444000,510700,957200,2223000,1791000,1436000,635500,540400,113.964,11.91
"150",2418000,292300,358800,480100,830300,499300,384300,583800,610000,555000,525200,565600,624300,490400,2418000,455200,5e+05,505800,831400,1543000,987600,4e+05,1349000,479800,412700,900600,113.964,19.98
"151",3106000,498200,407500,480900,3106000,556900,389300,556500,677300,534000,510600,552300,607000,651100,864300,409600,499400,479200,1005000,409600,963700,400100,1246000,504000,1447000,574600,113.964,20.58
"152",2121000,141900,421800,487500,918700,523700,380100,595300,643500,313700,511100,516100,2121000,1347000,2060000,451600,473700,467800,412500,405800,977000,377300,759400,506100,497700,598400,113.964,21.05
"153",2461000,555900,417400,443500,1521000,501700,398900,580000,2461000,310700,499200,527800,585300,614300,981700,436700,70170,474400,418300,329800,939300,381200,156900,465700,416400,518300,113.964,22.11
"154",2672000,567300,415100,458700,1107000,515700,400900,591900,649100,319400,538900,532700,611400,676200,966300,413000,485200,499700,473100,421300,1019000,385900,2672000,468400,482900,565500,113.964,23.41
"155",2771000,550500,437600,464200,1110000,519900,1572000,567900,670800,332800,516500,558600,598200,2771000,1021000,450600,507300,488200,513100,477100,995600,391200,825200,509900,507400,582600,113.964,24.07
"156",1527000,569700,448200,462000,1079000,492700,433800,563000,668100,341000,542300,539800,579400,1527000,1036000,442600,505700,476500,548900,448600,1015000,392000,839200,508700,512200,551800,113.964,24.57
"157",1306000,604800,457100,446800,1125000,510400,413500,557400,682600,1306000,1135000,529600,608900,734800,1027000,472300,530700,510300,528400,442900,969700,410300,799600,488400,508300,602300,113.964,25.26
"158",1331000,609200,487100,1331000,1078000,498800,417800,609500,690600,559200,565300,533300,653700,740100,1066000,489100,540700,507600,541300,465100,989800,413100,813000,511100,508200,584200,113.964,26.64
"159",2145000,547300,484500,462000,1037000,451700,420200,629100,671800,606800,590200,486800,2145000,684300,1036000,448400,544300,464600,202200,446800,915700,427400,726100,675100,491600,566400,113.964,27.97
"160",1050000,548500,503700,446700,963600,448700,425400,623400,631600,349300,569500,484000,1050000,673800,1041000,454000,564700,458000,508100,449400,843500,427000,703900,663400,472600,564300,113.964,28.47
"161",2442000,582900,549800,447100,962200,442200,449200,742100,641100,416400,579200,473800,556200,653000,1022000,494400,599200,483400,525800,736400,846400,441200,2442000,696400,448500,571000,113.964,28.77
"162",1805000,1315000,640700,447700,939200,421800,446400,623900,632700,782500,568200,432900,632200,1222000,1015000,499500,594500,486800,543200,70610,820900,435400,667500,687500,1805000,570300,113.964,28.97
"163",413300,370000,364600,361900,413300,309900,355700,276700,303600,358100,279000,303400,321500,402100,249900,301800,342900,321900,227800,319100,261500,251000,275200,302000,349700,208500,114.988,1.45
"164",10220000,1382000,4156000,160100,1296000,283900,1361000,1506000,2381000,1781000,2760000,880600,2229000,2655000,10220000,3346000,546900,1184000,1676000,1067000,174900,3785000,262800,2342000,247500,1571000,115.003,1.86
"165",8290000,885200,3648000,197100,936200,181600,1392000,801200,2316000,1551000,2250000,1036000,1968000,3312000,8290000,2815000,550400,197000,1676000,1047000,413600,812600,757300,2717000,373700,1496000,115.003,1.93
"166",6897000,488400,2778000,454000,671500,352200,1112000,1110000,1773000,1214000,1817000,94420,1627000,2591000,6897000,1342000,776700,603500,1398000,318600,48330,1844000,163600,2099000,118800,1219000,115.003,2.05
"167",6207000,446700,2403000,383900,696400,165600,972600,937300,1518000,1049000,1542000,184600,1402000,2137000,6207000,1437000,654800,516400,1262000,667300,268800,1536000,530900,1815000,259600,136700,115.003,2.09
"168",5088000,492700,357100,268800,572700,228100,459100,722900,179000,316500,490800,78770,938900,1638000,5088000,2971000,354100,234000,357600,80250,122700,444900,104200,370300,179300,119600,115.003,2.34
"169",39210000,7781000,39210000,2122000,3910000,21890000,12750000,1744000,2937000,31840000,18430000,14200000,1336000,3606000,21110000,16220000,7933000,18760000,17230000,3799000,415800,1339000,1071000,2228000,2206000,30950000,116.071,1.68
"170",1301000,1254000,500500,1301000,83220,398800,709200,1084000,156400,175300,640100,1019000,848500,81280,171900,1200000,760900,503600,159300,575100,162300,169100,431800,474200,242800,806000,116.928,0.24
"171",1105000,1105000,491700,944000,21540,408200,553600,912000,192000,158400,509300,816300,890000,76440,226800,608700,689500,449100,78220,463600,149900,60700,174400,460200,248300,764100,116.928,0.43
"172",1752000,620700,803200,1558000,1168000,581900,543100,814800,1091000,620700,746900,811500,842100,620700,1752000,712400,833100,772300,756900,620400,569200,801200,824100,840100,862600,903900,116.928,34.42
"173",2047000,859800,1143000,1179000,1576000,762800,719500,1108000,1426000,732400,1010000,1060000,1113000,862200,2047000,956300,1113000,1112000,1015000,795900,776600,895300,1097000,1136000,1063000,1141000,116.928,34.86
"174",2644000,1286000,1795000,2644000,2158000,1323000,1234000,1763000,2080000,1275000,1720000,1699000,1741000,1533000,2517000,1423000,1792000,1687000,1587000,1307000,1425000,1351000,1719000,1759000,1571000,1804000,116.928,35.78
"175",3111000,2115000,2400000,2500000,2998000,2016000,2096000,2447000,2832000,1999000,2370000,2531000,2584000,2130000,3111000,2253000,2478000,2440000,2416000,1864000,2056000,1937000,2417000,2470000,2226000,2440000,116.928,36.71
"176",3172000,2156000,2539000,2350000,3043000,2078000,2249000,2563000,3056000,2028000,2510000,2564000,2654000,2247000,3172000,2356000,2563000,2589000,2577000,1946000,2189000,2076000,2525000,2683000,2334000,2571000,116.928,36.77
"177",3512000,2627000,2864000,2652000,3512000,2257000,2094000,2745000,3273000,2350000,2624000,2683000,2721000,2463000,3112000,2526000,2759000,2714000,2922000,2220000,2354000,2428000,2727000,2868000,2528000,2839000,116.928,37.18
"178",3443000,2760000,2976000,2458000,3443000,2206000,2304000,2698000,3150000,2242000,2753000,2614000,2781000,2621000,3165000,2734000,3010000,2742000,3029000,2457000,2515000,2492000,2604000,2817000,2601000,2903000,116.928,37.63
"179",3199000,2786000,3080000,2902000,3199000,2312000,2700000,2677000,2966000,2408000,2802000,2456000,2840000,2898000,2780000,3014000,3084000,2673000,3194000,2921000,2803000,2551000,2540000,2917000,2674000,3007000,116.928,40.54
"180",7826000,2791000,3199000,7826000,3069000,2651000,2760000,2922000,2946000,2422000,2893000,2653000,2877000,2707000,2828000,3275000,3093000,2761000,4150000,2977000,3018000,2684000,2648000,2904000,2905000,3141000,116.928,41.03
"181",3707000,2471000,2687000,1636000,2572000,2296000,2175000,2542000,2073000,1962000,2316000,2455000,2483000,2533000,2547000,2706000,2624000,2389000,3707000,2365000,2642000,2054000,1954000,2368000,2485000,2664000,116.928,42.57
"182",6994000,2705000,3533000,1619000,2635000,2339000,2385000,3827000,2547000,2382000,3057000,3582000,2659000,2257000,3766000,4459000,2810000,3255000,6994000,3253000,3787000,2678000,3480000,3116000,4333000,3256000,116.928,42.78
"183",8188000,2391000,3810000,3269000,3569000,2120000,2199000,4e+06,4033000,2264000,3389000,3994000,2458000,2516000,4157000,4774000,2758000,3538000,8188000,3743000,4285000,3513000,4194000,3891000,5428000,3281000,116.928,42.83
"184",4563000,1934000,2353000,2453000,4563000,2035000,2061000,2075000,2555000,1693000,2079000,2139000,2212000,2262000,2103000,2248000,2357000,1963000,2835000,2369000,2390000,1980000,1932000,2251000,2208000,2417000,116.928,43.14
"185",2310000,1843000,2133000,1295000,2310000,1939000,2052000,1963000,1924000,1610000,1960000,1907000,2128000,1835000,2109000,1813000,1996000,1839000,2197000,2073000,2088000,1734000,1853000,1806000,1751000,2223000,116.928,44.03
"186",2639000,2032000,2152000,2639000,2487000,2050000,2127000,2289000,2304000,1819000,2101000,2049000,2415000,1963000,2396000,1960000,2362000,2145000,2497000,2243000,2415000,2e+06,1972000,2299000,1991000,2372000,116.928,44.13
"187",3574000,2353000,2652000,2372000,3574000,2617000,2356000,2539000,2641000,1770000,2335000,2697000,2764000,3381000,2598000,2589000,2831000,2344000,2872000,2371000,3099000,2106000,2232000,2599000,2286000,2834000,116.928,44.63
"188",4335000,2737000,3058000,4335000,3919000,2967000,2869000,3116000,3197000,2279000,2893000,3174000,3260000,3074000,3079000,3215000,3288000,3036000,3336000,2644000,3195000,2566000,2835000,3199000,2620000,3328000,116.928,45.01
"189",3341000,1693000,2321000,1578000,2985000,2212000,2224000,2073000,2302000,1546000,2137000,2091000,2465000,3341000,1628000,1821000,2156000,2130000,1927000,1938000,2326000,1721000,1950000,2106000,1818000,2421000,116.928,45.32
"190",1741000,1047000,1222000,791400,1741000,1261000,1250000,1227000,1269000,948000,1120000,1251000,1282000,1711000,1239000,1014000,1241000,1125000,1094000,1132000,1298000,1009000,1143000,1222000,993400,1310000,116.928,45.8
"191",618800,483700,222900,548900,498800,618800,502400,489100,469100,462400,396900,435700,479200,304100,318400,500500,463200,421100,206300,422800,254700,311900,435400,479500,290200,295700,116.928,47.14
"192",18910000,1294000,1452000,12060000,1185000,15530000,5158000,1196000,2431000,1588000,8564000,3623000,2358000,2412000,18910000,6315000,3732000,2221000,2271000,2352000,311400,1414000,2628000,2968000,931600,473900,120.081,1.99
"193",16900000,1552000,1803000,16900000,1231000,14670000,7135000,1643000,2570000,2452000,9589000,3953000,2773000,4371000,13390000,7594000,5037000,2929000,2271000,2709000,348200,2639000,3146000,3555000,906000,514400,120.081,2.52
"194",25010000,2101000,2634000,22590000,914700,25010000,8606000,2255000,3297000,3211000,11100000,4423000,3233000,3757000,12600000,8817000,5593000,4076000,2560000,2947000,461300,1714000,4336000,4112000,911300,594800,120.081,3.18
"195",27390000,2050000,2159000,21030000,969400,27390000,8917000,2290000,3270000,3581000,12140000,4708000,3277000,2754000,14310000,5598000,6231000,4810000,2475000,3291000,468200,2988000,4099000,4487000,1194000,630700,120.081,3.24
"196",10610000,10610000,80840,78180,220300,109400,98160,212800,676000,199500,131300,285000,92350,217600,90140,276700,65920,280400,117700,108700,132800,193800,106300,98480,81650,94870,121.029,4.67
"197",18340000,1195000,8557000,1318000,332300,1318000,1189000,295700,638300,289000,1837000,363200,583000,500400,678800,18340000,475700,667600,11220000,623000,692400,509400,1469000,647000,430800,4554000,121.065,1.65
"198",8487000,1534000,7421000,724100,446100,773800,891100,336500,548500,699400,1643000,289500,370000,1073000,634300,8487000,350700,634500,4734000,680900,291700,574200,740300,581300,212800,3201000,121.065,1.82
"199",5116000,1098000,3423000,1034000,270100,1013000,832800,341900,407400,890900,1202000,266100,356500,1104000,483200,3539000,508400,515900,5116000,637500,336300,516100,877900,464500,198900,2015000,121.065,2.3
"200",9518000,1626000,335100,474900,5555000,352000,472200,310900,4596000,405500,376500,1485000,1481000,9518000,2920000,442300,342700,1545000,1590000,362500,321600,347400,314800,337600,359900,333700,122.097,0.32
"201",1722000,679300,1514000,1230000,831200,1604000,1214000,1419000,490600,1194000,1161000,606200,614200,1066000,788600,1276000,1602000,648600,681200,1632000,1458000,1595000,1474000,1604000,1722000,1408000,122.097,0.42
"202",6694000,450000,6694000,1234000,186200,1160000,660400,587500,788200,475900,5214000,460500,425500,439000,227800,443100,507200,620400,544500,595700,362000,480600,724300,504100,378600,566700,122.097,3.82
"203",7892000,475400,7892000,1365000,222500,1303000,740600,641000,829200,517200,6197000,479500,446000,554800,265500,345100,511900,677600,582500,649800,371100,518000,1522000,522100,404100,588800,122.097,4.15
"204",830100,680200,635700,783500,432700,773800,629400,724900,396800,457600,601900,694300,699700,355200,375600,691200,762000,685900,746300,674300,691100,664500,830100,771400,765900,660900,122.097,21.03
"205",1865000,709700,646400,784800,413300,797300,633500,722100,400100,468200,609100,695300,722400,416300,398200,690500,778500,679200,1481000,1865000,690600,683800,242300,836100,778400,687400,122.097,21.31
"206",1418000,788800,685900,795200,1200000,822300,668200,785000,441400,493300,619800,744500,751700,454000,404100,754200,710000,732700,659900,505100,680000,718000,99280,122800,1418000,658200,122.097,22.15
"207",3703000,3703000,1533000,1427000,841000,1402000,1366000,1311000,931000,1186000,1344000,1311000,1512000,706700,948200,1634000,1579000,1217000,1715000,1377000,1471000,1426000,1353000,1603000,1307000,1606000,122.097,29.44
"208",4891000,1568000,1576000,2878000,924500,1554000,1433000,1463000,985800,3855000,1439000,1419000,1602000,766700,1047000,1753000,1668000,4423000,1716000,1551000,1586000,1552000,4891000,1729000,1446000,1687000,122.097,29.75
"209",1907000,1431000,1620000,1623000,958100,1619000,1560000,1504000,1008000,1355000,1522000,1408000,1674000,1618000,1076000,1907000,1694000,1317000,1849000,304400,1653000,1670000,1485000,276100,1400000,1736000,122.097,30.15
"210",4649000,1671000,1688000,1735000,1247000,1681000,2191000,1559000,1099000,1643000,1605000,1477000,1749000,824300,1080000,1962000,1872000,1408000,1755000,1818000,1601000,4649000,2050000,1940000,1770000,1795000,122.097,30.36
"211",6671000,1933000,2135000,6671000,1266000,1969000,2017000,1957000,1308000,1715000,1940000,1807000,2074000,1025000,1299000,2273000,2215000,1804000,2263000,2161000,1981000,2031000,1951000,2217000,1863000,2170000,122.097,31.39
"212",6686000,2079000,2162000,2120000,1381000,2017000,2030000,2039000,1382000,4907000,2067000,1983000,2042000,1178000,1433000,2403000,2286000,1961000,2409000,2294000,2095000,2094000,6686000,2238000,2083000,2262000,122.097,31.8
"213",7310000,2135000,2270000,3815000,1396000,3101000,7310000,2068000,1443000,1904000,2134000,2010000,2291000,3693000,1474000,2495000,2354000,2003000,2467000,2393000,2194000,2147000,1987000,2348000,2286000,2205000,122.097,32.05
"214",2677000,2398000,2414000,2124000,1479000,2131000,2231000,2182000,1536000,2124000,2262000,2107000,2390000,1296000,1457000,2677000,2496000,2111000,2593000,2513000,2323000,2182000,2176000,2483000,2450000,2430000,122.097,32.5
"215",8833000,2642000,2665000,2612000,1668000,2371000,2595000,2415000,1650000,2173000,2505000,2264000,2573000,1547000,1664000,2681000,2684000,2379000,2840000,2743000,2481000,2385000,8833000,2696000,2736000,2531000,122.097,33.28
"216",8227000,2464000,2659000,6900000,1714000,2440000,8227000,6040000,1571000,2128000,2537000,2287000,2692000,5767000,1729000,2731000,2806000,2328000,2970000,2694000,2630000,2330000,2256000,2642000,2681000,2752000,122.097,33.71
"217",6273000,2652000,2859000,2876000,1766000,2612000,6273000,2604000,1888000,2326000,2469000,2441000,2809000,1627000,1776000,3074000,2931000,2567000,2954000,2882000,2723000,2578000,2467000,2885000,2872000,2971000,122.097,34.43
"218",9792000,7058000,3026000,6637000,1880000,2640000,2795000,2607000,1861000,5967000,2638000,2618000,2842000,1608000,1904000,3114000,9792000,5769000,3169000,2921000,2855000,2650000,5728000,3080000,2965000,3050000,122.097,34.68
"219",3444000,2634000,3163000,3057000,1889000,2903000,2908000,2735000,1847000,2633000,2944000,2829000,2964000,2476000,1917000,3112000,3141000,2820000,3444000,3141000,2979000,2852000,2595000,3095000,3193000,3232000,122.097,35.24
"220",12660000,3168000,3350000,5928000,2080000,3117000,5372000,11160000,2093000,5698000,3295000,3014000,5412000,1779000,2098000,3386000,3551000,5615000,3485000,3538000,3226000,11210000,5291000,12660000,5869000,3396000,122.097,35.51
"221",4331000,3032000,3312000,3106000,3360000,3219000,3384000,2970000,2033000,2788000,3281000,3052000,456700,2110000,2132000,3354000,3568000,3104000,3348000,3618000,3331000,3069000,4331000,3380000,3520000,3421000,122.097,35.94
"222",4335000,3275000,3566000,3511000,2156000,3348000,3540000,3310000,2156000,4335000,3450000,3124000,3625000,2096000,2212000,3862000,3813000,3244000,3613000,3854000,3436000,3259000,2818000,3632000,3597000,3587000,122.097,36.25
"223",11910000,3454000,3848000,11420000,2174000,3404000,3681000,1e+07,2320000,3184000,3609000,3132000,3677000,2109000,2295000,3985000,3895000,3373000,8391000,3980000,3536000,3423000,2669000,3733000,11910000,3673000,122.097,36.52
"224",11220000,3670000,3782000,3878000,5050000,3323000,3737000,3320000,2306000,6554000,3623000,2999000,3777000,2334000,2209000,4027000,4072000,11050000,3824000,4120000,3674000,3276000,3401000,3871000,3786000,11220000,122.097,36.92
"225",12500000,3613000,3724000,3716000,2434000,3118000,3720000,3355000,2228000,3211000,3576000,3154000,3745000,2343000,2269000,4063000,3864000,3181000,3784000,4146000,3590000,11220000,3087000,12500000,3699000,3797000,122.097,37.13
"226",15570000,3864000,4045000,3882000,2445000,3570000,3926000,3611000,2508000,4658000,3834000,3619000,15570000,2499000,2620000,4356000,4246000,3730000,5268000,4385000,4013000,3705000,3412000,3995000,4123000,4104000,122.097,37.63
"227",9844000,4122000,4300000,5336000,2651000,3453000,4113000,3775000,2649000,3705000,4069000,6367000,4122000,2460000,2727000,4487000,4620000,9844000,801400,4518000,4218000,3829000,5192000,4273000,4346000,4317000,122.097,37.98
"228",7585000,4240000,4432000,4373000,2723000,3782000,4293000,3956000,2672000,3866000,4275000,4992000,4279000,2536000,2776000,4651000,4438000,4097000,7585000,4625000,4342000,3955000,5378000,4399000,4419000,4310000,122.097,38.1
"229",12600000,4246000,4475000,4522000,2800000,4270000,4614000,4021000,2778000,4210000,4382000,6137000,4376000,2761000,2849000,4931000,4819000,4103000,4475000,4935000,4371000,4229000,3723000,12600000,4312000,4569000,122.097,38.68
"230",13530000,4790000,5022000,4722000,3336000,3957000,5034000,4441000,3279000,4458000,4923000,4176000,4842000,2990000,3236000,5254000,5124000,4548000,5149000,5521000,4929000,4482000,13530000,5066000,5050000,5067000,122.097,39.32
"231",12440000,4885000,5136000,4691000,3381000,4154000,4895000,4551000,3240000,4104000,4805000,12440000,4711000,3184000,3224000,5150000,5429000,4589000,5592000,5400000,4974000,4662000,4179000,5232000,5088000,5295000,122.097,39.75
"232",18930000,5323000,5331000,5209000,3347000,4629000,5406000,4442000,3165000,4774000,5135000,4568000,7560000,3173000,3258000,5533000,5696000,4962000,18930000,5747000,5123000,4721000,6885000,5276000,5228000,5455000,122.097,39.99
"233",6624000,5489000,5771000,5457000,3636000,5081000,5873000,5163000,3656000,5284000,5916000,5220000,5692000,3510000,3684000,6093000,6175000,5362000,6018000,6290000,5716000,5343000,6624000,5538000,5837000,5914000,122.097,40.66
"234",15640000,5586000,5927000,5560000,3671000,5421000,6084000,8007000,3746000,5416000,6047000,8069000,5742000,3599000,3638000,6037000,6270000,5514000,12380000,15640000,5683000,5524000,5001000,5632000,10850000,6006000,122.097,40.71
"235",17120000,5997000,6234000,5748000,3920000,6014000,6638000,5426000,3790000,17120000,5937000,5441000,6240000,3564000,3681000,6095000,6549000,5542000,6199000,6660000,5724000,5537000,5275000,5972000,6427000,6165000,122.097,41.17
"236",21380000,6619000,6294000,17160000,4634000,6890000,7175000,18020000,4679000,12790000,6722000,18070000,19220000,3970000,4469000,6798000,7420000,6697000,21380000,17920000,19650000,17850000,17330000,19730000,14410000,7398000,122.097,41.86
"237",13750000,6018000,6159000,1146000,13750000,6822000,6227000,5612000,3993000,4927000,5765000,6190000,6551000,4292000,3902000,6226000,7271000,5911000,6557000,3171000,6196000,6041000,4886000,6656000,6487000,7069000,122.097,42.13
"238",13640000,6408000,6695000,9078000,4366000,11970000,13640000,8611000,3825000,8998000,6655000,8551000,10270000,3895000,3837000,6313000,7374000,8795000,7393000,10560000,8874000,5666000,9566000,9721000,7421000,6785000,122.097,42.59
"239",11270000,11270000,6550000,5629000,5284000,7429000,7806000,5607000,3594000,2892000,6341000,5608000,2662000,5873000,3658000,6141000,8114000,5655000,4974000,7033000,5322000,8577000,5135000,5905000,5714000,6050000,122.097,43.1
"240",17890000,10860000,8168000,15280000,4019000,13460000,12130000,9084000,4952000,9235000,7733000,9597000,13100000,3831000,4755000,8022000,8807000,10030000,7465000,17890000,7624000,10570000,6750000,10500000,7733000,8372000,122.097,43.32
"241",23290000,6007000,8827000,7471000,5429000,8028000,8350000,6240000,4407000,7234000,7113000,5971000,8188000,8274000,4832000,6779000,7899000,5742000,23290000,8159000,14190000,6930000,14180000,6544000,14870000,8784000,122.097,43.8
"242",18290000,12090000,9463000,8325000,5790000,9181000,9368000,7986000,5419000,18290000,8487000,8561000,9187000,4421000,5514000,7089000,8478000,5774000,9212000,9226000,8958000,8038000,8081000,7776000,9029000,9178000,122.097,44.02
"243",20660000,8057000,9702000,14480000,6284000,14190000,20660000,13940000,6115000,7825000,9224000,9467000,9820000,2707000,5610000,9080000,10070000,8500000,10190000,10500000,13560000,17440000,12070000,14750000,15680000,10450000,122.097,44.28
"244",25020000,8728000,10640000,10070000,6803000,9683000,10620000,9216000,5991000,9078000,8813000,10040000,22380000,9187000,5761000,10130000,10700000,8829000,23730000,25020000,10240000,9231000,7474000,13680000,10030000,10710000,122.097,44.6
"245",26820000,26820000,11420000,10480000,6898000,12800000,11970000,10940000,6690000,10380000,11460000,11140000,19540000,5612000,6559000,11910000,12180000,10700000,10220000,12160000,10850000,9825000,10370000,1655000,11580000,11360000,122.097,45.2
"246",41110000,8566000,12020000,19850000,7110000,24610000,23560000,28580000,7215000,19190000,11870000,41110000,11400000,6001000,6154000,11760000,37340000,28320000,16880000,23210000,28680000,17680000,19780000,14590000,29460000,11770000,122.097,45.36
"247",11840000,6602000,11510000,6972000,7300000,1.1e+07,11840000,9835000,6330000,8400000,9800000,9577000,11400000,6713000,5193000,7067000,9935000,10060000,9834000,8109000,10460000,8797000,9170000,8388000,7944000,10610000,122.097,45.44
"248",16020000,6112000,9604000,9552000,7322000,11990000,9314000,7565000,5207000,9266000,7336000,11020000,1.2e+07,16020000,5334000,6291000,9987000,9213000,10780000,10150000,11710000,8227000,10200000,9980000,9264000,10900000,122.097,45.86
"249",16230000,16230000,5125000,7078000,6139000,9287000,9377000,7201000,4014000,6698000,3902000,9733000,8627000,5056000,6331000,6353000,7608000,5907000,6993000,7706000,6663000,5146000,6343000,6093000,5836000,8481000,122.097,46.32
"250",14370000,7707000,8273000,12010000,9160000,11620000,1.2e+07,11670000,6310000,10360000,7903000,10910000,8734000,2957000,5809000,7442000,10830000,10660000,10130000,11870000,14370000,9275000,10380000,10700000,10520000,11950000,122.097,46.74
"251",12290000,5811000,7453000,7402000,6289000,6922000,7515000,6509000,6422000,6434000,6800000,6910000,12290000,5224000,4755000,6493000,6865000,6765000,6243000,7421000,7481000,6135000,6569000,6923000,6564000,7386000,122.097,46.77
"252",8692000,3098000,6509000,2966000,3696000,3790000,3923000,3126000,5343000,3032000,5335000,3885000,3607000,8692000,4207000,5010000,3165000,3233000,3912000,3784000,6632000,3120000,3721000,2854000,3750000,4427000,122.097,47.01
"253",8108000,2932000,5257000,3436000,4751000,4801000,5487000,5314000,3713000,4796000,4954000,4743000,3316000,4721000,3334000,4372000,4113000,8108000,3572000,2810000,4192000,3853000,4224000,3443000,4468000,5281000,122.097,48.02
"254",10760000,4259000,5986000,6533000,4363000,5208000,6027000,5005000,4416000,8618000,5116000,5019000,8634000,3699000,3213000,4067000,4261000,4826000,3297000,7982000,4820000,6432000,5096000,6952000,6951000,10760000,122.097,48.15
"255",10960000,6127000,6525000,6990000,5955000,9991000,10960000,9789000,4320000,6441000,6112000,9970000,7848000,3004000,4175000,6436000,10510000,6036000,6054000,7240000,8978000,3432000,8623000,5451000,5822000,7334000,122.097,48.66
"256",9234000,5232000,6077000,6346000,5498000,7827000,6873000,6679000,4303000,5669000,5101000,7911000,7396000,3177000,3762000,5807000,7809000,5267000,4309000,6769000,6921000,3016000,9234000,4625000,4811000,6850000,122.097,48.68
"257",13780000,6561000,11770000,10710000,11020000,12730000,10060000,12630000,7318000,11090000,11800000,13780000,12080000,4071000,6732000,10900000,10260000,13170000,7435000,10890000,11540000,6e+06,3764000,9491000,11170000,10840000,122.097,49.02
"258",32650000,13740000,15010000,25310000,11870000,15760000,15330000,15430000,11070000,32650000,14850000,16270000,15710000,8275000,9058000,14080000,27490000,14340000,24380000,14780000,31610000,12010000,17030000,27870000,12560000,30480000,122.097,49.56
"259",30270000,13850000,15300000,15460000,13860000,16220000,15180000,15970000,11500000,14410000,14140000,17900000,16090000,8606000,9996000,14230000,14730000,14250000,10550000,30270000,16150000,11410000,16360000,14050000,12630000,15890000,122.097,49.73
"260",52880000,29100000,17480000,17150000,15160000,17610000,17980000,18330000,13430000,16480000,16800000,52880000,17790000,23960000,12220000,16520000,16080000,37290000,13450000,17190000,17210000,23980000,17720000,14230000,32960000,18410000,122.097,50.1
"261",72240000,24820000,24780000,25010000,20960000,25630000,26730000,25010000,20060000,25290000,24500000,23450000,23480000,15600000,18310000,25920000,24140000,25280000,72240000,25690000,24700000,26540000,24110000,25500000,25360000,24960000,122.097,51.28
"262",106200000,32600000,30260000,32240000,21410000,32430000,32790000,30190000,21950000,30210000,29870000,29220000,29800000,18090000,20720000,34200000,30580000,29490000,106200000,32930000,30930000,32010000,30690000,31730000,30120000,29340000,122.097,52.51
"263",1.42e+08,32880000,30980000,32960000,20110000,33880000,34910000,31550000,21050000,34900000,31130000,116700000,32130000,15850000,21440000,34220000,30950000,31390000,31850000,1.42e+08,32020000,33680000,31590000,30990000,33550000,30780000,122.097,53.4
"264",138600000,136600000,31490000,1.34e+08,32670000,138600000,35970000,32800000,22270000,34160000,31860000,31470000,126100000,18760000,21110000,36590000,126100000,126900000,33590000,35470000,33070000,35320000,127600000,32480000,33140000,126200000,122.097,53.74
"265",138300000,35060000,32250000,33830000,51110000,35010000,138300000,127500000,21820000,137600000,32560000,32550000,32470000,19190000,21030000,36490000,31700000,32280000,35860000,35320000,33970000,34650000,33420000,32520000,34380000,31630000,122.097,54.27
"266",136600000,35970000,32900000,34260000,21690000,35250000,35940000,32040000,21060000,35920000,32610000,31750000,32600000,62510000,20830000,35720000,33200000,32300000,34680000,36050000,33790000,136600000,32660000,125600000,34780000,32250000,122.097,54.67
"267",25700000,23030000,23140000,24550000,14900000,24990000,7304000,22580000,14670000,24980000,22880000,22650000,6866000,13940000,14840000,25700000,22930000,21230000,24330000,24200000,23980000,23700000,23560000,21940000,24210000,21100000,122.097,54.84
"268",28700000,27330000,27150000,5887000,16770000,27840000,8952000,7798000,17340000,14680000,2.7e+07,26590000,5483000,4920000,16600000,28700000,8303000,10450000,27240000,9038000,9761000,28130000,26160000,10980000,14160000,11810000,122.097,54.85
"269",835400,384100,164900,171300,110700,642600,202600,297600,665400,149300,531400,352600,480300,335600,165400,350300,205800,267600,427600,355300,433400,835400,361900,709800,134500,833600,122.925,1.52
"270",1121000,1121000,57870,135800,104400,69960,143000,130200,136200,236600,76250,68060,884000,178900,39720,68550,254600,96220,6041,5768,80110,72320,6166,181400,60170,62660,123.044,21.54
"271",15200000,731100,2652000,1398000,1528000,714700,1909000,1622000,5027000,1163000,1826000,2325000,1827000,1719000,15200000,5693000,1286000,2203000,9784000,1917000,2145000,1761000,3560000,1123000,2974000,1595000,125.986,1.45
"272",1504000,379900,348000,403800,510400,390900,362200,425400,402000,457600,503900,1504000,445800,491000,227700,373800,347700,460900,390000,371100,1485000,413100,409900,399300,1500000,393700,127.039,0.36
"273",5241000,3409000,1549000,2391000,5241000,1592000,1522000,1699000,1871000,1901000,1867000,4148000,4440000,819700,2596000,1498000,1512000,3049000,4497000,3437000,1953000,1736000,3794000,1664000,1894000,1686000,127.039,1.62
"274",3648000,1425000,1435000,1538000,2121000,934200,3648000,3306000,2282000,1682000,2908000,2341000,1763000,1070000,3265000,164900,2489000,1704000,1555000,1543000,2135000,3475000,1554000,1181000,2124000,3171000,127.039,1.7
"275",5032000,2034000,3742000,1618000,4107000,2498000,2473000,2372000,4552000,5032000,1696000,2661000,2872000,2269000,4648000,1248000,1707000,2030000,2771000,1899000,1819000,2069000,2430000,2655000,1913000,2040000,127.039,1.76
"276",2183000,902300,1118000,713600,1726000,1019000,1530000,270600,1099000,1979000,1140000,1165000,1394000,1625000,2183000,759100,922100,1131000,1544000,1114000,790700,1365000,213900,110800,795800,1181000,127.039,2.19
"277",1842000,47410,434200,306900,323500,263200,1172000,1842000,464000,798100,611000,318700,311900,399500,150800,358700,290000,1066000,1278000,307100,483400,498500,512600,308400,380400,366400,127.039,19.62
"278",1424000,289400,275200,733300,743700,276000,314300,328200,365400,440400,308700,290300,314800,333100,142000,271600,260600,317400,204300,1424000,546500,335700,444000,288900,896300,301300,127.039,21.21
"279",6604000,4961000,5024000,5212000,6604000,4129000,5218000,4051000,4758000,4998000,3883000,4254000,4602000,5598000,3712000,4300000,4743000,4659000,3160000,4338000,3734000,3320000,3774000,3951000,4635000,2894000,128.019,1.43
"280",978100,88550,133400,916100,160200,57530,696800,717500,148700,978100,120300,273100,121600,74410,208800,139100,121400,306200,68190,4228,480500,98810,648500,82620,401200,22470,129.055,19.22
"281",573900,51520,129200,277700,465300,35370,272800,296200,175700,231900,40780,210600,121300,76750,93620,55630,121700,196200,39160,5154,194700,79170,238100,82900,573900,70340,129.055,19.34
"282",8511000,1826000,1810000,3434000,3881000,2793000,6503000,3799000,1363000,7274000,5511000,7648000,6104000,1362000,1858000,2803000,1935000,4280000,8511000,7550000,2661000,4436000,4375000,1839000,2535000,4318000,130.05,1.78
"283",380400000,380400000,134100000,14340000,1380000,56860000,10210000,14230000,2981000,13620000,7977000,8808000,2966000,4976000,624300,20790000,11090000,29280000,12530000,13120000,1521000,5692000,2217000,13730000,705300,26520000,130.086,1.63
"284",156300,90690,50290,69350,54880,69850,32440,55040,45550,60130,62210,51210,110600,70180,44780,156300,33100,45880,59300,36900,35410,49240,42240,49200,45020,48880,131.035,0.38
"285",1094000,117000,244000,55450,54470,31400,102900,47860,16120,146100,69900,36790,3289,46200,60710,59270,63660,46910,1094000,92880,33180,59780,84200,5427,59100,222200,131.049,16.21
"286",9166000,9166000,313200,1475,5983,8177,107900,91450,2722,43650,30850,1215,2263,NA,11560,1155,131200,27060,422.3,20000,418.8,42150,12230,1288,1262,546.8,132.045,3.32
"287",26570000,19630000,9343,267600,259500,15700,12550,213900,4637,275500,25540000,240700,22690000,11500000,1554,4122,143600,217500,9543,157900,79680,14140,133700,26570000,201300,14490,133.014,1.54
"288",1.97e+08,16680000,72870000,6978000,9150000,22720000,25320000,25880000,45790000,26560000,46450000,19170000,41180000,54870000,121700000,1.97e+08,17520000,14530000,28390000,17890000,6904000,42090000,11380000,49070000,4487000,35650000,133.014,1.65
"289",156700000,11820000,45190000,7648000,7865000,16040000,13260000,20420000,34790000,29050000,36250000,11330000,40520000,33310000,156700000,22970000,11260000,14280000,28470000,14430000,7387000,45990000,6319000,55170000,2797000,3528000,133.014,1.81
"290",118200000,10990000,50730000,5019000,8584000,15710000,15320000,17980000,31470000,17140000,29640000,13030000,28210000,39870000,118200000,26540000,12560000,8761000,23110000,11400000,4622000,27600000,8432000,17500000,3345000,3049000,133.014,1.85
"291",100600000,8414000,38140000,1836000,4324000,11890000,12160000,13070000,23830000,13340000,23950000,9768000,21410000,30630000,100600000,25810000,9357000,6830000,20550000,8137000,882600,22190000,2674000,27390000,2742000,4855000,133.014,1.98
"292",75960000,5726000,7474000,2556000,4226000,7633000,4435000,7950000,15050000,7240000,15350000,6187000,14250000,16590000,73880000,75960000,5793000,4303000,13050000,4598000,1555000,12770000,3882000,1.8e+07,1667000,7812000,133.014,2.17
"293",80960000,6762000,4915000,455900,4994000,2967000,4099000,9094000,10600000,5362000,9401000,1569000,1.2e+07,20380000,80960000,54070000,3547000,4793000,15250000,5760000,1613000,16520000,2661000,2898000,961800,6482000,133.014,2.23
"294",56780000,4350000,14590000,726800,2935000,2152000,4411000,5169000,7413000,4836000,10120000,5302000,10100000,10340000,56780000,53890000,4040000,2795000,998200,2954000,1286000,8790000,2593000,4255000,1193000,6423000,133.014,2.38
"295",40790000,3025000,11690000,1377000,2050000,3060000,2887000,2360000,6823000,3304000,6936000,2771000,7311000,6239000,40790000,37530000,2655000,1950000,3755000,1861000,841000,5960000,1847000,7481000,217600,4198000,133.014,2.58
"296",27620000,1877000,6191000,959600,1397000,2099000,401100,2174000,3830000,1969000,4547000,1565000,4452000,3155000,27620000,22580000,1583000,1193000,379700,1046000,120100,3393000,1175000,507800,585700,533300,133.014,2.94
"297",346500,91460,131800,102400,346500,114000,45810,160600,211200,204800,131000,239900,250900,168400,168300,170800,102300,120200,70970,93310,91280,126300,105600,192500,71640,201300,133.014,48.91
"298",470600,129600,195600,92290,331900,149600,78240,257900,230400,187300,213700,283300,225200,392800,470600,157400,154400,168000,83530,134800,94570,174300,132000,177200,118800,207600,133.014,49.49
"299",296700,71240,139300,86150,226500,109800,111200,141200,163300,116000,123100,164100,166100,296700,201600,110100,85740,111100,37230,100900,51960,98970,100100,89030,73570,123000,133.014,50.03
"300",460500,76330,135500,83830,334700,96240,73090,141500,159600,121100,125600,156600,146000,460500,188300,123400,104300,130200,59710,95020,51160,131900,94160,116300,73520,58260,133.014,50.27
"301",7172000,8489,161900,60000,3e+05,144500,210000,248400,290000,442600,221800,82070,236200,54200,7625,7172000,83630,131500,62570,215500,69080,229700,130600,122100,34020,1e+05,135.029,10.3
"302",1928000,45850,239500,84790,530100,408500,197700,234200,317200,284100,202900,79760,221600,72190,40600,1928000,78810,126800,49740,198100,84120,196700,121600,117800,89520,29330,135.03,14.1
"303",2080000,66430,76070,61270,298900,141900,213400,245300,266700,294600,198800,190600,219700,102000,41010,2080000,80990,137600,48730,208500,80640,196100,119400,116500,52410,112500,135.03,14.79
"304",2996000,21580,76120,45600,295500,141100,218900,238000,750900,1046000,208800,76560,223800,57260,41390,2996000,83730,397500,49330,229700,95060,214900,124900,114400,53820,116800,135.03,15.18
"305",2363000,12250,80250,8934,283000,126400,208000,229900,726800,787100,193700,76310,214100,157100,29080,2363000,81880,120200,46230,215700,264100,202100,121300,108700,54570,112200,135.03,16.28
"306",2652000,16320,79590,109400,249300,131600,314300,217000,255800,829400,177900,76040,227100,11490,50200,2652000,124800,125500,135700,234400,80830,189100,116200,111100,53280,110200,135.03,18.3
"307",3322000,32060,170900,147000,228800,130200,190500,233900,249400,229900,185100,80420,208600,68730,49800,3322000,69220,121800,38120,213400,79180,181300,107300,96420,52590,114400,135.03,20.39
"308",1658000,40230,76210,59520,226000,128600,193500,221000,238700,227700,175900,74810,195100,51830,56900,1658000,70090,122800,6593,207500,74130,183400,108400,99710,51450,110500,135.03,20.7
"309",1896000,856000,104000,719100,429300,437200,1051000,450800,1007000,1032000,889400,721300,320100,993100,1274000,261500,715900,902400,185600,1810000,817100,630800,1896000,463400,1156000,628400,135.044,7.22
"310",2725000,557400,571900,569600,517100,352700,889300,456100,1115000,1197000,786700,680300,290600,937100,381700,179400,542200,792800,165800,1455000,794300,753400,1152000,418400,2725000,566300,135.044,7.45
"311",2198000,1069000,975900,742800,1015000,619400,1029000,440400,892100,1234000,809200,1033000,413300,2198000,280900,215400,588900,771900,436800,1552000,1054000,666800,1031000,447900,1010000,1003000,135.044,9.85
"312",2805000,2661000,2805000,1994000,1790000,2406000,1754000,757600,1288000,2250000,1289000,1964000,746700,1220000,460400,461700,1278000,1287000,1620000,2613000,1922000,1105000,1968000,658000,1962000,2302000,135.044,11.06
"313",5591000,2271000,1723000,1373000,1991000,1099000,1101000,499700,1288000,1828000,1300000,1783000,676200,1316000,2190000,545800,2255000,1188000,767800,2232000,1651000,1085000,1786000,685200,5591000,2173000,135.044,11.16
"314",3768000,1119000,710500,626100,1624000,499000,750000,322200,647100,642700,602500,874300,365300,3768000,417300,10130,528000,609700,510300,1052000,838400,524800,838700,353500,943000,989400,135.044,12.03
"315",913900,51760,86360,215300,63090,196400,526400,201500,160500,94370,504300,913900,198100,201000,16920,70280,125500,213300,24200,325900,207600,408500,133800,133600,123300,141600,135.044,26.06
"316",2373000,1850000,840800,481300,443700,2373000,127100,760200,199000,1022000,891900,857300,322900,440900,43700,813300,208300,1072000,1496000,727500,426600,931700,439200,882800,1053000,534300,135.045,0.31
"317",1987000,543900,472500,425400,208800,861900,497100,676000,511000,1167000,722100,225300,468600,546500,271100,652900,1987000,662000,134500,912600,132400,731500,330200,161700,136900,1666000,135.117,15.95
"318",6230000,2434000,6230000,144800,171200,63220,746100,503500,2894000,4773000,1980000,177900,140100,476300,3496000,809600,2545000,564000,7235,517200,171300,360900,383600,452800,666800,581200,135.117,19.62
"319",1072000,48110,72290,16260,107100,1072000,56610,41900,89440,71280,50470,56330,90550,43780,155800,111900,44610,64760,51950,94140,56360,17530,69900,47080,67730,54420,135.117,34.13
"320",6821000,4877000,5157000,4870000,6293000,4603000,5064000,4912000,2988000,4882000,5419000,5514000,5222000,6821000,6787000,4678000,5117000,5385000,4580000,4665000,5271000,4441000,5134000,5315000,4972000,5040000,136.022,0.44
"321",3190000,2120000,2427000,2247000,1268000,2198000,2348000,2178000,1524000,2277000,2359000,2989000,2264000,1383000,1540000,2223000,2382000,2354000,3190000,2122000,2282000,2030000,2186000,2371000,2157000,2076000,136.022,45.4
"322",3056000,1750000,2636000,1952000,1390000,2210000,2371000,2091000,1543000,2631000,2159000,3056000,2303000,1372000,2101000,2104000,2925000,2833000,2567000,1921000,2816000,2217000,2606000,2641000,2719000,2140000,136.022,45.93
"323",2902000,2457000,2571000,2509000,1709000,2448000,2883000,2623000,2027000,2144000,2902000,2541000,2493000,1895000,1574000,1931000,2243000,2321000,1900000,2548000,2371000,1888000,2236000,1441000,2021000,2853000,136.022,46.17
"324",2999000,2843000,2908000,2271000,1682000,2662000,2813000,2752000,2006000,2697000,2572000,2898000,2769000,1536000,2039000,2501000,2237000,2456000,2506000,2760000,2999000,2274000,2649000,2779000,2618000,2803000,136.022,46.59
"325",6290000,6290000,3359000,3026000,1973000,3023000,3143000,3180000,2207000,4501000,3231000,3372000,3067000,1634000,2467000,3052000,3272000,3182000,5477000,3073000,3244000,2057000,3015000,2599000,2946000,2962000,136.022,46.89
"326",7368000,2152000,3547000,4379000,2263000,6048000,7095000,4709000,5109000,1786000,4861000,7368000,6765000,2315000,5164000,4614000,4881000,4740000,2677000,6736000,3240000,3842000,4369000,4702000,6103000,3219000,136.022,47.07
"327",9212000,2112000,7326000,2668000,2359000,2230000,2657000,2469000,2358000,1809000,2306000,2827000,2684000,3387000,2267000,832900,2010000,1745000,2737000,2633000,9212000,1645000,2042000,2064000,2380000,8665000,136.022,47.25
"328",6444000,2774000,3096000,2656000,6444000,2573000,3198000,2680000,2569000,2494000,2569000,3153000,2999000,1691000,2709000,1648000,2614000,2325000,2149000,2860000,2551000,1803000,2678000,2124000,2163000,2682000,136.022,47.8
"329",7864000,3248000,7593000,6340000,5853000,3671000,7541000,6264000,6170000,6407000,6234000,7864000,7073000,2952000,7581000,6144000,6411000,5753000,4988000,6671000,6697000,4590000,6556000,5549000,5301000,6619000,136.022,48.06
"330",10740000,2948000,3899000,4860000,2707000,10740000,3801000,3797000,3106000,3388000,3193000,5434000,4970000,6708000,3450000,3212000,4611000,3226000,2390000,4694000,4290000,2656000,3209000,4207000,2941000,4381000,136.022,48.62
"331",8941000,3378000,3713000,3239000,3392000,3244000,3801000,3223000,3320000,3625000,3918000,3865000,3848000,3018000,3995000,3412000,3458000,3761000,8941000,3495000,3009000,2124000,3327000,3381000,3320000,2969000,136.022,49.07
"332",10540000,3496000,9171000,3524000,2770000,3491000,4004000,3501000,3362000,3613000,4273000,4179000,7932000,3052000,3953000,10540000,3752000,3820000,3214000,3600000,3336000,2628000,3496000,3520000,3382000,3230000,136.022,49.24
"333",12320000,3532000,4396000,3662000,3005000,3714000,3907000,7982000,10020000,3731000,12320000,8712000,4180000,3191000,4241000,3607000,3775000,11570000,3099000,3690000,6355000,5865000,3545000,7480000,9851000,3477000,136.022,49.47
"334",9286000,3378000,4148000,3610000,2966000,3660000,3836000,3687000,3493000,3639000,3868000,4232000,3951000,9286000,4136000,3430000,3633000,3711000,2667000,3686000,3054000,3014000,3450000,3437000,3039000,3438000,136.022,49.82
"335",9598000,3478000,4161000,3597000,3078000,3719000,3966000,3667000,3667000,3722000,9598000,4455000,4014000,3146000,4095000,3525000,3738000,3991000,3132000,3627000,3335000,3279000,3494000,3739000,3265000,3512000,136.022,50.16
"336",11300000,3513000,4248000,3670000,3107000,3567000,3779000,3625000,3770000,3606000,4197000,4326000,3755000,3440000,4142000,3445000,3732000,4036000,11300000,3562000,3395000,3063000,3476000,3551000,7583000,3253000,136.022,50.43
"337",4345000,3461000,4236000,3516000,3044000,3472000,3768000,3604000,3565000,3748000,4345000,4327000,3874000,3311000,4057000,3707000,3626000,4275000,3264000,3559000,3295000,3101000,3463000,3617000,3754000,3383000,136.022,50.92
"338",14300000,3268000,4356000,3391000,3037000,3346000,3697000,3581000,3627000,3403000,4227000,4296000,3806000,3270000,14300000,3361000,3697000,3998000,3155000,3365000,3208000,3103000,3395000,3608000,3237000,3305000,136.022,51.77
"339",10650000,3378000,4098000,3368000,3181000,3330000,3647000,3518000,3715000,3359000,4222000,4226000,3752000,3316000,4007000,3274000,3451000,3984000,10650000,3333000,3238000,3066000,3321000,3515000,3156000,3240000,136.022,52.15
"340",12410000,3219000,3947000,3240000,2949000,3229000,3567000,3526000,3506000,3263000,3945000,4085000,3658000,3342000,3474000,3321000,3443000,3975000,2895000,3368000,3105000,2986000,3251000,3498000,12410000,3170000,136.022,52.53
"341",13630000,3226000,4045000,13270000,10170000,3208000,13630000,3513000,3431000,3371000,4017000,4285000,3609000,3002000,3836000,3257000,3556000,3906000,3122000,3229000,13190000,2968000,13320000,3331000,3199000,3070000,136.022,53.39
"342",16930000,3281000,4010000,3412000,2928000,12930000,3483000,3530000,13510000,3293000,8930000,16930000,3726000,3197000,3848000,3232000,3611000,3894000,3141000,13280000,3389000,3141000,3332000,3435000,3159000,3180000,136.022,53.65
"343",12600000,3242000,4011000,3315000,2899000,3283000,3569000,3514000,3460000,3315000,4266000,4134000,3796000,3283000,3876000,3263000,3471000,3955000,3053000,3290000,3271000,3052000,3365000,3421000,3185000,12600000,136.022,54.1
"344",15770000,3340000,15770000,3313000,2946000,3248000,3588000,3549000,3548000,13480000,8008000,4162000,3783000,3201000,3803000,12910000,3439000,15470000,3119000,3472000,3205000,11910000,3313000,13350000,3250000,3288000,136.022,54.38
"345",14130000,3372000,4078000,3290000,2937000,3271000,3560000,14130000,3595000,3440000,4177000,4181000,3793000,3161000,3793000,3323000,3611000,3953000,3153000,3356000,3377000,3062000,3337000,3661000,3309000,3179000,136.022,54.62
"346",3016000,2223000,2880000,2329000,1897000,2181000,2385000,2411000,719000,2424000,2919000,3016000,2572000,2185000,2546000,2249000,2505000,2681000,2188000,2247000,846400,2038000,2329000,2389000,2338000,2099000,136.022,54.83
"347",14360000,814900,998800,1369000,2394000,2726000,1059000,3012000,718000,1421000,3635000,3721000,3217000,761300,1421000,2798000,14360000,988200,2588000,836900,584800,1276000,2875000,904600,12950000,906200,136.022,54.84
"348",3486000,1251000,1449000,1269000,815700,1430000,1460000,3480000,830000,1251000,1407000,1283000,1409000,719700,727600,1283000,1429000,3486000,1340000,1421000,1373000,1247000,1265000,1413000,2595000,1413000,136.112,45.38
"349",4693000,1911000,2022000,2038000,1710000,2159000,2079000,2097000,1564000,1937000,2066000,2213000,2103000,1162000,1404000,1972000,2027000,1898000,1676000,2062000,2316000,1682000,2248000,1982000,4693000,2068000,136.112,49.54
"350",5313000,2039000,2243000,2151000,1965000,2348000,2305000,2348000,1727000,2130000,2117000,2348000,2279000,1255000,1715000,2127000,2101000,5313000,1576000,2355000,2173000,1915000,2265000,1888000,2006000,2324000,136.112,50.01
"351",15360000,3894000,3623000,3748000,2248000,3997000,4005000,15360000,2247000,3802000,3612000,3642000,3669000,1910000,2537000,3902000,3554000,3523000,3314000,3929000,3788000,3739000,3622000,3497000,3706000,3477000,136.112,53.3
"352",15270000,4090000,3800000,4213000,2466000,4198000,4152000,3803000,2502000,4132000,3875000,3775000,3816000,2076000,2668000,4232000,3890000,15270000,3975000,4469000,3982000,4301000,3934000,3848000,4058000,3793000,136.112,53.63
"353",3652000,3311000,3216000,3484000,2027000,3504000,3523000,919500,2051000,3571000,3192000,3162000,3310000,1930000,2122000,3626000,3214000,1232000,3453000,3652000,3378000,3366000,3280000,3102000,1703000,2972000,136.112,54.81
"354",4477000,111200,30310,106100,70870,65950,81710,99410,697900,203000,108200,619300,114200,32680,94080,34160,106700,113100,112300,126300,4477000,72860,173800,117500,83590,107600,137.024,15.12
"355",9263000,110200,30310,116400,67800,92130,193800,99020,1385000,178000,109000,1160000,117800,274500,93780,37240,177400,106500,112200,126300,9263000,95360,381800,90470,169200,100900,137.024,15.37
"356",1974000,101300,21910,50790,74750,84690,161400,100200,1542000,125300,110500,770300,116200,266800,93630,37240,153700,115100,113700,127000,1974000,96980,270300,65190,152600,103700,137.024,15.45
"357",2897000,117700,108600,102800,18480,83320,103900,114800,47540,99140,105100,392000,120800,45020,93770,NA,111300,125600,108500,96420,2897000,94280,79300,33750,36100,113200,137.025,14.19
"358",868100,169900,75990,179800,65260,121900,72370,110700,564200,81760,208200,341700,119600,14750,90300,NA,100500,111900,114300,86210,868100,204500,65830,117100,90760,191100,137.025,14.68
"359",154400000,622800,4458000,5016000,3227000,19790000,5650000,8350000,14430000,6428000,5229000,5109000,9734000,1792000,9088000,154400000,9095000,17270000,22020000,13030000,5033000,17650000,21380000,14740000,3653000,24110000,137.06,1.65
"360",89190000,945500,5629000,5716000,3829000,8678000,2907000,10150000,16760000,8069000,5958000,5689000,4331000,2611000,10930000,89190000,4358000,6764000,23310000,5315000,5340000,21510000,4002000,17820000,1738000,5250000,137.06,1.73
"361",15730000,125900,446100,187900,1094000,2066000,15730000,5406000,449300,1432000,566400,1381000,5212000,74880,802800,3730000,242400,5106000,70380,139500,326900,4304000,1369000,614200,435900,262600,137.096,18.77
"362",37560000,13190000,6622000,1907000,429800,6574000,5600000,8388000,1.7e+07,4272000,17270000,37560000,15410000,14180000,8734000,5852000,5808000,5792000,16940000,2914000,6076000,3252000,36720000,4532000,834700,6698000,138.055,1.64
"363",5490000,190700,5970,88190,241200,95490,146800,95170,215900,5490000,462500,1283000,121700,181700,15290,4404,36820,101200,31230,107300,375000,134600,288200,81520,31450,137200,139.039,12.95
"364",966100,81120,45220,66440,88960,57500,15820,68820,107400,101100,62920,131800,64670,76290,33080,NA,43040,65870,61220,35570,966100,90940,50290,88010,147500,98650,139.039,17.68
"365",4622000,2416000,2102000,1904000,1421000,2059000,2195000,1830000,4454000,2573000,3010000,2327000,2270000,1815000,4622000,2051000,2157000,2709000,2113000,2120000,2023000,2328000,2204000,2221000,2460000,1792000,141.959,0.24
"366",3700000,1810000,2025000,1683000,3257000,2095000,2371000,2023000,1877000,1778000,2138000,2040000,1981000,3700000,2126000,1940000,1952000,2165000,2040000,2087000,2454000,2053000,2213000,1950000,1893000,2056000,141.959,0.42
"367",2247000,980200,1060000,910000,2014000,1116000,1480000,1036000,2019000,977100,1099000,1059000,1017000,2247000,2047000,1057000,1038000,1102000,1119000,1107000,1211000,1098000,1117000,1032000,1011000,1044000,141.959,0.46
"368",1683000,455900,349500,205400,274400,609700,418600,240200,319000,180700,1683000,231100,222100,220800,729600,280500,234900,665600,236000,619500,226800,496700,703300,204200,496800,663500,143.034,0.86
"369",529600,48540,41630,37780,319900,45320,49240,31430,332900,67970,64840,44130,45580,529600,438500,42440,36880,51620,49640,46140,38880,51950,43280,46220,58890,32760,144.982,0.23
"370",2663000,1652000,227100,238800,20340,308600,91800,163100,7305,929400,117900,668900,2658000,56070,24620,157300,148800,2663000,316700,328300,81090,219500,68840,306900,263100,44660,146.081,0.38
"371",625300000,327400,504300000,365900000,16790000,305400000,368600000,534600000,236300000,1.91e+08,449700000,26280000,107600000,555200000,456800,95840000,625300000,318700000,1077000,160100000,2891000,490800000,3960000,553200000,1088000,303400000,146.081,1.59
"372",4796000,133200,915500,287500,2355000,586000,1465000,70490,4325000,1405000,509300,1342000,2068000,3489000,1048000,3856000,99550,1743000,4796000,3499000,428900,644900,1172000,122700,3154000,201800,146.165,1.41
"373",616400,224100,242000,220100,258200,248900,252100,203200,616400,257300,218500,195500,195500,291600,191900,247900,222800,293600,246200,239200,250100,277100,220700,251700,278800,193900,146.938,0.24
"374",4869000,850700,241000,387200,425400,313900,859000,326200,785500,1575000,460700,184600,269100,202100,165900,193800,160300,421300,186600,4869000,575700,423600,759700,322800,304400,87380,147.044,4.04
"375",2792000,1373000,94840,276200,184500,271000,2279000,357700,672000,553600,376500,199500,360800,260600,203100,29960,93380,301400,386500,2792000,845000,540200,399600,321200,254100,782100,147.044,12.43
"376",11620000,11620000,399600,508100,176400,413600,3288000,623800,1084000,1891000,570700,230200,372200,255500,146900,29960,140400,942500,58620,2698000,963100,970000,622200,348600,622500,1888000,147.044,12.55
"377",5159000,5159000,464500,328000,327700,278200,1536000,170300,1389000,1350000,476100,243100,342300,278400,201400,8693,140600,694500,151000,2540000,1012000,812200,769100,353300,1117000,2016000,147.044,12.88
"378",14990000,14990000,1052000,501600,777600,369400,2346000,591800,1490000,2285000,581900,405300,469800,284600,208000,40510,167100,1176000,504600,3675000,2431000,1005000,1501000,357900,901300,3230000,147.044,13.65
"379",33210000,33210000,1405000,697300,944800,367800,2375000,974800,2052000,4131000,1015000,437800,562100,324100,363500,106400,159500,1968000,1172000,7201000,2652000,1475000,1672000,419200,865700,8018000,147.044,13.73
"380",17670000,17670000,1531000,547600,1185000,470300,3233000,729500,2928000,1644000,592100,573000,669300,347900,431800,106400,96210,1508000,847300,3435000,2462000,1605000,1671000,444200,1726000,1777000,147.044,13.87
"381",15730000,15730000,1105000,735000,2089000,519700,2364000,658200,3039000,1329000,529800,701600,1123000,387300,348300,14070,229000,1128000,97230,3164000,1409000,1066000,2717000,481200,1092000,4046000,147.044,14.04
"382",19860000,19860000,1350000,1326000,1459000,805200,3747000,1576000,2219000,1430000,822500,1881000,912800,567000,290800,95920,476800,1417000,397300,4451000,1783000,2227000,14480000,786300,1138000,3534000,147.044,15
"383",31860000,31860000,1428000,2707000,1504000,1660000,6233000,1841000,3176000,2686000,1419000,1983000,1590000,714000,334400,129000,566800,2623000,671100,7679000,1817000,2407000,14640000,995500,1426000,5387000,147.044,15.07
"384",12480000,5790000,1274000,1084000,1776000,517500,2374000,880200,3550000,740000,871000,1677000,710800,980200,316500,129000,523000,926800,261100,2068000,1527000,1501000,12480000,961700,2592000,1210000,147.044,15.17
"385",1162000,1134000,154400,489800,120100,192800,757500,149400,213600,270400,188500,111600,257700,130600,101500,7355,46400,413600,129700,1162000,200900,510500,200800,138400,159100,336400,147.044,17.83
"386",3735000,3735000,166800,217800,122300,337300,391000,153500,273000,252000,185300,118100,228200,132400,92150,34650,88140,182200,24430,615900,203000,265800,195200,148200,167700,238000,147.044,18
"387",2458000,2458000,162400,161600,134100,160300,441800,180000,265900,196200,105100,122600,198700,172800,106500,134900,111300,157200,258400,775800,146800,73500,158100,141000,174000,51900,147.044,18.9
"388",28660000,28660000,107300,169500,120800,167300,296100,134100,233200,204900,34020,16550,376800,163700,83560,133100,111800,158300,84940,266800,158900,232000,158500,156700,40740,47820,147.044,19.34
"389",46540000,46540000,125200,459700,47180,170900,1330000,144800,221800,280900,153500,105400,308600,170000,93040,188600,94440,158000,170300,431900,174100,670000,154100,149000,210900,190700,147.044,19.76
"390",24090000,24090000,133600,184500,118100,48760,357000,141200,269000,199400,176600,102900,120000,140200,1e+05,209700,86760,155300,120700,505200,169300,228400,144100,140100,168600,257700,147.044,20.12
"391",12290000,12290000,143700,259900,125500,183000,331400,134600,248200,333400,179800,105000,106900,142200,100700,150000,95480,160900,76590,135900,163500,177600,157100,149000,159300,482600,147.044,20.59
"392",3244000,3244000,129700,97870,104400,179100,328600,137200,237500,82140,161700,98400,180800,139000,120000,137800,86000,161600,50420,1292000,162100,337500,7402,145800,152800,339000,147.044,21.09
"393",961100,961100,129800,141500,94930,168100,326000,128700,211600,182400,208900,90090,103600,108300,81790,125800,77090,146100,121600,378200,154000,221300,124900,117400,550600,193200,147.044,23.83
"394",18560000,8533000,3580000,3588000,18560000,7740000,6392000,7400000,5965000,5343000,6124000,14220000,13160000,1986000,8227000,2112000,6395000,5393000,10130000,13290000,8255000,4064000,11690000,5243000,12300000,5521000,148.06,1.64
"395",17930000,4260000,5417000,1571000,17930000,11480000,10110000,6688000,8036000,9088000,9194000,3770000,3492000,4596000,11300000,5737000,5693000,6721000,9184000,11980000,7907000,6659000,13100000,7797000,2830000,7077000,148.06,1.68
"396",8850000,1998000,5015000,937700,7087000,2410000,6794000,4224000,1147000,1787000,1985000,6473000,7775000,799900,1589000,1489000,1273000,4393000,1829000,8850000,3152000,1564000,2095000,1637000,5042000,5362000,148.06,1.82
"397",1467000,1467000,261700,277700,219900,270200,267300,259000,243600,295400,273700,280000,274600,248300,317400,261600,266700,275800,269700,273500,284500,266600,262800,270400,277500,257200,149.023,0.43
"398",1420000,602600,1362000,614900,585200,568900,573800,562400,661000,1420000,1386000,604200,1386000,592600,922100,592800,567700,570600,1352000,567000,628000,575000,1364000,574000,590800,558700,149.023,0.75
"399",2192000,608100,575500,1411000,1493000,1370000,1360000,1363000,1583000,593800,577100,1456000,577800,1531000,2192000,1349000,1378000,1394000,578600,1371000,1577000,1382000,574800,1393000,1418000,1361000,149.023,1.09
"400",1622000,1513000,1585000,1461000,684500,1569000,1506000,1471000,1183000,1622000,1394000,1618000,1518000,527600,1609000,1165000,1515000,1458000,1513000,1543000,1478000,1604000,1407000,1410000,1482000,1524000,149.023,31.42
"401",1179000,442900,1076000,1004000,1137000,1051000,1026000,453500,428500,1029000,482600,1036000,1001000,1179000,1021000,1053000,414200,1023000,1007000,502500,563100,1160000,573000,1118000,1170000,975900,149.023,31.5
"402",1612000,1548000,1446000,1468000,1220000,1463000,1472000,1389000,1119000,1612000,1585000,1404000,1010000,1043000,1378000,1009000,1496000,1363000,1323000,1596000,1432000,1400000,1328000,1568000,1491000,1358000,149.023,38.68
"403",992700,992700,418500,412400,355100,397900,409900,377900,376700,460800,423000,586800,404100,373700,503700,403900,394200,401300,396000,401900,423400,382400,401900,402500,411200,379200,149.023,41.33
"404",1153000,1153000,373100,1017000,351200,989100,357300,359100,346800,558500,193700,783400,364200,570600,465100,381600,384400,376800,913000,372200,389500,364100,372500,382100,383700,378500,149.023,41.83
"405",2392000,300500,254200,323200,6285,306200,297600,255300,157800,275300,243300,241300,293000,19310,165600,318200,296500,261200,265700,285700,203100,268300,225100,346600,241900,2392000,149.06,34.94
"406",2139000,349600,226700,544200,146100,694100,960700,821500,155300,2139000,308600,294900,325100,414300,54340,157000,667800,534700,144000,693200,111800,398800,157500,280500,81480,1589000,150.055,2.48
"407",2658000,95570,255700,127000,130800,357500,615300,206100,78890,252800,201800,77270,188500,592700,22660,103900,152500,113500,48440,126600,70940,290900,135500,196700,60140,2658000,150.055,2.57
"408",1677000,27320,30560,37540,869000,29240,40820,28850,862800,29290,33890,26160,138800,1677000,756700,39110,29300,32530,36430,30730,27300,29650,26920,29700,30320,28860,150.128,0.35
"409",3860000,1360000,1288000,1401000,946100,1391000,1457000,1326000,972400,1270000,1362000,1349000,1409000,842300,988300,1380000,1486000,1353000,1530000,1550000,3860000,1377000,1280000,1453000,1464000,1489000,150.128,41.87
"410",2216000,1240000,1246000,1196000,926600,1542000,2216000,1817000,863500,1260000,1316000,1201000,1808000,872400,838100,1213000,1551000,1186000,1035000,1484000,1683000,1212000,1153000,1325000,1299000,1287000,150.128,42.63
"411",1667000,1369000,1371000,1197000,669600,1536000,518700,956600,770400,1417000,1262000,1217000,478100,811200,857800,1298000,1667000,1217000,1083000,1493000,1166000,1294000,1122000,1282000,1214000,1228000,150.128,43.13
"412",2646000,1569000,1657000,1512000,816400,1636000,2207000,1613000,904200,1577000,1563000,1422000,2646000,795800,1078000,1538000,1697000,1490000,1490000,1742000,1476000,1487000,1358000,1474000,1504000,1623000,150.128,43.29
"413",3233000,1511000,1832000,1511000,1120000,1680000,1655000,1130000,1002000,1400000,1492000,1493000,1649000,1015000,1099000,1493000,1539000,1443000,1843000,1654000,3233000,1400000,1476000,1438000,1585000,1681000,150.128,43.73
"414",4104000,1629000,2031000,1875000,1255000,1996000,4104000,2764000,1287000,1705000,1868000,1908000,1965000,1122000,1255000,1875000,2021000,1835000,2056000,2130000,2e+06,1848000,1621000,2006000,1984000,2011000,150.128,44.28
"415",4480000,1891000,2125000,1850000,1403000,2146000,2052000,1870000,1290000,1613000,1884000,2080000,4480000,1301000,1284000,2119000,2216000,1908000,2285000,2146000,2151000,1842000,1707000,2156000,1956000,2060000,150.128,44.61
"416",8547000,1756000,2391000,1940000,1511000,2170000,4653000,5833000,1454000,1859000,2110000,2023000,3775000,1343000,1353000,1900000,2161000,2137000,1994000,2112000,8547000,1940000,1960000,2098000,2139000,2206000,150.128,45.42
"417",2462000,1351000,2048000,1632000,1333000,2009000,2398000,2025000,1167000,1503000,1560000,1755000,2155000,1173000,1372000,1370000,1785000,1586000,1805000,1628000,2462000,1441000,1681000,1689000,1600000,1776000,150.128,45.85
"418",2001000,1611000,1449000,1347000,1256000,1665000,2001000,1622000,980900,1335000,876800,1709000,1916000,656900,1534000,1382000,1124000,943800,1318000,1479000,1441000,788800,1261000,956200,1285000,1625000,150.128,46.34
"419",3474000,1709000,1816000,1827000,1484000,1801000,2660000,2530000,1513000,1748000,1816000,1764000,2785000,1099000,1645000,1749000,1721000,1786000,1719000,1935000,3474000,1659000,1717000,1734000,1771000,1958000,150.128,46.75
"420",1487000,1064000,1329000,1371000,1487000,1305000,1166000,833700,1387000,1028000,1109000,1335000,1023000,1227000,1352000,1122000,1265000,1079000,1121000,1303000,1459000,940900,1316000,1252000,1107000,1377000,150.128,46.95
"421",3401000,1170000,1833000,1482000,1285000,1456000,3401000,1662000,1331000,1490000,1681000,1464000,845900,918800,1600000,1332000,1350000,1626000,1180000,1700000,1095000,1277000,1426000,1206000,1327000,1795000,150.128,48.04
"422",3300000,1185000,1945000,1746000,1647000,1765000,1823000,3300000,1634000,1475000,1519000,1733000,3052000,1288000,1623000,1224000,1354000,1375000,1013000,1785000,2122000,1215000,1888000,1442000,1107000,1918000,150.128,48.14
"423",3470000,2653000,3088000,2667000,2461000,2752000,3264000,3116000,2536000,2914000,3250000,2969000,3177000,1798000,2686000,2898000,2913000,3275000,2533000,2930000,3470000,1991000,3019000,2678000,2921000,3114000,150.128,49.07
"424",9231000,3590000,3525000,3548000,3574000,4117000,9231000,3746000,3240000,3349000,3428000,4044000,3697000,2437000,3236000,3515000,3560000,3335000,2815000,3681000,7607000,2977000,3920000,3375000,3034000,3630000,150.128,49.61
"425",4167000,3505000,3663000,3696000,3797000,4060000,776100,3911000,3356000,3601000,3576000,4167000,3968000,2536000,3606000,3665000,3656000,3571000,2620000,3859000,3755000,3062000,3905000,3295000,3394000,3882000,150.128,49.89
"426",2.5e+07,6425000,5961000,6189000,4189000,6575000,6565000,2.5e+07,4271000,6298000,5883000,5957000,6065000,3627000,4972000,6439000,5909000,5774000,5491000,6419000,6280000,6181000,5979000,5752000,6098000,5718000,150.128,53.29
"427",24840000,6973000,6128000,6725000,4797000,7335000,6910000,6509000,4626000,6793000,6289000,6204000,24840000,4191000,5086000,7217000,6450000,6328000,6595000,6877000,6599000,7027000,6491000,6704000,6551000,6209000,150.128,53.78
"428",26990000,6952000,6195000,6766000,4847000,6974000,26990000,6294000,4607000,6969000,6351000,6289000,6275000,4254000,5119000,7179000,6197000,6276000,6732000,6923000,6638000,6859000,6279000,6329000,6798000,6181000,150.128,54.22
"429",6245000,6033000,5529000,6039000,3953000,6069000,6104000,5459000,4117000,6191000,5499000,5427000,1066000,3869000,4451000,6228000,5761000,5417000,6006000,6245000,5771000,6150000,5625000,5508000,5978000,5381000,150.128,54.8
"430",5076000,4586000,4460000,4894000,3156000,4932000,2881000,1513000,3312000,4996000,4438000,4394000,1336000,3117000,3602000,5076000,4432000,4355000,4829000,5066000,1900000,4653000,4596000,4285000,4810000,4321000,150.128,54.86
"431",5497000,12020,37310,16420,29430,9757,21220,8726,25110,4490000,16560,10450,12380,5497000,40790,25430,13720,12370,3221000,15090,8484,3174000,10180,4584000,14430,8209,151.035,1.32
"432",7189000,4456000,5971000,4845000,7189000,3815000,5357000,4342000,4858000,4486000,4238000,4702000,5360000,20370,4051000,4368000,5546000,5313000,3204000,4448000,4106000,3169000,4179000,4534000,5171000,3084000,151.035,1.43
"433",12760000,NA,208900,3200,NA,289700,59700,44340,318000,7178,24940,3641,42140,NA,167000,12760000,79580,165800,186900,55180,2727,5005,89370,160800,2242,300400,152.071,1.69
"434",1789000,406600,124400,418100,97370,177100,393400,438000,168700,884400,724900,215200,431700,386300,79810,107000,1717000,781000,194500,818600,79430,1034000,225500,131300,149600,1789000,153.128,16.88
"435",2605000,257900,67550,33330,134500,5313,120900,95210,14750,345500,317600,102100,80240,1506000,36050,10710,415500,118500,367500,424700,8640,359800,94280,20460,80640,2605000,153.128,17.28
"436",5025000,2720000,245600,253600,116400,196100,196800,205100,167800,2622000,1947000,373100,223300,251400,132800,518700,2587000,599200,332600,2079000,340000,1560000,328300,130000,307600,5025000,153.128,18.47
"437",10270000,1926000,313100,152500,214200,163800,206400,157500,159800,1815000,1155000,263500,179900,475800,168500,525200,2409000,356100,239700,3314000,138800,1020000,287100,129100,347200,10270000,153.128,18.57
"438",25200000,54920,887700,985100,731500,3663000,1170000,1957000,3822000,1281000,1110000,1029000,2522000,375700,2059000,25200000,1871000,3715000,4670000,2757000,1167000,3489000,4549000,3155000,764000,4936000,154.086,1.65
"439",15020000,54920,1057000,1129000,838800,1638000,574700,777900,3738000,668500,427900,1172000,2336000,516000,2372000,15020000,813000,1362000,4300000,3065000,1171000,4173000,5191000,1142000,864500,5534000,154.086,1.71
"440",5099000,3843,48560,46120,8686,29100,93490,31290,27960,75950,53330,437400,14910,16490,7076,NA,57430,30910,4239,64190,5099000,1521,76550,20000,15330,29100,155.034,14.28
"441",7057000,991,134100,169000,160100,131600,321000,93640,1253000,423000,189800,1455000,52970,96050,6067,20850,239500,125800,9108,243100,7057000,54730,549400,40160,168700,82540,155.034,15.31
"442",14420000,991,138900,164800,170100,140100,316800,97630,2050000,397600,193500,1514000,51560,288200,11230,20850,287600,136600,9242,242900,14420000,62810,565000,67780,259800,87220,155.034,15.34
"443",3152000,5089,120700,138500,188300,122800,259500,80150,2541000,290500,165700,1282000,46640,461300,11230,20850,268400,122900,1430,203800,3152000,56670,482900,58800,297400,69220,155.034,15.38
"444",1441000,67090,260200,159900,118300,363700,337500,237700,192600,564500,273000,170700,342100,347500,376400,377000,213200,209100,1441000,193300,372500,761300,381600,154600,59710,237700,155.07,8.75
"445",2894000,602500,638000,221300,1155000,616100,657200,532700,1274000,232900,697800,683900,629500,1083000,2894000,611900,724600,717100,616800,505100,702400,229600,247300,706400,232700,659800,158.003,0.4
"446",5951000,41740,199100,203600,320000,506700,3064000,404800,1345000,5951000,843600,239200,396600,266100,93950,226000,198000,1155000,13290,1262000,277000,1913000,419100,254400,666300,147100,158.081,3.64
"447",1676000,NA,NA,NA,NA,NA,NA,NA,NA,NA,NA,NA,NA,NA,NA,NA,NA,NA,NA,NA,NA,1676000,NA,NA,NA,NA,158.129,2.3
"448",1363000,453000,609500,567700,1185000,475800,574100,562400,792800,525400,697100,638200,535400,999200,1363000,569000,490600,625300,575500,634700,422900,448600,549600,550200,515000,640000,158.961,0.24
"449",1671000,763500,994600,794600,750700,808300,107700,963700,308900,816900,944800,991500,919100,773200,1671000,1021000,1047000,1015000,901900,1009000,789300,793000,919700,1093000,904400,1023000,158.961,0.5
"450",4925000,133800,222800,147800,106800,125500,162300,105000,121700,107500,101200,111300,97190,4925000,186000,139600,118400,112200,136400,129400,88180,105900,112600,116000,154200,84750,158.978,1.31
"451",5074000,4211000,4438000,4060000,5074000,3888000,4346000,3571000,4158000,3981000,3651000,3828000,4162000,118100,3409000,3790000,4179000,4120000,2775000,3936000,3399000,3153000,3569000,3841000,3956000,2869000,158.978,1.46
"452",8005000,40340,705100,547400,1679000,8005000,211900,256500,367500,523800,736000,624900,1130000,313200,1426000,755500,1343000,634400,178800,3448000,638800,1628000,3445000,3861000,698900,686700,160.076,1.65
"453",9672000,142600,783700,428000,1142000,9672000,234600,201600,347500,666800,589300,433800,839600,260800,1909000,827600,1202000,500400,174300,3735000,369700,2087000,2598000,2785000,457100,510400,160.076,2
"454",23720000,251200,1452000,913400,2295000,23720000,344700,725200,528500,1516000,1256000,875800,1780000,1049000,2810000,812700,3513000,1291000,249900,5745000,711100,4950000,4236000,6763000,582800,1099000,160.076,2.61
"455",16520000,113600,849000,2987000,3826000,4048000,1101000,1113000,462500,1915000,1242000,1270000,1989000,1513000,3684000,353500,3261000,1283000,274400,16520000,992300,1459000,10620000,7344000,1933000,1218000,160.076,2.7
"456",6216000,9761,207300,1082000,3293000,6216000,160900,707800,133400,1005000,604800,902700,1126000,883600,2044000,17000,1523000,680800,101400,2975000,590800,516800,3660000,4544000,356100,720300,160.076,2.84
"457",2898000,542500,766500,445700,1843000,787200,624600,562000,1778000,754800,801100,681600,701800,1772000,2898000,516000,633000,787200,229000,763100,964900,818200,798300,703900,854700,640800,160.842,1.3
"458",2657000,514900,724900,424600,1715000,209100,587900,533200,1658000,712900,752800,642500,663700,1642000,2657000,488500,601400,745300,215000,717200,903800,770800,751800,665300,797600,608200,162.839,1.3
"459",1914000,939100,83160,1261000,64170,1914000,52420,113200,153600,90600,137200,75790,452300,68940,55290,77280,49890,127100,157100,165100,107900,80890,61330,95100,147500,52900,163.039,0.78
"460",19170000,1876000,2741000,11290000,9228000,4035000,10750000,7894000,11920000,7619000,8749000,12700000,4216000,14080000,270900,823100,6569000,13810000,360400,15510000,19170000,6456000,14400000,4599000,16840000,5474000,163.039,1.73
"461",35140000,3512000,6109000,19490000,14900000,9221000,22350000,13830000,23720000,20070000,15680000,20540000,6671000,35140000,550100,3546000,7051000,22300000,611000,32710000,27820000,15670000,25320000,9889000,27850000,10140000,163.039,2.09
"462",41320000,3616000,3474000,21480000,16540000,12480000,30230000,16180000,25100000,26760000,19680000,23860000,8674000,37910000,632000,4890000,16480000,26300000,714400,41320000,31030000,22010000,27690000,12760000,31070000,12560000,163.039,2.27
"463",56160000,6504000,16500000,31940000,23740000,20110000,39970000,25610000,29980000,31240000,28200000,33370000,12860000,40670000,737300,5830000,42420000,36520000,1127000,56160000,42450000,33410000,38890000,19500000,40740000,18250000,163.039,2.75
"464",57510000,13720000,18820000,30160000,24810000,21430000,41590000,25670000,31420000,38030000,28410000,35930000,13990000,43870000,877200,4148000,21290000,37330000,3885000,57510000,43920000,32220000,42050000,18840000,36900000,20140000,163.039,2.96
"465",53170000,4188000,18500000,27410000,21930000,21480000,39470000,2.3e+07,32820000,34850000,27370000,34920000,14430000,38750000,818600,3130000,19770000,34920000,2570000,53170000,44840000,29620000,38260000,18800000,34470000,21190000,163.039,3.25
"466",53190000,2782000,22810000,25600000,22110000,22170000,42870000,22160000,35800000,30620000,30550000,35220000,14540000,39740000,607500,4827000,21220000,33070000,763600,53190000,43680000,30290000,32820000,20090000,37650000,21930000,163.039,4.52
"467",53140000,2871000,23370000,26720000,23130000,21690000,41590000,22290000,37220000,30330000,31840000,34340000,15590000,40580000,602600,6090000,21590000,33150000,1873000,53140000,41900000,29750000,33850000,21330000,35490000,22830000,163.039,4.77
"468",50510000,3063000,24030000,25740000,21980000,22080000,40120000,21920000,36970000,30150000,31680000,33690000,15620000,43410000,597900,6851000,21440000,32550000,1135000,50510000,40880000,29750000,33660000,20520000,34650000,23300000,163.039,4.92
"469",48880000,3349000,23990000,25400000,20990000,22720000,39640000,21710000,36790000,30100000,30710000,33440000,15410000,45490000,635800,7296000,21310000,32850000,956100,48880000,40900000,29640000,33070000,20020000,34150000,23760000,163.039,5.03
"470",51400000,12310000,47120000,26060000,19370000,23340000,39010000,20550000,33700000,38970000,28710000,42110000,17600000,44100000,1767000,17780000,24040000,30500000,24730000,45420000,51400000,27740000,29530000,18630000,31210000,46960000,163.039,5.98
"471",57640000,13540000,57640000,26630000,18310000,28230000,42090000,19550000,32820000,39150000,28460000,49580000,19290000,43410000,3735000,23510000,25060000,29570000,29150000,47340000,52190000,26880000,28240000,17820000,32560000,57140000,163.039,6.26
"472",1.6e+08,1.6e+08,65110000,36200000,18490000,36120000,52150000,17800000,36530000,35060000,31300000,53940000,20610000,47750000,14180000,26180000,27580000,32430000,24280000,56560000,51700000,24730000,29960000,18880000,36780000,57520000,163.039,6.77
"473",84270000,25460000,34900000,34730000,19800000,22770000,48540000,19950000,45120000,45810000,40010000,34960000,13540000,42020000,30170000,12740000,36280000,39680000,7837000,84270000,34780000,26280000,49220000,20850000,54200000,5627000,163.039,7.22
"474",167500000,131300000,124700000,84320000,82370000,58660000,78050000,29390000,58170000,105800000,59570000,96370000,35760000,5.6e+07,55520000,29170000,101700000,61360000,167500000,127400000,94170000,65620000,96620000,30440000,98620000,108900000,163.039,11.09
"475",121200000,105300000,121200000,102100000,106500000,5e+07,65410000,25970000,58260000,75200000,55140000,80090000,30140000,58970000,55440000,26480000,58230000,55380000,60630000,98840000,77150000,87620000,83940000,8.1e+07,106600000,99260000,163.039,11.19
"476",122500000,74940000,45520000,37780000,122500000,32590000,43580000,18020000,40380000,44750000,37760000,56510000,21290000,74290000,34890000,10710000,58750000,36990000,38350000,72550000,50930000,32510000,55910000,20460000,72880000,6.8e+07,163.039,11.54
"477",75420000,75420000,34550000,39710000,43730000,36100000,21500000,10290000,21740000,19100000,16290000,36180000,17400000,50710000,10470000,6381000,34120000,31290000,18280000,38700000,30770000,23360000,36400000,11160000,34370000,51280000,163.039,12.92
"478",42630000,24570000,14920000,12560000,41120000,14700000,16700000,8851000,21600000,12230000,13780000,29570000,10850000,42630000,9042000,4859000,12290000,16010000,4606000,31540000,24860000,11430000,28050000,13820000,35200000,21800000,163.039,13.04
"479",44700000,21590000,16420000,17510000,44700000,14260000,12250000,7587000,20150000,9115000,11710000,21560000,6085000,38160000,6107000,3106000,14580000,15310000,11130000,22890000,19720000,11800000,19630000,8004000,32100000,20930000,163.039,13.1
"480",45330000,9964000,9579000,11670000,45330000,24620000,9017000,5757000,10470000,6812000,8265000,14670000,5224000,33910000,2840000,1450000,17560000,10300000,4527000,16360000,14680000,7084000,11040000,5690000,15950000,28280000,163.039,13.45
"481",36960000,7364000,23170000,8625000,16690000,8005000,12800000,7135000,8391000,6254000,9545000,13260000,5640000,36960000,2502000,730500,5773000,31960000,3289000,16040000,12950000,8244000,10940000,5592000,10710000,11200000,163.039,13.88
"482",12260000,4875000,5976000,7561000,7502000,6013000,12100000,6241000,9247000,3716000,7046000,8592000,4560000,11610000,1318000,313500,4458000,7794000,4312000,12260000,8874000,7045000,8103000,5479000,8473000,7351000,163.039,14.68
"483",23390000,4262000,16840000,6684000,5631000,5338000,10820000,5743000,7187000,3315000,5915000,7589000,3957000,11340000,979100,550500,3492000,20220000,1380000,11020000,7417000,7238000,7373000,4885000,7742000,23390000,163.039,15.31
"484",14560000,4997000,4815000,6845000,5178000,14560000,11160000,5545000,7966000,3526000,6265000,7819000,4026000,8948000,809000,362200,3448000,6908000,1124000,10910000,9747000,6702000,7711000,4972000,7294000,6119000,163.039,15.82
"485",12250000,3522000,3953000,6741000,5193000,4812000,11940000,5608000,7910000,3467000,5891000,6566000,3927000,7879000,708300,503600,12250000,7270000,890600,11040000,9440000,7325000,7e+06,4817000,7476000,5779000,163.039,16.1
"486",9672000,9672000,3968000,5698000,5131000,3262000,9518000,5386000,6204000,3115000,5062000,5391000,3274000,8148000,586300,204500,2970000,7220000,720100,9449000,8580000,6399000,6636000,4355000,6755000,5485000,163.039,16.38
"487",45820000,45820000,2225000,4527000,4539000,3298000,8372000,4731000,4505000,2476000,4191000,4340000,3205000,7876000,471600,87510,1070000,6310000,981000,7955000,7215000,5583000,5725000,4932000,5970000,3988000,163.039,16.67
"488",54140000,54140000,2291000,3176000,3287000,1593000,5887000,3902000,3080000,1523000,3056000,3242000,2109000,7655000,389700,215100,1630000,5136000,519600,5930000,5375000,5103000,4345000,3062000,4938000,4035000,163.039,16.85
"489",93460000,93460000,2199000,2908000,2409000,1055000,4582000,3288000,2170000,1521000,2833000,3198000,2064000,6039000,324200,15050,1420000,4529000,767400,5915000,5018000,4260000,3921000,4147000,3993000,3695000,163.039,17.24
"490",40180000,40180000,2745000,7731000,2163000,7305000,6552000,4031000,2943000,2353000,4582000,4844000,9066000,3554000,361900,171400,1282000,13470000,518900,7648000,7475000,3380000,5779000,7378000,4173000,5852000,163.039,17.8
"491",20250000,20250000,2981000,4957000,2438000,3984000,6697000,4366000,4265000,2662000,4978000,5288000,3237000,3292000,384200,178000,4439000,5782000,901900,8584000,8490000,5129000,6342000,3788000,5220000,8755000,163.039,17.91
"492",37950000,37950000,3072000,5765000,3336000,3733000,4243000,3499000,4952000,3130000,3595000,3929000,2482000,4295000,358700,280800,1823000,4301000,502300,7578000,7456000,12700000,5485000,3519000,5250000,5448000,163.039,18.26
"493",62240000,62240000,3070000,6464000,3007000,3248000,2855000,2861000,4237000,3728000,3476000,3590000,2190000,6128000,294400,290600,2035000,3827000,447300,8637000,5747000,5307000,4552000,3445000,4935000,6439000,163.039,18.76
"494",9799000,9440000,3050000,9799000,2483000,4778000,2863000,2674000,4388000,3165000,3499000,3656000,4164000,6518000,245000,299100,3016000,5345000,965500,8518000,4897000,9326000,3591000,3539000,4697000,9678000,163.039,18.82
"495",8027000,6216000,2716000,3268000,2015000,3331000,3272000,2291000,3755000,1453000,2928000,3963000,2800000,6087000,183100,303700,2176000,4183000,395700,8027000,4295000,5665000,2699000,3531000,3451000,4340000,163.039,19.17
"496",7230000,3726000,1923000,4864000,1333000,2774000,5942000,3357000,3139000,2095000,3088000,5128000,2756000,4863000,256100,326700,2788000,3821000,535100,7038000,7230000,4410000,4956000,3447000,3199000,4092000,163.039,19.65
"497",7942000,3187000,2301000,5229000,1159000,3940000,6477000,3815000,3810000,2850000,4141000,5409000,3156000,4310000,283300,371000,2196000,5465000,425800,7942000,7786000,3864000,5607000,3639000,4279000,4527000,163.039,19.85
"498",19130000,1795000,3908000,5230000,1460000,4187000,6655000,4008000,4279000,3002000,4737000,5429000,3252000,3618000,293300,387900,2354000,19130000,269600,8226000,7893000,6679000,5784000,3716000,4748000,8456000,163.039,19.91
"499",7390000,2462000,3752000,4602000,2798000,4126000,6105000,3884000,4936000,2575000,4649000,5095000,2901000,5798000,245200,291000,2427000,5025000,345100,7390000,7187000,4648000,5382000,3610000,4847000,4074000,163.039,20.45
"500",6979000,4246000,4126000,4282000,2018000,3975000,6435000,3935000,5157000,2464000,4694000,4528000,2971000,6466000,256700,336900,2342000,4946000,260800,6979000,6850000,4456000,4831000,3604000,4678000,4186000,163.039,20.99
"501",6810000,4082000,2935000,4523000,1911000,3800000,6325000,4010000,5083000,2429000,4517000,4550000,2858000,6084000,248400,340900,2222000,5074000,232300,6654000,6810000,4585000,4735000,3526000,4327000,4007000,163.039,21.24
"502",7391000,1795000,2673000,4398000,1797000,3816000,6654000,4154000,5217000,2773000,4626000,4986000,2743000,5860000,241600,330500,2220000,6315000,244900,7391000,7283000,4631000,4862000,3373000,4201000,3963000,163.039,21.62
"503",7517000,2360000,2857000,4307000,2393000,3590000,6537000,4098000,5058000,2794000,4931000,5116000,2836000,5293000,231300,327000,2071000,4949000,821000,7517000,7150000,4495000,5353000,3362000,4482000,3936000,163.039,22.62
"504",7545000,2990000,2816000,4295000,2303000,3632000,6551000,4181000,5099000,2799000,5007000,5108000,2736000,5745000,234300,327600,2174000,5019000,322700,7545000,7334000,4696000,5362000,3264000,4492000,3905000,163.039,22.74
"505",7408000,3381000,2527000,4018000,2303000,3586000,6993000,4125000,4998000,3099000,4945000,4869000,2791000,5170000,199500,317800,2124000,5161000,288400,7408000,7179000,4618000,5309000,3046000,4583000,3549000,163.039,24.11
"506",7561000,1406000,2792000,4085000,2203000,3510000,7368000,4012000,4866000,3288000,4910000,4398000,2674000,5295000,210000,315000,1991000,5026000,325800,7561000,6977000,4596000,5032000,2990000,4157000,3655000,163.039,25.43
"507",7309000,1423000,2776000,3927000,2081000,3257000,7232000,3865000,5016000,2783000,4430000,4033000,2672000,5141000,200600,300400,1916000,4881000,322900,7309000,6750000,4480000,4667000,2792000,4204000,3465000,163.039,26.17
"508",7404000,2488000,2815000,3811000,2055000,3249000,7395000,3934000,4772000,2930000,4580000,4324000,2716000,5163000,197400,307600,1907000,4927000,325400,7404000,6744000,4535000,4794000,2763000,4187000,3562000,163.039,26.32
"509",7534000,3797000,2790000,3921000,2039000,3207000,7431000,3872000,4779000,3152000,4595000,4477000,2724000,5161000,199500,326200,1897000,4842000,313000,7534000,6584000,4663000,4727000,2768000,4127000,3640000,163.039,26.46
"510",7265000,1294000,2808000,3513000,1733000,2723000,7265000,3531000,4571000,3515000,4470000,3830000,2531000,4648000,202800,353800,1616000,4183000,309600,6934000,5787000,4510000,3704000,2552000,3664000,3345000,163.039,28.34
"511",7330000,1723000,2709000,3480000,1621000,2658000,7330000,3411000,4517000,3539000,4419000,3746000,2513000,4593000,201600,357100,1551000,4130000,1041000,6640000,5496000,4441000,3725000,2484000,3594000,3347000,163.039,28.54
"512",7805000,1215000,2579000,3349000,1517000,2321000,7805000,3241000,4368000,3600000,4335000,3103000,2372000,3960000,202100,404200,1443000,3761000,300900,6808000,5453000,4279000,3239000,2255000,3087000,3226000,163.039,29.62
"513",8550000,967500,1824000,3244000,1443000,8550000,7641000,2982000,3997000,3129000,3991000,3003000,2221000,3857000,192200,392400,1291000,3493000,170600,6395000,4687000,4151000,2837000,2085000,2861000,2956000,163.039,30.27
"514",6783000,891000,2259000,2957000,1065000,2264000,6783000,2566000,3271000,3304000,3390000,2773000,1942000,3030000,177700,395400,1101000,3452000,311100,5597000,3849000,3783000,2236000,1653000,2394000,2496000,163.039,32.16
"515",7012000,876800,2219000,2776000,1042000,2185000,7012000,2458000,3126000,3203000,3307000,2653000,1860000,3074000,174300,395000,1062000,6302000,310400,5403000,3708000,3697000,2157000,1612000,2444000,2442000,163.039,32.25
"516",7223000,1542000,2154000,7223000,986200,1890000,6635000,2392000,2866000,3052000,3147000,2501000,1751000,2874000,166700,374300,997900,2836000,303800,5134000,3638000,3497000,2120000,1532000,2361000,2340000,163.039,32.64
"517",6018000,1220000,1829000,2280000,853000,1811000,6018000,2120000,2606000,2683000,2775000,2185000,1504000,2668000,149100,352300,871800,1757000,302200,4623000,3167000,3139000,1710000,1331000,2049000,2061000,163.039,33.31
"518",5432000,258700,1624000,1872000,783700,1664000,5432000,1827000,2171000,2194000,2595000,2027000,3194000,2394000,137800,355200,819800,2121000,287100,4208000,2898000,2742000,1469000,1129000,1809000,1925000,163.039,33.78
"519",5527000,1972000,1631000,1998000,715800,1587000,5527000,1897000,2197000,2394000,2455000,2020000,1360000,2168000,133900,357700,763800,4659000,278800,4089000,2800000,2852000,1581000,2953000,1755000,1911000,163.039,34.08
"520",4862000,1153000,1414000,1839000,596200,1387000,4862000,1692000,1843000,2071000,2120000,1700000,1142000,1818000,117100,329900,638200,3500000,261100,3578000,2430000,2534000,1305000,1643000,1611000,1619000,163.039,35.14
"521",4283000,584000,1144000,1519000,571800,1275000,4283000,1401000,1697000,1722000,1990000,1571000,2067000,1717000,105600,271900,571000,1456000,693300,3170000,2107000,2322000,1070000,846200,1395000,3855000,163.039,35.51
"522",3698000,474400,803400,1133000,321900,727800,3181000,913300,1020000,1268000,1235000,906300,666500,942000,71780,254600,361200,1053000,193900,2206000,1374000,3698000,755600,539500,882500,948600,163.039,37.97
"523",2617000,421200,668200,926800,258900,783100,2617000,706200,832200,1056000,999200,614500,561700,734400,65100,221300,280000,788600,170100,1911000,1127000,1834000,615800,762400,741900,763900,163.039,38.83
"524",4018000,75900,65120,4018000,22000,87520,113600,45270,479100,1018000,2365000,59700,46340,54960,43860,101300,72870,54750,117400,98980,56580,86760,49790,1357000,78810,90740,165.055,34.12
"525",19040000,1258000,1515000,11770000,1230000,11900000,6008000,1459000,2801000,440800,8385000,3519000,2423000,23610,19040000,7848000,4240000,2841000,1999000,2676000,486500,1349000,3258000,2872000,1031000,577800,166.086,1.95
"526",13950000,1281000,3047000,13210000,1299000,12920000,11730000,2632000,2675000,2241000,9307000,3843000,2761000,4266000,13950000,11120000,8153000,2798000,2061000,4270000,324400,1425000,3022000,3270000,1611000,914500,166.086,2.52
"527",22960000,2341000,2515000,22960000,1179000,16200000,8271000,2181000,3341000,3818000,11140000,4646000,3233000,3671000,12260000,11730000,5065000,5331000,2301000,2936000,615300,2587000,5081000,3765000,874900,583800,166.086,3.15
"528",26580000,2639000,3790000,26580000,1143000,16230000,12980000,3477000,3415000,4713000,12150000,4632000,3327000,2590000,14400000,4907000,8881000,6762000,2179000,4712000,690200,2931000,6198000,4208000,1838000,998900,166.086,3.26
"529",12580000,315400,402800,10530000,1309000,10790000,1374000,1549000,2351000,2219000,7996000,3157000,2299000,2327000,12580000,1678000,943400,3372000,1328000,2227000,91280,360600,2432000,3248000,1167000,443600,166.086,3.34
"530",2199000,129900,158900,101200,110600,107000,167700,14300,76920,199500,237000,86160,86950,215800,97960,5911,103200,166900,73040,139900,112600,101500,156800,55580,2199000,160800,167.107,15.27
"531",922200,824300,792900,830600,807500,435200,878300,681600,702300,577000,729300,694400,698700,813600,868300,922200,546100,830200,891800,837900,697900,815300,722400,837100,409500,678500,174.955,1.33
"532",5530000,350200,903300,579800,542600,370400,751300,615100,1828000,541700,714400,843400,667200,727100,5530000,2176000,498900,817600,3747000,795300,789900,796200,1282000,510600,1046000,693200,174.955,1.47
"533",5063000,175000,411200,578300,229900,585900,176800,552500,152900,214200,585900,670200,134500,202900,1810000,442000,2886000,309500,125000,971900,194400,145500,5017000,1825000,227700,5063000,175.119,1.55
"534",28630000,1746000,1710000,1161000,1681000,1086000,973000,1170000,2742000,1213000,1114000,1064000,1220000,1997000,28630000,855600,929500,1135000,4263000,1024000,931500,1279000,2355000,1145000,1191000,974700,179.055,1.53
"535",19670000,558800,756500,1389000,5731000,947600,3391000,1617000,6414000,4807000,714900,2522000,5163000,6484000,19670000,1187000,618100,1796000,2102000,2595000,691400,1504000,3591000,814600,1010000,1737000,179.056,1.75
"536",2429000,56930,727600,56470,29870,350700,52830,51230,124100,49160,2429000,40240,170200,35610,439900,596700,64130,138500,75900,402900,149000,64970,60160,106700,63320,44950,179.07,0.39
"537",4900000,648800,1395000,1653000,2974000,1710000,3203000,1622000,2936000,2559000,1576000,1634000,1190000,1767000,845400,297500,2549000,3269000,1013000,2937000,1787000,1800000,4900000,2299000,2105000,1553000,181.05,2.64
"538",3423000,456300,1219000,964000,725900,1290000,1034000,1075000,1448000,1078000,1028000,792100,847900,1210000,3423000,271000,847400,1213000,760600,1122000,1060000,1121000,853800,1324000,924700,943900,181.05,10.31
"539",3032000,493200,1109000,882000,764300,1135000,1070000,881300,1240000,924200,943600,695600,662800,1050000,3032000,321900,780800,997100,598000,1034000,991600,936900,782200,1173000,880400,799500,181.05,10.57
"540",4298000,219400,1827000,1302000,919100,1181000,1097000,982800,1014000,754300,1136000,723200,711000,1855000,4298000,855300,2834000,998200,843200,1767000,1504000,784400,1943000,1482000,1270000,1354000,181.05,13.33
"541",3126000,194100,1336000,1126000,1094000,970100,587600,799000,1198000,748700,943900,695900,657200,1847000,3126000,760100,1466000,866000,844300,1514000,1340000,751100,1630000,1244000,1194000,1291000,181.05,13.47
"542",3468000,267800,1143000,787000,1646000,352500,570100,613100,989500,584900,773800,641800,585300,2134000,3468000,233700,1079000,1926000,683100,1246000,939700,631800,1949000,590500,873400,1261000,181.05,13.64
"543",2654000,206100,1049000,555000,1296000,863700,655900,471900,926100,480000,614700,577500,640200,2093000,2654000,1479000,1864000,612400,326300,969000,635600,582000,783900,661700,645500,1488000,181.05,14.17
"544",3024000,164000,607900,397500,542700,488900,762500,683200,1138000,666100,365700,341100,433600,427300,3024000,555900,522800,382400,562000,695900,389400,1106000,280600,730100,491500,765900,181.05,20.33
"545",11590000,407600,519600,478900,415200,442700,560300,392400,458800,400700,384000,320900,339600,662300,11590000,571500,431300,429100,1242000,841800,386900,445600,465500,826800,373000,472900,181.05,20.83
"546",1546000,354500,490600,368800,246000,384700,1452000,743000,465100,4e+05,500900,281200,600100,947000,1018000,255500,967300,1546000,538500,964700,373000,406300,373300,410900,567800,493700,181.05,21.28
"547",3406000,161700,728900,327000,444100,377100,537200,363400,551600,559300,354100,294200,321300,689800,3406000,249100,414200,450500,358600,716100,366200,388000,415400,1043000,487700,465900,181.05,21.63
"548",1230000,112800,370600,468500,232600,307100,361100,280200,583000,690600,326600,248300,198600,461300,660300,93160,286800,299300,1230000,675800,349200,318200,396500,975100,310200,377700,181.05,23.17
"549",1775000,143300,1674000,162900,185000,337800,597300,1392000,81450,101500,1775000,800900,357900,300800,12860,386900,461000,385400,306300,108000,117500,277700,166800,236100,205600,822600,181.071,0.37
"550",1488000,193600,690300,548500,332200,133000,243500,609800,304400,136300,762000,1102000,479000,119400,20160,158400,1488000,520600,128900,140000,159500,120300,224400,317700,281800,1129000,181.071,0.62
"551",2889000,164600,678800,257200,264100,477200,268000,187300,114100,108700,750100,963800,456200,88820,15650,146300,164500,471100,114800,121600,137900,108700,241600,782900,242100,2889000,181.071,1.48
"552",6275000,4825000,336800,4161000,233500,2765000,6275000,4924000,1080000,1276000,2635000,1322000,1400000,91330,395100,41450,2643000,2867000,631400,3424000,2891000,4514000,3816000,1878000,1770000,664000,181.123,15.2
"553",1551000,881700,276500,770900,59080,828200,594500,918400,668900,1551000,444100,398800,409600,94470,469100,528600,909400,491400,481100,365400,943600,935300,615500,563000,1005000,464300,181.123,29.37
"554",1354000,643500,303500,438700,52970,645700,532400,539600,565900,1354000,378300,222200,387400,201400,512200,656700,586800,381900,583100,264500,502400,567000,371800,436400,941200,264700,181.123,34.48
"555",1243000,1243000,391600,636100,134000,705100,802100,986600,397700,287000,375800,162700,614000,430100,191500,143500,487200,372100,188400,515900,239400,499000,496900,476800,374400,151500,181.123,39.61
"556",1730000,1730000,204800,613200,207400,803600,851400,810400,487100,201100,404600,158200,489300,531800,165400,135100,450400,386600,225600,622700,294100,478400,593800,532900,278200,223400,181.123,40.68
"557",629200,86120,36540,10700,NA,22500,39920,16420,65120,629200,10050,13160,45120,NA,12150,191200,51230,183900,2735,102600,39480,21560,134800,41700,NA,63910,183.138,27.57
"558",5378000,5378000,6485,26380,38730,55010,50100,32610,3640,58060,66670,20830,23960,56200,113000,3844,67320,39720,50620,13960,20990,39290,56440,27670,23900,52010,185.117,9.77
"559",17340000,304000,309400,1206000,249700,2130000,3495000,827400,798400,869200,2097000,251800,336600,1259,17340000,967600,1514000,2898000,677700,772900,199100,286800,675900,1309000,487400,929600,188.071,3.24
"560",44530000,1320000,489100,4645000,667300,4349000,9681000,1761000,1852000,6099000,4770000,570100,997200,1290000,44530000,249400,3024000,6924000,1949000,2412000,592600,1001000,1372000,2809000,820200,2297000,188.071,5.86
"561",6097000,207800,126500,1134000,124400,1398000,1351000,842300,555900,NA,2235000,210800,441400,1372000,6097000,84300,1589000,3928000,554400,1277000,278400,723900,429700,1416000,1129000,1008000,188.071,6.02
"562",1903000,6886,9565,173300,1903000,225600,455700,98080,94740,366400,292600,25240,60110,1651000,NA,21520,209500,550900,124700,196400,40250,114200,82450,207100,435900,141700,188.071,6.41
"563",470200,4625,125900,167100,NA,1645,1942,219500,338100,NA,121600,264400,3038,NA,259000,756.2,562,253500,260900,13170,176100,225900,470200,183300,NA,225700,188.201,25.74
"564",375500,NA,10170,12530,375500,NA,NA,20790,274800,NA,6929,22800,NA,NA,11330,NA,NA,3981,16440,NA,13990,92540,25810,45250,317100,16250,188.201,25.9
"565",1282000,368200,492400,370500,493100,435500,461600,395700,1282000,451000,430800,389400,387300,601000,391700,434000,423600,610500,482200,452600,473700,521100,440400,482900,507200,383800,190.928,0.24
"566",1095000,595400,425600,573100,949200,710500,670000,833300,607400,632900,866800,838800,823100,1095000,978100,653000,629700,495300,711700,705600,944400,689300,897000,661000,642300,853900,190.928,0.46
"567",253200000,72930000,134400000,17880000,134200000,175300000,77580000,78240000,2.02e+08,88620000,72610000,77840000,1.66e+08,253200000,70820000,55200000,164600000,40600000,82220000,168900000,48080000,74850000,182100000,60920000,84860000,163200000,191.019,1.77
"568",154200000,145500000,88810000,76120000,73110000,129900000,105100000,1.02e+08,127900000,82760000,57960000,83050000,126100000,130300000,43460000,49140000,84130000,57370000,53460000,154200000,52120000,82990000,38370000,107800000,63290000,93240000,191.019,1.93
"569",140100000,95850000,82630000,49270000,27730000,103300000,81200000,77930000,114300000,82350000,64090000,71660000,92410000,140100000,42880000,38540000,13360000,79060000,44530000,85130000,14710000,104300000,16530000,92360000,79240000,9926000,191.019,2
"570",113100000,77860000,68910000,66740000,11620000,82720000,67240000,59210000,91310000,66540000,48400000,54580000,74170000,113100000,33350000,32330000,58200000,58090000,32950000,62920000,51710000,81780000,72520000,71440000,8783000,10830000,191.019,2.12
"571",89840000,66610000,12110000,53840000,8243000,66270000,11700000,15480000,76810000,12740000,20980000,20120000,59470000,89840000,27230000,27040000,57570000,33220000,24620000,49970000,13950000,44920000,53730000,56270000,12790000,24380000,191.019,2.32
"572",48290000,46500000,17490000,37160000,3217000,48290000,44490000,4440000,42560000,5762000,27120000,16460000,19390000,45420000,14380000,5456000,38580000,31270000,10450000,30990000,14250000,46170000,38390000,40820000,5969000,29100000,191.019,2.53
"573",39280000,34910000,32540000,2.8e+07,11420000,37620000,24940000,25250000,39280000,25110000,19970000,20710000,34220000,26240000,13900000,16190000,29210000,21980000,9962000,21470000,17660000,34150000,28180000,30860000,9989000,20970000,191.019,2.63
"574",34570000,11390000,14810000,9196000,6800000,14110000,9423000,9775000,15370000,10270000,8606000,6521000,12930000,34570000,4776000,10430000,9674000,7698000,2412000,6676000,4490000,13960000,8317000,10460000,7413000,7008000,191.019,3.46
"575",22190000,10160000,12950000,7819000,5703000,12030000,8036000,8474000,13210000,8637000,7521000,5422000,11100000,22190000,3820000,9857000,8157000,6509000,1846000,5546000,3761000,11700000,7026000,8864000,6073000,5856000,191.019,3.64
"576",1.2e+07,5133000,7078000,4322000,2963000,6180000,4054000,4654000,6416000,4797000,3705000,3115000,6053000,1.2e+07,1759000,6702000,4242000,3375000,681900,2776000,2372000,5635000,3619000,4373000,3009000,3162000,191.019,4.58
"577",16680000,4534000,6575000,3949000,2673000,5590000,3800000,3977000,5493000,4209000,3335000,2968000,5362000,16680000,1479000,5795000,3774000,3103000,624900,2803000,2328000,4602000,3317000,3883000,2705000,2881000,191.019,4.87
"578",10070000,1446000,2563000,1626000,1316000,2246000,1686000,1605000,2193000,1748000,1558000,1321000,2095000,10070000,3283000,2301000,1489000,1457000,310500,1114000,1263000,2063000,1368000,1689000,1246000,1254000,191.019,7.07
"579",5346000,1014000,1592000,1240000,611000,1448000,1366000,1177000,2275000,1196000,1345000,1085000,1318000,5346000,424200,1061000,1082000,1252000,328700,1259000,1156000,1428000,1081000,1158000,1044000,937900,191.019,8.54
"580",1832000,564200,872100,734600,461900,1832000,782200,619600,843900,429400,601900,539900,635600,824600,202100,385100,603200,626100,177700,708300,466400,649900,639800,658900,594200,501600,191.019,14.3
"581",130200000,20070000,20760000,11040000,752100,2980000,16280000,1518000,905700,1377000,17020000,18630000,208200,2277000,2e+07,38460000,9016000,1434000,130200000,1129000,14100000,174400,2385000,10530000,15840000,57580000,191.054,1.59
"582",27170000,136500,18980000,10360000,13270000,2013000,14790000,20530000,27170000,26570000,15630000,16600000,19450000,12160000,17720000,22830000,4608000,22230000,2398000,21650000,11440000,17110000,15680000,9972000,13480000,910200,191.054,1.61
"583",53730000,13630000,12190000,16750000,36990000,1980000,8489000,7065000,17440000,21070000,14180000,14470000,10010000,44850000,14490000,24020000,8049000,15390000,53730000,17610000,17870000,12570000,31920000,15100000,7344000,38730000,191.054,1.79
"584",66680000,12030000,10860000,12360000,22060000,478400,9677000,15210000,16960000,12970000,11890000,14790000,15090000,24790000,12170000,19300000,762600,17640000,66680000,14160000,10930000,13310000,4024000,8887000,5420000,28560000,191.054,1.9
"585",1365000,324900,232700,307600,77230,292500,169800,245700,160000,286500,225200,189400,300900,120300,240900,200400,197200,288300,251600,228300,162200,342300,215000,223700,1365000,185000,191.055,0.35
"586",1571000,1465000,1129000,1340000,161100,1350000,813300,470300,339400,533500,1084000,910300,1316000,247600,1206000,959100,924400,549100,478900,436700,733200,1571000,415800,427400,536100,351700,191.055,0.43
"587",52210000,7506000,4467000,7503000,11080000,2432000,5780000,4652000,6942000,2249000,6624000,7545000,6823000,14460000,6538000,8057000,2165000,9507000,52210000,9431000,5499000,7463000,4780000,5039000,7324000,15070000,191.055,2.11
"588",31490000,5506000,3254000,6012000,8079000,2110000,5898000,7388000,5165000,1105000,5083000,3181000,5274000,8798000,4621000,778100,3199000,7217000,31490000,6643000,3793000,5594000,2730000,3986000,2870000,8731000,191.055,2.32
"589",5716000,3467000,2286000,4183000,3861000,1986000,3716000,4945000,3825000,4974000,3677000,3462000,4119000,4485000,3010000,3556000,273800,4919000,2032000,4020000,2313000,536700,5716000,3079000,3390000,4127000,191.055,2.84
"590",6220000,4781000,3397000,2825000,3267000,2195000,2225000,1848000,2174000,4205000,1798000,3094000,1941000,2164000,2522000,6220000,2348000,2463000,2928000,3726000,2673000,2420000,3510000,1362000,3050000,3404000,191.055,10.48
"591",10330000,6286000,5096000,4015000,4608000,10330000,3517000,2495000,3514000,5950000,8064000,4628000,2882000,2564000,4175000,4954000,3795000,3651000,4327000,6592000,4286000,3578000,4898000,2103000,4621000,5024000,191.055,11.1
"592",5886000,4889000,4303000,2731000,5886000,2325000,2206000,1807000,3649000,3664000,1913000,3325000,2110000,3660000,3329000,2439000,2695000,2624000,3166000,3479000,2749000,2481000,3594000,1670000,4164000,3743000,191.055,11.55
"593",8797000,4203000,3312000,2384000,4413000,1906000,1784000,1636000,2378000,2872000,1596000,2684000,1848000,8797000,2433000,1164000,2078000,2170000,2612000,2735000,2140000,2074000,2939000,1269000,2893000,3076000,191.055,12.02
"594",9104000,9104000,2242000,2217000,2896000,1815000,1552000,1507000,2517000,3031000,1367000,2169000,1630000,4609000,2377000,2525000,1895000,1896000,1798000,2262000,1597000,1812000,2514000,1099000,2391000,2284000,191.055,12.91
"595",4084000,3126000,1532000,1693000,4084000,1264000,1213000,1371000,1340000,1963000,1087000,1499000,1310000,1930000,1081000,1100000,1216000,1527000,1317000,1780000,1171000,1478000,1712000,961400,1866000,1829000,191.055,13.26
"596",5256000,5256000,1368000,1452000,2093000,1004000,1038000,1331000,1210000,1671000,1021000,1275000,1249000,3073000,1081000,727400,1032000,1421000,1283000,1488000,1065000,1462000,1602000,850300,1501000,1506000,191.055,13.81
"597",2884000,2884000,1232000,1466000,1108000,1021000,1030000,1298000,1069000,1599000,1031000,1159000,1210000,1017000,1e+06,1169000,929500,1396000,1207000,1467000,948400,1371000,2136000,859600,1347000,1383000,191.055,15.03
"598",4496000,4496000,1161000,1349000,1144000,1006000,987600,1325000,1107000,1460000,965100,1104000,1178000,1015000,1002000,1112000,913700,1344000,1176000,1398000,889500,1407000,1596000,894200,1347000,1281000,191.055,15.19
"599",2226000,2226000,966500,1250000,820300,883300,848700,1213000,857300,1394000,898800,933100,1068000,897400,804000,862200,810700,1312000,971000,1201000,850500,1352000,1251000,785500,1206000,1149000,191.055,16.74
"600",3779000,3779000,1040000,1308000,768200,946400,887800,1221000,895700,1476000,908100,1015000,1143000,811900,851500,883000,825900,1308000,1024000,1218000,892400,1326000,1252000,821500,1185000,1132000,191.055,17.86
"601",2365000,2365000,1045000,1258000,766200,957300,810500,1176000,948100,1410000,935300,976000,1121000,836000,793800,802000,809600,1246000,1004000,1212000,829700,1358000,1185000,849800,1166000,1108000,191.055,19.07
"602",1526000,1444000,1012000,1282000,666100,953000,873800,197900,867600,1526000,972700,1099000,1160000,782000,759300,816400,837600,1317000,957600,1185000,874000,1370000,1209000,863300,1209000,1225000,191.055,24
"603",1685000,1408000,1087000,1292000,615500,960100,946300,193700,824500,1685000,1024000,1040000,1127000,792400,611000,808900,840500,1300000,920400,1237000,860300,1374000,1088000,857000,1220000,1142000,191.055,34.41
"604",3479000,NA,754200,310000,1156000,2937000,96180,175600,448600,196000,241300,315800,554500,5820,3479000,688000,398100,124000,107900,2898000,307500,362800,2381000,1552000,302300,245400,191.118,2.02
"605",6854000,NA,1369000,723900,2609000,4853000,229100,405600,538900,867400,525900,569100,993700,137100,3586000,890200,859800,328400,204900,6854000,579800,705900,3931000,2869000,469900,484200,191.118,2.6
"606",10870000,NA,907300,2338000,3860000,10870000,655300,1412000,695600,1818000,1311000,1357000,2537000,227000,6476000,405800,2997000,987100,400300,8e+06,1362000,2391000,9564000,7477000,546500,1372000,191.118,2.75
"607",5124000,NA,190200,268500,3904000,1296000,329900,155000,150200,206200,600900,118100,303700,467100,804300,5566,420300,554500,144500,5124000,132900,1121000,1192000,1087000,1291000,628900,191.118,2.9
"608",8313000,255200,1513000,1868000,2e+05,109000,238900,99760,1504000,8313000,144400,473300,97990,441100,452400,8113,196500,3409000,348800,4849000,903200,223500,403800,1021000,924600,2601000,191.143,14.59
"609",24030000,221200,3460000,4288000,482000,121700,340700,155700,4742000,24030000,171100,1098000,87350,544300,1050000,24060,329900,9212000,651900,12380000,2012000,462700,1041000,2641000,1576000,6650000,191.143,15.16
"610",19390000,191800,3115000,3708000,581600,116000,302000,143300,7137000,19390000,190300,934400,85660,861600,1167000,34400,399800,7706000,586100,10150000,1730000,438800,914200,2787000,2269000,10150000,191.143,15.21
"611",58660000,892800,3016000,908600,3688000,8483000,58660000,18540000,2389000,6378000,6161000,5547000,20920000,228200,3730000,15010000,1246000,20970000,302700,2257000,1470000,17540000,5417000,3330000,1702000,2734000,191.143,18.75
"612",831000,158100,130400,163200,98050,76750,184200,65010,95030,203200,182500,58850,84460,45270,77260,109400,51340,101800,158600,231200,73590,100600,51780,87120,111300,831000,191.143,23.15
"613",3154000,138800,155600,166300,203200,61740,52860,142300,462400,70140,113000,173400,126600,107700,3154000,160700,197000,160000,47830,86340,65690,43270,72300,125800,28570,220900,195.81,0.51
"614",3831000,175500,193400,210200,269000,60970,122500,291900,1256000,89040,113700,225500,141400,143900,3831000,201700,246700,169900,61870,109700,89090,30050,179600,161400,38030,134100,197.807,0.54
"615",13990000,1307000,4088000,2586000,2277000,1051000,3068000,2431000,5956000,2207000,2513000,3372000,2664000,2827000,13990000,7954000,2024000,3302000,10530000,2862000,2978000,2471000,5058000,1600000,5063000,1966000,198.94,1.45
"616",4348000,101200,238400,149500,392900,315000,278800,420400,541200,1214000,344700,127000,212200,127500,1037000,143700,341300,259200,544000,311300,129200,4348000,661300,179400,680600,179000,199.06,4.04
"617",4981000,80190,1381000,669100,89430,1100000,161200,618200,532900,1551000,709200,544100,877400,1150000,1021000,1263000,451500,453400,4981000,609200,632200,1898000,841300,286700,515800,587500,199.06,8.51
"618",5804000,70320,1360000,604200,124800,348600,1730000,822000,1255000,1508000,1039000,513400,1223000,1230000,1643000,1236000,711300,689400,5804000,882500,1438000,3720000,991700,486100,1216000,762200,199.06,8.76
"619",2477000,36340,197200,225300,165800,605100,266000,494200,1085000,603800,635200,229500,715900,1261000,2077000,522100,507900,455400,2075000,158700,436600,2477000,538600,456300,1656000,457500,199.06,8.86
"620",2679000,1169000,668000,1004000,720100,2848,779500,1054000,875000,2679000,6985,1171000,765200,362600,1553000,1329000,711500,631000,1734000,3218,21470,960400,16360,414500,223600,752400,200.237,31.48
"621",3777000,1115000,869000,1027000,1283000,986.2,32880,686000,18520,1719000,5338,674200,32150,782500,1223000,895200,985900,1345000,3777000,1070,4614,1977000,4215,1180000,25890,860900,200.237,31.93
"622",1321000,59230,781500,962300,1022000,986.2,29800,629100,589300,1321000,4950,610600,26430,732300,939400,841300,947900,1304000,213000,1070,4614,120300,4009,1150000,13410,797600,200.237,32.04
"623",903900,456500,357700,379300,127800,86120,309000,372000,348600,903900,75520,378000,293800,35640,541400,431000,271600,228500,694300,85270,180800,304400,115600,219300,147300,252600,200.238,31.18
"624",734400,18840,22750,27640,42340,NA,11610,15660,21860,40330,NA,9507,11360,734400,17460,17780,39650,29140,89010,215.6,226.3,94810,NA,41750,470.1,21000,200.238,32.28
"625",2760000,8193,2883,65220,11740,110700,90690,44250,44810,59210,98180,6322,10370,24660,2760000,1750,86070,262200,50350,31290,3277,24820,22690,97510,19720,4256,203.082,5.9
"626",6258000,6258000,2319,28020,12700,3391,32720,15270,1764,41820,38760,1237,6001,3663,136600,2638,45230,3860,39470,16250,8173,23090,24790,6471,1534,29090,203.128,9.75
"627",1280000,119500,216600,103400,64410,13640,164900,141600,70630,55750,67140,123700,75750,121200,96130,1280000,61400,69550,178100,1074000,438700,81440,1123000,98540,720900,66920,205.086,20.23
"628",13360000,442700,385000,1365000,335700,3866000,3041000,948400,1737000,3049000,4455000,338700,551600,681800,13360000,135800,1573000,3847000,311000,1244000,528400,489800,802100,1418000,362700,1836000,205.097,5.86
"629",12850000,657.6,606900,390800,61860,12850000,39180,389400,201400,205200,107000,1578000,1136000,414100,152500,46810,79690,181900,915.5,3734000,35830,58040,379300,5145000,186100,28510,205.134,2.8
"630",15190000,950.5,219900,992000,76210,15190000,241100,572800,338200,722200,281300,2244000,2870000,187300,350600,NA,1107000,929500,915.5,6029000,75120,90450,2515000,12840000,288700,525700,205.134,3.1
"631",2721000,950.5,40370,114500,96770,2721000,130800,376500,61870,58450,175300,206900,241700,23460,142400,NA,638300,621100,847.9,722600,41700,63280,242200,1295000,540700,48470,205.134,3.24
"632",2503000,510700,1263000,385200,273800,397200,621100,374100,527800,715700,415700,330200,578200,371900,283000,627400,279900,305000,936800,769600,165300,2503000,552300,477200,311000,375000,207.065,22.45
"633",37200000,7752000,9267000,4082000,6231000,8849000,37200000,15300000,12330000,8874000,14430000,5993000,13790000,1379000,15670000,13040000,12190000,10050000,1191000,8546000,3437000,12360000,7802000,7499000,6175000,2884000,207.138,13.12
"634",59480000,1.4e+07,19340000,2678000,13080000,15650000,59480000,26620000,16160000,13480000,27180000,11300000,25280000,4855000,25580000,22870000,18710000,17850000,2088000,13980000,5987000,23100000,11120000,11130000,11230000,5485000,207.138,13.66
"635",49120000,11090000,17200000,3536000,15190000,12910000,49120000,22190000,23270000,10980000,23500000,9507000,21160000,7774000,2.1e+07,18420000,16880000,16240000,1732000,11800000,5133000,21720000,13370000,11450000,14840000,4846000,207.138,13.69
"636",34550000,6897000,12860000,737200,18640000,8839000,34550000,16380000,21460000,7376000,17290000,6689000,14940000,8858000,14450000,12020000,12780000,12380000,1181000,8435000,3834000,16350000,1567000,9106000,17420000,3669000,207.138,13.71
"637",4202000,471800,364700,1196000,381000,410000,2090000,710300,541800,4202000,2965000,2049000,368600,322500,639600,440700,703800,651100,194300,735400,1204000,370500,2712000,309800,2273000,186300,207.138,15.56
"638",3272000,265700,377900,999900,508100,406600,2617000,852600,620500,3272000,2025000,1519000,341800,310200,710600,225600,780100,851200,186900,796600,965300,369900,1719000,352800,2661000,191200,207.138,15.71
"639",2849000,198200,432000,1353000,1037000,460000,2849000,999200,1074000,2017000,408900,580400,356000,616400,628700,825700,865600,1078000,139000,824900,442100,383300,1472000,422800,1754000,197100,207.138,16.08
"640",221200000,99160000,6852000,130300000,221200000,75750000,75670000,136300000,26720000,10820000,74060000,87510000,41160000,174900000,844400,555700,133600000,19450000,4946000,94970000,77580000,6.3e+07,125800000,73880000,100200000,35080000,209.03,1.85
"641",183800000,49960000,5634000,108700000,183800000,61570000,62510000,108200000,20280000,13240000,61700000,67550000,34980000,104900000,84150,595200,106700000,83490000,4236000,75070000,60220000,52240000,100700000,60010000,78580000,39620000,209.03,1.96
"642",2247000,509400,232400,753500,834500,547300,727900,749900,583000,1983000,599600,558100,370700,747900,1256,14810,584400,712900,19970,796800,666100,557000,2247000,477500,599400,354600,209.03,16.29
"643",2095000,156000,459800,730500,653000,532500,716700,720500,550400,578700,661900,636800,397700,1701000,660.8,15040,529500,702100,27420,863300,702700,540700,2095000,456000,616500,374300,209.03,20.33
"644",869200,99730,322400,531600,410500,394200,804100,526900,625500,672900,673400,509300,340900,657400,923.6,15540,282400,607000,19580,869200,707400,571100,530900,337900,509100,379400,209.03,29.65
"645",950900,387600,673600,143800,251200,197500,568000,393600,661200,518000,319900,174300,409100,184100,232700,315600,411800,453600,232700,388200,91930,950900,89930,516300,122500,287700,209.081,21.1
"646",1653000,494600,910200,1113000,116700,226800,843200,329200,540700,625100,317200,470300,549800,611100,1653000,577400,490000,557100,588300,401200,102300,976200,31130,702100,190700,302200,209.081,21.88
"647",4814000,200100,1633000,1560000,444600,84460,412500,146900,1979000,4814000,314700,277700,173500,630200,2229000,120400,838500,1841000,327100,2681000,757500,230500,472300,511100,1025000,2092000,209.154,15.18
"648",2891000,221200,1996000,936700,669500,98160,480600,155800,1869000,2200000,524400,213900,209700,731600,2891000,593100,1455000,1013000,286100,1568000,521300,264200,511500,855900,1047000,1099000,209.154,15.39
"649",13390000,791800,1371000,960800,1271000,4855000,13390000,6165000,1217000,5393000,1667000,2655000,9904000,350900,3393000,8241000,492000,8319000,250500,1277000,912700,6308000,1773000,1953000,955100,807500,209.154,18.6
"650",36590000,827700,1527000,1129000,2925000,4856000,36590000,8967000,2238000,6104000,1902000,3117000,11550000,399400,4506000,9176000,687100,10690000,294000,1200000,1535000,8613000,2636000,2645000,1442000,671400,209.154,18.72
"651",10190000,2166000,2554000,634900,6983000,5344000,8266000,1914000,2345000,5912000,1208000,2946000,10190000,1448000,2491000,3197000,978700,7155000,277900,988800,636800,3975000,519400,NA,501000,168200,209.154,19.32
"652",8754000,2237000,2050000,948800,2157000,4816000,1372000,1742000,5091000,5936000,695900,2596000,8754000,1375000,1391000,3243000,1109000,7368000,89580,925100,909600,4760000,496300,3823000,644400,129000,209.154,19.37
"653",935900,68430,104400,26360,26460,65700,151900,62410,103200,870400,935900,365200,85600,70210,79270,135700,53290,73860,55680,127600,350700,85430,152500,65200,161500,58700,209.154,22.73
"654",4513000,95310,212400,557000,329500,118800,1087000,340400,4e+05,4513000,1159000,181800,167200,385800,174800,993700,225700,267400,76490,620600,78330,913000,181000,134100,131500,415000,213.076,2.49
"655",17380000,7043000,1398000,238700,NA,2021000,1921000,1190000,4040000,17380000,876400,996700,2810000,142.5,66820,7920000,2869000,7211000,12520,2099000,1286000,2037000,4933000,3321000,2526000,1044000,213.149,28.26
"656",1836000,341300,367400,305500,265800,321500,328700,373900,286100,1435000,380300,1836000,1805000,260600,380600,326000,351400,1716000,325700,325600,420100,315200,391600,358200,1471000,368100,214.09,0.39
"657",1739000,1135000,703400,584900,761400,613000,1499000,718400,940200,593200,1739000,714800,718600,736600,1347000,610700,666800,703000,606900,610400,845100,1445000,763700,678500,578700,726500,214.09,0.94
"658",2135000,515500,1699000,1401000,767200,1485000,542800,1761000,852400,502000,620200,633400,636500,775400,1222000,1471000,1627000,622700,1507000,1529000,2135000,489400,1909000,1658000,512800,1815000,214.09,1.18
"659",1849000,35310,33800,37630,1849000,36210,35150,44980,522500,21210,50000,356900,346100,472000,742100,20920,46170,51290,303000,300300,433700,34940,324000,44770,309800,75810,214.09,1.35
"660",371300,21330,137700,104400,NA,15250,39570,195400,254900,23550,134300,229900,41100,NA,158900,35600,50940,271800,230400,18490,162700,153300,371300,167300,251400,181200,214.144,21.74
"661",264100,65930,197000,47460,NA,57210,264100,169200,181500,83890,93860,48080,73830,NA,95640,108300,183300,149300,104100,44610,127800,116900,138300,99740,NA,255600,216.196,25.71
"662",3197000,616100,668700,622400,587200,637500,579000,806200,3197000,613200,716700,2566000,831300,561000,1969000,590700,608700,682800,623000,601200,2555000,686000,2969000,619200,610700,2731000,219.05,0.36
"663",2678000,788000,848900,787900,941300,805900,736600,1002000,1192000,764000,884000,936000,1045000,2678000,845800,743400,759100,849200,781800,755300,897500,865500,1036000,782700,774300,980500,219.05,0.49
"664",2652000,598100,707000,682900,2652000,638600,562300,770600,1049000,556500,692200,782000,898600,883100,738100,598200,591500,591800,2201000,362900,696900,598700,973100,603300,523700,1210000,219.05,1.85
"665",7915000,NA,93970,181900,768.5,5385000,96820,286700,60380,243400,102900,1409000,577700,286900,133600,NA,430900,166000,NA,4871000,162400,6665,3082000,7915000,536600,1010000,219.15,3.09
"666",2703000,19460,275200,1507000,1015000,294900,145700,157500,1559000,444800,303800,1335000,60560,85330,1491000,1917000,810400,60410,696300,885200,181600,204400,2703000,628400,608900,832700,220.118,2.23
"667",5347000,18280,370100,2971000,359500,394500,214400,201100,1064000,1799000,482700,2170000,43080,105400,1099000,1628000,2039000,98540,634700,1750000,251800,273200,5347000,922800,446000,1183000,220.118,3.91
"668",2231000,11540,NA,32710,17420,5799,145800,42970,5966,2120000,2231000,1185000,27370,264100,108100,717900,129500,22920,5515,110800,203800,22310,1192000,3103,1060000,5011,223.133,11.67
"669",17570000,13710000,14710000,14230000,17570000,10240000,13860000,10790000,9372000,13180000,9779000,11120000,12770000,14430000,5530000,9272000,14200000,12480000,5094000,10790000,9778000,7760000,9619000,11180000,13760000,6777000,223.989,1.44
"670",1476000,340900,1119000,358100,174200,379700,1111000,408500,285200,357400,1418000,1249000,1476000,206300,196500,1384000,1228000,500800,1410000,1233000,1312000,386900,386500,507100,389400,1362000,225.061,0.36
"671",1302000,461300,452800,1180000,726500,510300,454600,558000,512100,472200,563100,496800,574400,346600,333400,558200,489200,674700,546000,496500,525200,1283000,514900,688000,1302000,536700,225.061,0.67
"672",3178000,1345000,2261000,1200000,2094000,1272000,3178000,1387000,1247000,1166000,2844000,2871000,2745000,879300,832400,2819000,1128000,1683000,2677000,2225000,2069000,2732000,1307000,1719000,1570000,2669000,225.061,1.47
"673",20420000,1828000,3370000,1592000,3751000,2397000,4799000,4523000,4753000,5797000,4222000,4985000,4965000,4085000,20420000,3729000,1467000,3625000,4654000,3325000,3095000,4463000,3614000,3557000,2147000,4599000,225.061,1.54
"674",15010000,879300,2242000,1093000,5121000,1069000,2328000,1714000,6421000,4985000,2648000,3537000,2942000,4966000,15010000,1331000,1065000,2848000,2188000,3969000,1400000,2039000,4771000,4103000,751200,2161000,225.061,1.67
"675",2515000,151600,36770,1252000,419800,319500,2515000,1921000,636200,2388000,335800,461900,38140,1820000,253500,352200,1111000,1668000,23620,1122000,369400,97350,800600,690800,1078000,66780,225.149,11.88
"676",3865000,561800,797600,1036000,1121000,822200,3865000,3251000,2224000,1726000,1316000,882900,870600,1235000,2342000,1210000,2067000,2018000,25080,1418000,813300,737300,1842000,1298000,1061000,341100,225.149,13.06
"677",2705000,200800,505200,545400,586700,358100,1989000,265900,499900,2705000,2552000,1357000,381700,218200,714500,756100,597600,397600,158900,728500,913600,462500,1948000,263500,1525000,335500,225.149,15.64
"678",2788000,155300,562300,810000,671200,403400,2788000,706700,607400,2049000,1458000,848400,397600,307700,807900,867800,672800,806600,150000,814400,648000,546400,1032000,315000,1829000,323100,225.149,15.74
"679",2794000,150100,540800,896900,1061000,447400,2794000,1018000,1198000,1788000,532000,486700,459400,491800,726800,1188000,734000,1174000,112800,753700,408100,580900,1062000,381900,709700,239100,225.149,16.07
"680",2152000,340800,127500,180900,148600,110700,526600,289400,471600,755000,946200,93990,187700,82220,2152000,244700,653300,716500,216900,748200,44280,368900,538900,314400,698000,157300,227.092,9.95
"681",3839000,1307000,1225000,754000,695700,720700,3213000,907800,1959000,3128000,2166000,553900,1772000,503600,3839000,965800,1159000,2505000,1364000,1945000,940600,1923000,1365000,691700,879000,1142000,227.092,12.36
"682",2552000,338800,21380,309800,1486000,307400,1154000,587700,2552000,787700,780000,225000,804300,247800,1357000,390600,667500,1278000,291800,733600,154900,1086000,440100,425600,1301000,513500,227.092,12.42
"683",1977000,44690,43420,256900,1746000,235900,1522000,507800,646000,587600,830700,154100,708600,1381000,1143000,303600,520500,1977000,178900,947700,57690,700400,531000,187000,251600,284900,227.092,12.97
"684",1403000,498500,76950,64230,82270,85070,1044000,446400,201600,128300,280600,104000,1403000,90380,344400,14240,1234000,78000,312100,267800,70000,120500,161100,1176000,189800,146400,227.092,15.6
"685",1615000,684300,408100,710500,115000,8918,370500,505600,419200,1291000,4722,510600,387200,149300,810300,660600,604100,655100,1615000,9576,2535,782500,2861,520600,10590,398000,228.269,33.91
"686",12250000,3448000,5139000,3770000,NA,2976000,2678000,2555000,3791000,5232000,3208000,4359000,3153000,NA,6465000,4302000,2180000,3010000,12250000,3191000,5625000,3627000,3591000,142400,5097000,3316000,230.248,30.57
"687",5803000,151900,232200,3810000,5236000,147400,126900,107400,3871000,5004000,3203000,4375000,143100,NA,114900,192100,2233000,123600,508500,146400,249000,3703000,159200,3281000,5803000,3251000,230.248,30.65
"688",4335000,46210,64430,51750,4335000,55000,40380,31940,57190,52610,44560,54040,42750,2863000,40550,68380,54230,43350,119100,51990,62080,100300,43470,80970,408700,44740,230.248,30.85
"689",1120000,1120000,32810,410700,4368,40240,650900,62360,2626,950800,484300,184400,46510,2810,768900,467000,652900,45210,443100,397900,260300,841800,390000,424400,380700,213300,230.248,31.9
"690",967000,182200,155700,153400,742100,172200,171100,136900,643300,156600,164900,142000,143600,967000,892900,174600,167100,157200,172600,175300,135100,191300,141500,161000,194800,143300,231.931,0.23
"691",5377000,550800,3415,1777000,5377000,925500,373800,1914000,158800,369100,506400,1090000,447300,775000,776,NA,2063000,1074000,3514,668600,444700,492900,1424000,1213000,1774000,305600,233.027,2.25
"692",3120000,116600,935.6,664800,3120000,279700,48330,802600,8398,164700,191600,355600,99680,902700,1111,NA,1305000,384700,2741,162800,44800,225000,450300,316000,344700,123500,233.027,3.15
"693",278500,278500,NA,NA,NA,NA,NA,NA,NA,NA,NA,NA,NA,NA,NA,NA,NA,NA,NA,NA,NA,NA,NA,NA,NA,NA,238.144,29.06
"694",829900,172400,276100,119100,150,150200,634200,534300,452300,139500,257400,159800,235900,379.2,191600,310600,829900,303000,388500,118300,42890,528300,671800,245300,554800,647600,242.175,27.87
"695",336300,198100,150000,129900,140000,336300,152100,158700,310900,116700,252300,189300,268100,268300,94260,199300,153100,175300,144700,248000,183300,286400,182700,302900,89610,242700,242.939,1.5
"696",891500,124700,276200,106400,NA,194100,891500,597500,336200,146500,233800,180000,293300,208.4,314700,332900,621200,317600,367100,119900,446500,392000,647700,176000,212.9,692400,244.191,27.84
"697",566200,726.2,5624,4316,566200,5693,13670,9861,8490,582.5,7060,2650,6776,260.8,5614,3508,18110,6123,5141,3290,3970,10070,6982,8813,192900,12690,244.191,28.13
"698",3339000,972200,362300,1053000,12560,28780,1092000,1572000,447600,3339000,45040,1266000,860200,9053,1295000,1136000,3898,283800,529500,38350,60880,170700,48360,144600,1472,337400,244.264,30.82
"699",7951000,2877000,1099000,2601000,894500,154400,3163000,3645000,2852000,7951000,193800,5726000,2705000,9229,3157000,2932000,1337000,776100,1569000,155800,305400,764500,222100,551700,275300,1007000,244.264,31
"700",29990000,9691000,4524000,8379000,3429000,152700,10240000,14340000,9863000,29990000,242000,17780000,9361000,2391000,12880000,12220000,4956000,3182000,6903000,168400,352300,3893000,306300,1894000,382100,4824000,244.264,31.37
"701",41600000,19290000,10630000,17300000,11160000,5610,14640000,18570000,NA,41600000,10440,21510000,13930000,8859000,21320000,19440000,13720000,14770000,29940000,211400,460400,18560000,16870,9977000,468600,13300000,244.264,31.82
"702",18260000,14200000,10210000,16010000,18180000,223600,NA,12550000,13770000,NA,276200,1146000,NA,7026000,985100,16960000,616600,11750000,NA,208800,421400,18260000,290100,12040000,735700,NA,244.264,31.94
"703",6134000,NA,341500,206900,576700,478100,282300,173800,339800,479600,392800,403000,173800,639700,6134000,1408000,293000,138500,236600,129400,179700,288300,710000,874500,253300,367400,246.061,2.26
"704",2632000,NA,225400,96360,149500,229500,194800,130400,43620,218800,276200,268400,246700,154700,2632000,969600,112300,15710,210700,91190,23670,69730,79810,206900,75460,197800,246.061,2.6
"705",3973000,1285000,1653000,1400000,NA,1161000,1187000,1290000,966100,1821000,1134000,1479000,1150000,256.5,1419000,1163000,1106000,1187000,3973000,1342000,2451000,1321000,1839000,178100,NA,1281000,246.243,26.38
"706",2919000,1286000,194100,188800,NA,1145000,165900,175100,1125000,179200,155200,179400,154500,256.5,45080,834200,168100,159200,348300,174800,228100,1461000,219800,1390000,2919000,1224000,246.243,26.48
"707",2021000,108900,117600,111500,2021000,111200,99570,104000,47950,92860,86820,91400,93970,NA,17100,93040,135000,106600,188500,108800,140400,271000,125800,191600,250300,100800,246.243,26.57
"708",869700,48330,47100,51950,63050,48380,40140,44630,8489,6235,7695,50400,41310,869700,18890,47810,48560,45640,72300,49070,53030,45490,50570,54430,138200,31840,246.243,26.95
"709",1255000,392500,634700,378200,710200,275700,873100,545000,330100,1255000,466400,496300,648500,493200,518400,476700,237400,664200,248000,421400,309600,307000,364000,396200,556000,246400,249.046,1.5
"710",550900,155800,330300,64640,27010,42930,61820,47180,61980,79800,42710,42320,101600,429.1,114600,550900,182200,161300,139300,38510,40760,106700,78850,185400,65450,423400,250.178,30.31
"711",732500,684100,549000,683400,NA,658400,719200,440400,76020,676900,507400,471600,495200,NA,36380,668300,606000,505700,647000,732500,445600,657400,403700,588000,672100,498200,251.047,41.35
"712",733600,104600,568200,139500,96920,672600,733600,464300,76430,694300,530000,517900,518000,141900,35560,693000,141600,531500,674200,136700,107100,694200,419000,616400,698400,525700,251.047,41.41
"713",2683000,87340,1052000,889000,2353000,803100,411400,1935000,2247000,2197000,1118000,1767000,711700,22400,1362000,164800,592000,1885000,2683000,309100,941400,928000,2661000,1080000,1494000,1293000,252.233,33.24
"714",2709000,1788000,1043000,881200,2709000,804300,414500,1916000,2252000,2202000,1095000,1730000,61200,8998,1335000,162700,553000,1867000,2626000,3e+05,912800,928000,2604000,1080000,1546000,1283000,252.233,33.26
"715",6356000,NA,NA,NA,NA,NA,NA,NA,NA,NA,NA,NA,NA,NA,NA,NA,NA,NA,NA,NA,NA,6356000,NA,NA,NA,NA,256.06,16.79
"716",14300000,NA,NA,NA,NA,NA,NA,NA,NA,NA,NA,NA,NA,NA,NA,NA,NA,NA,NA,NA,NA,14300000,NA,NA,NA,NA,256.06,16.96
"717",3120000,837600,2206,143000,688900,88430,356600,468200,721300,126900,193900,175100,130100,4277,46320,167300,164700,195900,508300,2640,3120000,3009,160300,230800,1122000,563800,261.037,1.75
"718",2582000,2582000,1817000,145500,790400,198100,731600,610300,787100,425600,469500,87370,107400,45210,91340,1028000,454300,110500,1321000,109900,1400000,896700,117300,482100,1260000,433700,261.037,2.03
"719",2529000,2529000,1634000,116900,472900,119900,585400,421300,777800,375800,215400,174100,211500,84870,34050,1090000,151100,253600,1161000,235200,815900,750100,203000,217700,849900,807000,261.037,2.04
"720",12830000,12830000,NA,NA,NA,NA,NA,NA,NA,NA,NA,NA,NA,NA,NA,NA,NA,NA,NA,NA,NA,NA,NA,NA,NA,476.9,265.155,2.46
"721",6924000,6924000,NA,NA,NA,NA,710.4,NA,NA,NA,NA,NA,NA,NA,600.6,NA,NA,NA,NA,NA,NA,NA,NA,NA,NA,NA,265.155,3.34
"722",46780000,46780000,NA,1180,870.8,NA,750.9,302.5,NA,1252,NA,NA,NA,3268,1761,NA,NA,NA,NA,NA,NA,NA,NA,325.4,NA,806.6,265.155,10.14
"723",3748000,3748000,NA,1180,NA,NA,750.9,302.5,NA,1252,NA,NA,354.5,12140,1761,NA,NA,NA,NA,NA,NA,NA,NA,325.4,NA,806.6,265.155,10.2
"724",8422000,8422000,NA,NA,NA,NA,NA,NA,NA,NA,5710,848.5,NA,NA,NA,NA,NA,NA,NA,NA,NA,NA,NA,NA,NA,NA,265.156,1.69
"725",798000,524500,221200,338100,393800,174000,111000,263400,333900,534600,229400,305100,125700,774.1,269200,7051,109000,356700,798000,42270,190100,135900,545600,142700,249300,265400,266.248,34.74
"726",1168000,19220,38750,7237,607900,13510,42040,20780,552400,1168000,7391,9269,31800,41080,3762,1026000,3741,14370,56330,156400,37600,16980,13270,5217,46400,479500,269.044,26.69
"727",3412000,4629,645.5,146700,22400,3412000,646700,1109000,3202000,80680,1457000,734100,597300,144200,25060,NA,156600,447000,220100,127000,25600,2007000,610800,1152000,35680,118900,272.129,7.17
"728",3425000,785.5,1523,161300,15980,383600,1569000,2296000,260300,1395000,2780000,61780,1037000,199800,18580,NA,204900,2468000,111700,186100,36580,3425000,248100,1936000,45970,126300,272.129,7.38
"729",1645000,442800,117800,542200,280100,55340,427600,377400,737000,1645000,62890,523100,457600,106100,593000,572300,208600,419800,850200,7236,70810,214100,71790,142100,70050,597300,272.295,33.33
"730",6243000,1571000,615400,1799000,543700,51690,1581000,2250000,1637000,6243000,51190,2862000,1638000,275200,2119000,2097000,723900,456400,898200,44690,91450,462100,60970,267300,132500,716100,272.295,33.46
"731",20020000,7129000,3832000,7468000,1860000,103200,6495000,8431000,7070000,20020000,118200,10030000,6147000,1356000,9284000,8378000,4641000,3510000,7731000,2382,212200,4344000,133700,2835000,290500,3937000,272.295,33.78
"732",17700000,8666000,4402000,9189000,7919000,112200,5655000,8429000,6448000,14700000,138700,8602000,6001000,7094000,10080000,10080000,7164000,8573000,17700000,131700,264000,11090000,185700,7618000,402300,5638000,272.295,34.19
"733",17550000,415000,213800,436500,8973000,113300,328600,458900,6285000,13600000,136800,407000,304500,6712000,310300,494800,381700,450200,17550000,5513,13480,592900,188200,364100,401500,288800,272.295,34.31
"734",6910000,5594000,5288000,5594000,6910000,4309000,5529000,4255000,4133000,5236000,4042000,4457000,4829000,5983000,2793000,3971000,5464000,5052000,2478000,4479000,3903000,3194000,3894000,4397000,5213000,2715000,272.958,1.45
"735",2108000,1707000,1583000,1707000,2108000,1314000,1681000,1290000,1243000,1609000,1231000,1357000,1458000,1822000,787000,1180000,1660000,1535000,714200,1367000,1185000,958100,1182000,1344000,1581000,817100,273.959,1.45
"736",3994000,1287000,1872000,1114000,1077000,717400,280000,1875000,1650000,968700,1376000,1914000,303300,27740,1915000,1114000,334700,1306000,3994000,1011000,2108000,1019000,2494000,1072000,2043000,1613000,278.248,34.87
"737",1667000,88080,171900,140500,1667000,322100,30810,403600,334400,93890,163000,593200,46500,136300,513700,102900,39330,203500,728900,143200,298600,171800,406600,183700,375900,320400,278.248,35.43
"738",9624000,48080,3191000,1865000,153600,20940,22730,2971000,2019000,82930,2100000,2714000,66820,665.1,2407000,2760000,25090,1734000,9624000,1915000,4426000,1977000,3073000,1677000,4166000,2501000,278.248,39.32
"739",8186000,38490,2663000,1438000,2837000,30130,24330,3010000,1962000,80520,1789000,2128000,70310,9323,2238000,2480000,34520,1646000,8186000,1855000,3873000,2796000,2912000,1162000,2614000,2239000,278.248,39.5
"740",2901000,29690,935800,862500,2773000,20600,9115,1351000,1787000,60070,646500,1210000,47700,6619,1343000,1329000,10330,1101000,2901000,1087000,1252000,1194000,1348000,1153000,2695000,803700,278.248,39.75
"741",1384000,8308,204700,299300,1384000,7342,7896,458900,670300,36320,214300,487400,18690,11270,471200,517000,11270,423700,908500,366600,415100,494200,538700,503800,953200,261200,278.248,39.99
"742",417600,303400,71300,14740,178.2,92760,68590,64520,119200,274600,43310,43260,161300,198.8,2898,417600,145500,252700,361.9,91160,69080,76010,214600,161200,NA,60670,281.136,28.23
"743",2138000,6056,413400,42220,209700,45420,1077000,116300,448000,466500,39450,81430,139700,131700,2138000,678000,57910,82330,90270,193400,180700,132800,95590,78970,85880,168100,282.155,2.51
"744",1758000,835400,45560,444800,8110,331700,692200,845300,386800,144800,702300,190200,335100,9655,1035000,517100,469800,533200,858000,87520,485300,1758000,105100,91090,576600,36780,284.332,36.64
"745",9569000,14800,650500,5498,408800,17810,472900,79820,9424000,3523000,161500,42400,219800,21420,442300,9569000,18830,74110,6703000,332200,182300,39960,203400,11220,832900,1904000,285.039,23.74
"746",7231000,12910,390600,11010,6439000,13390,307300,56920,4088000,2459000,105800,30400,145400,22190,316500,7231000,14550,50380,6412000,221500,122300,28780,137800,5526,314700,1291000,285.039,23.9
"747",4218000,34100,107700,703300,NA,760000,4218000,636300,1182000,151300,862300,107600,1322000,NA,23670,17370,287100,423700,4170,15230,326200,15820,20250,547100,15990,1581,285.149,36.79
"748",1347000,36160,115900,46670,50630,773500,510300,74850,1324000,23930,229800,14900,1347000,NA,23940,17300,23040,34920,4170,15720,356700,17840,20400,715100,18520,1430,285.149,36.85
"749",682700,NA,4125,17790,NA,230400,136400,58140,22600,46380,115100,115600,348600,37090,29820,4694,160000,38030,9608,4043,2396,111500,567.4,682700,1267,43800,285.149,37.43
"750",605100,28830,3932,1315,NA,19650,28750,3995,5602,37810,2219,1434,6883,NA,302.1,605100,6099,5267,9979,2041,278.8,8822,916.5,1293,362.9,3601,285.243,33.19
"751",61690000,NA,575600,18550,NA,32940,42530,53410,1169000,160700,231900,564400,86810,3517,828.3,61690000,15290,37670,17090,1595,11980,122200,271800,817900,17300,1420,286.144,5.84
"752",78560000,NA,699900,6690,739.1,85350,20480,58410,953100,185700,284500,233400,104400,27570,1324,78560000,33830,53600,10550,4641,10640,147100,336800,871900,39790,1428,286.144,6.41
"753",13530000,638.4,1567000,75680,1742,176500,216200,237800,13530000,616600,1087000,806800,506200,54340,2959,7490000,108600,233200,71690,40270,101000,718400,564400,6868000,83250,84240,286.144,8.18
"754",9359000,37440,6392000,879400,23110,1236000,97270,83880,5335000,129900,1232000,1694000,1026000,152200,450.3,9359000,531000,330800,121900,38420,196900,38320,134700,1949000,76820,249100,286.144,9.47
"755",14290000,39890,1375000,1645000,34020,1708000,215100,212800,5024000,211000,2629000,998600,719600,219800,985,14290000,972700,867900,73340,52470,139900,81880,290500,3416000,151900,235100,286.144,9.67
"756",108100000,22250,9230,700200,316700,662500,484600,383400,3834000,400200,1839000,215600,237000,222000,1022,108100000,430300,1406000,18980,174100,13660,927400,2625000,1587000,496100,23640,286.144,10.13
"757",51720000,28610,421800,1227000,180000,1587000,395300,299400,51720000,4058000,1784000,1462000,669200,43580,5782,8575000,603400,1308000,42210,461500,136800,3003000,1049000,2263000,183300,148400,286.144,11.41
"758",17130000,69470,NA,1789000,272900,1894000,617300,427400,17130000,4749000,3696000,827500,693400,371600,840.2,2589000,642000,1860000,76350,678300,171300,5585000,3219000,4903000,331700,128600,286.144,11.82
"759",12670000,111900,NA,3008000,731500,4479000,1193000,640100,5958000,12670000,9389000,1919000,2315000,2847000,NA,42540,1329000,3281000,224100,1599000,597800,12410000,2063000,3751000,296300,540900,286.144,12.45
"760",1.1e+07,91030,NA,2743000,696100,3661000,1153000,647100,3089000,10070000,8549000,3488000,2035000,2854000,NA,208900,1415000,3110000,163300,1400000,607900,1.1e+07,1297000,7219000,329600,457200,286.144,12.52
"761",201700,24730,71480,49870,133.8,16670,14640,41840,62430,37330,45830,59610,20520,NA,69070,43870,19760,41590,201700,43720,102000,49190,58670,44890,125300,54760,286.238,31.43
"762",9712000,2158000,4098000,3602000,1355000,1083000,3298000,3507000,1709000,9712000,1076000,5485000,2661000,31520,4895000,3270000,1943000,2591000,7524000,1048000,4842000,1412000,3006000,2379000,2432000,3118000,288.29,30.87
"763",8260000,2381000,3382000,3026000,2962000,1983000,2791000,2939000,3442000,8260000,2069000,4672000,2224000,588700,3937000,2874000,1886000,2164000,6572000,1992000,4102000,2564000,2475000,2516000,5168000,2564000,288.29,30.94
"764",19880000,8845000,9359000,8096000,4173000,4817000,7839000,8219000,8316000,19880000,5582000,12200000,6187000,3133000,11050000,7522000,5311000,5890000,17370000,5489000,10680000,6391000,6606000,6044000,12020000,7124000,288.29,31.34
"765",31970000,12750000,9940000,11870000,13660000,6098000,13160000,14010000,11680000,31970000,6515000,19030000,10810000,8237000,16140000,15180000,7536000,7899000,19870000,6548000,11350000,8255000,7456000,7302000,13090000,8493000,288.29,31.79
"766",3648000,248200,733600,459300,452000,216900,604500,468500,1353000,412100,521300,668000,501600,569500,3648000,1611000,366900,662800,2429000,589200,585800,520600,1009000,326700,919900,428300,288.935,1.45
"767",22310000,492700,969000,10740,106300,9377,27170,20840,127600,83950,90100,45070,33080,14460,145400,670200,11350,116200,22310000,157400,1068000,91610,25910,48180,323500,3166000,289.032,2.07
"768",6012000,2483000,1833000,2201000,2558000,1100000,2470000,2616000,2195000,6012000,1174000,3550000,2109000,1544000,3069000,2844000,1401000,1462000,3739000,1173000,2197000,1599000,1437000,1371000,2444000,1649000,289.293,31.78
"769",5315000,855000,2102000,1839000,NA,781600,752700,1489000,2430000,1281000,1670000,2637000,698400,NA,2130000,1438000,801200,1894000,5315000,1708000,3023000,2096000,1645000,1632000,2627000,1501000,290.269,30.81
"770",2796000,14850,37060,33290,2796000,20030,14890,25540,81230,682.6,36130,47310,15720,818600,23600,26680,27980,41040,117100,41150,12300,82600,36840,53560,330200,31270,290.269,31.12
"771",682300,256400,89020,78950,48760,460500,96550,161700,479300,51550,398400,212400,372500,208000,52810,256700,93640,151500,302700,235700,289900,616900,221600,545400,58780,682300,290.848,1.52
"772",4248000,815.9,NA,1058,164800,3268,1325,12700,NA,4117000,338100,777200,3877,854.3,8410,NA,105300,329700,493.1,215600,289600,4248000,158700,36830,437500,5800,291.087,9.54
"773",7998000,730.5,NA,1671,234200,19840,8679,31450,NA,5407000,697300,2570000,14640,815,39410,NA,204100,649700,850.1,423000,612900,7998000,342700,70590,690800,31830,291.087,10.11
"774",3819000,NA,NA,2124,54540,673.3,723,1504,NA,3819000,820600,2014000,715.1,22510,969.8,NA,1189,41400,NA,3410,4610,701500,1148,827,104100,845.6,291.087,11.52
"775",20670000,NA,NA,2124,27420,673.3,830.9,1504,NA,20670000,1011000,2118000,715.1,17460,969.8,NA,1052,17320,NA,3410,8181,549300,1148,547.5,104400,845.6,291.087,11.64
"776",47590000,1469,NA,20150,38360,NA,1057,10130,NA,47590000,2291000,8023000,1911,900.1,3410,NA,1162,13650,5664,10800,23690,362400,2055,NA,99960,1166,291.087,12.98
"777",57440000,1469,NA,31800,9166,NA,812.3,13360,NA,57440000,3013000,11580000,1911,900.1,3410,NA,1557,13650,2170,32270,41570,440800,NA,NA,125300,1166,291.087,13.08
"778",1498000,780200,55460,60250,255.1,240400,498600,420700,796700,1288000,162100,313500,775700,1015,284500,1498000,812000,758000,169300,141700,238500,499900,592100,534700,237400,85680,291.195,35.04
"779",120400000,208500,52680,NA,NA,28190,6999,14120,370800,12320,1289000,63170,148000,7170,4666,120400000,4688,6602,202100,NA,44740,34670,476000,832000,5652,NA,292.143,1.65
"780",63930000,NA,NA,NA,NA,31830,678.6,NA,326200,3443,1214000,1154,81390,7095,190300,63930000,1466,5353,1809,10420,541.7,687100,374000,120600,NA,NA,292.144,14.17
"781",140300000,NA,NA,NA,NA,74160,3839,NA,326200,27670,4367000,1154,140600,7095,229900,140300000,1466,10460,7719,24470,2487,1423000,513200,227700,NA,NA,292.144,14.26
"782",275500000,NA,9221,1841,NA,161700,3839,NA,1229000,27150,4436000,30180,411300,2542,146100,275500000,13480,11700,31670,42850,2487,2114000,1289000,759900,1692,NA,292.144,14.48
"783",297500000,561.9,2021,NA,433.4,4360,NA,NA,986700,92040,863800,10480,9482,15050,10480,297500000,12550,6758,12710,1565,441.2,545600,103500,763800,9088,NA,292.144,14.83
"784",43730000,561.9,25570,471.5,433.4,15260,NA,NA,73660,133900,609900,9993,1013,193500,102400,43730000,1348,30540,77740,3209,3162,690700,4811,444000,447.2,NA,292.144,15.22
"785",27670000,NA,NA,NA,841,587.1,NA,NA,NA,NA,132000,NA,NA,909.8,1198,27670000,NA,24560,NA,NA,NA,5675,15680,79450,NA,NA,292.145,11.91
"786",26220000,NA,NA,NA,1345,981.7,NA,518.2,4975,NA,194600,NA,NA,2399,2522,26220000,NA,902.7,NA,NA,NA,45780,19600,18190,NA,NA,292.145,12.85
"787",73790000,NA,NA,NA,1345,981.7,NA,518.2,11960,NA,204000,NA,NA,2399,2522,73790000,NA,902.7,NA,NA,NA,73180,23830,18190,NA,NA,292.145,12.88
"788",5375000,285800,1644000,1670000,1676000,125300,155300,2523000,2674000,301100,879300,2794000,343400,49060,2352000,130400,130800,3577000,1760000,303100,1273000,1782000,5375000,1796000,1867000,1707000,292.227,33.7
"789",6265000,146600,653200,902000,6265000,61380,58650,1288000,1735000,108700,1065000,1565000,185800,25500,1737000,52110,80950,1821000,2213000,114600,795900,1137000,1921000,1129000,1149000,1175000,292.227,35.24
"790",5314000,307500,1805000,1740000,3482000,143300,204800,2658000,4423000,356600,2185000,2913000,392500,54150,2512000,113300,141300,3766000,1483000,332900,1318000,2017000,5314000,2100000,2641000,1785000,292.228,33.74
"791",7908000,293400,3099000,2782000,2347000,119000,191600,4509000,7908000,148900,3822000,6044000,519100,51400,5802000,86380,161900,6424000,5711000,443500,2730000,3720000,6938000,3630000,4885000,3704000,292.228,34.76
"792",523300,355000,354300,344700,NA,385200,270800,276300,206400,314600,326200,326600,265600,181.9,220000,302400,338400,306000,523300,315200,414400,301600,366600,350100,397500,316400,293.175,32.01
"793",519700,356000,365000,65090,398800,357100,51080,285200,223700,292500,57360,333400,266800,181.9,220000,55610,356200,315300,519700,52300,55500,52760,62240,327600,466900,53760,293.175,32.08
"794",388500,66800,71550,66060,388500,70980,47690,58830,23340,53220,61050,63460,60230,210000,26480,62240,83410,64120,76010,54470,50890,79580,62570,102800,70060,54100,293.175,32.13
"795",5285000,2676000,642500,288600,65640,659200,1570000,564000,1685000,5285000,484700,586800,1393000,7508,739400,3114000,711000,1857000,131200,662500,518900,486100,1865000,1121000,914800,311400,293.211,35.82
"796",1262000,61840,263500,362600,215300,660700,267800,224200,419700,151000,806500,117900,644400,724000,118500,7577,1262000,397800,129300,358800,55670,519600,130700,298900,225800,204500,295.103,15.74
"797",669500,1666,1020,23370,5857,6911,23040,8016,26520,12310,39610,2778,20000,51280,655900,3883,11020,9770,44270,148300,1041,43380,3992,106900,28200,669500,295.103,20.05
"798",703400,233500,NA,272.1,NA,1025,422.3,9026,8070,4747,5908,NA,451.8,NA,56350,2696,2974,7875,16710,703400,106100,136300,166800,1991,92290,2159,296.165,21.02
"799",8805000,59940,1286000,1495000,1092000,31830,28490,2234000,1656000,153200,1321000,2156000,70640,304.1,2264000,2119000,24830,1802000,8805000,1663000,2614000,1990000,2554000,1452000,3979000,1279000,296.295,44.11
"800",258800,73430,34830,26530,3756,176800,36610,66920,4350,18180,137300,91040,125200,3921,49100,111900,39670,48300,124900,86200,106200,1876,75940,196800,1720,258800,296.88,1.48
"801",126100000,NA,1950000,59450,236000,681300,120000,51520,57170000,127900,9711000,118400,106200,165200,62130,126100000,131000,63110,1708000,640000,160900,163400,9434000,7641000,476200,955800,298.144,1.67
"802",36030000,NA,2117000,59450,240900,756400,130900,51520,14230000,95030,8652000,5508,106200,120300,73240,36030000,147000,63110,1864000,759800,160900,163400,3429000,4818000,509300,251400,298.144,1.71
"803",23200000,NA,371200,1822,3797,215200,18450,3786,23200000,174800,6958000,3337,796.3,266600,NA,8411000,6412,3069,468500,491600,848.7,94690,1209000,1806000,82330,309300,298.144,2.4
"804",36290000,30230,1981000,73720,108500,574500,199800,64940,36290000,271700,5775000,87320,85710,69070,103500,4277000,156400,95410,1346000,703200,71080,186000,865100,5172000,232300,694900,298.144,4.89
"805",36690000,35210,2208000,82380,130900,590700,208000,70370,36690000,286100,6289000,96180,89530,75350,122900,14920000,440500,101800,1266000,771000,74750,188400,833200,5395000,255900,729900,298.144,5.08
"806",10670000,15350,4335000,107900,178800,762400,232400,82810,10670000,334400,7371000,119700,102100,233700,194600,3712000,99590,119700,1449000,832900,87910,203600,861500,6131000,282600,855000,298.144,5.66
"807",202700000,61900,1743000,206100,202100,1785000,428500,161100,202700000,608400,13350000,238600,196400,263800,173300,1320000,349500,185700,3315000,1454000,152500,373500,3513000,11250000,379700,1599000,298.144,6.38
"808",83550000,76520,394200,294800,216200,2016000,655300,226000,83550000,906800,17480000,316400,258300,286100,233200,1254000,537000,272400,3270000,2167000,219700,493000,2603000,14840000,463400,1984000,298.144,6.6
"809",33420000,58070,294900,294600,233600,1447000,735700,235800,33420000,1711000,17910000,293300,241700,301600,271300,1755000,940700,339100,2191000,2618000,246400,600900,676600,16070000,531000,1961000,298.144,6.69
"810",4799000,NA,4799000,4597,5832,83340,12660,18430,1307000,3856,1716000,8159,475.7,1826000,135000,2877000,53040,9197,162200,50250,33620,20420,500300,2563000,45510,106800,298.144,9.02
"811",3795000,NA,3795000,4597,11230,70840,12660,18600,1332000,1550,2688000,3056,4239,174800,137400,400800,26320,4526,301400,56710,47010,25380,545400,1093000,54310,103200,298.144,9.24
"812",6470000,NA,1592000,3091,33340,88200,11820,5308,3153000,33860,525900,62400,9457,20720,223500,6470000,28780,7264,3306000,233600,387400,67550,560600,559800,38680,1198000,298.144,10.13
"813",5282000,NA,1618000,6484,20400,113800,21250,15160,3974000,12630,548800,79390,9129,49740,312300,5282000,50590,12260,3551000,216400,470700,48740,583000,680300,41650,277700,298.144,10.31
"814",5447000,NA,1762000,15790,9619,154200,28920,27030,5424000,18860,620400,97910,9129,62560,415300,5447000,93550,20630,3776000,201700,511400,23230,558100,916300,52830,3170000,298.144,10.38
"815",31920000,NA,31920000,78830,654100,710200,214400,375900,31210000,75910,1452000,103500,15330,27830,5185000,11010000,186800,136300,4072000,627000,315000,158600,8238000,2760000,511600,1331000,298.144,11.28
"816",45890000,NA,33400000,101400,816200,766200,296700,400800,45890000,59270,1685000,135300,15330,40430,6081000,11110000,44420,163400,4556000,1519000,376100,251900,6796000,3212000,507300,1508000,298.144,11.42
"817",76710000,1044,3534000,96990,731700,765600,366300,439600,76710000,156200,2372000,114200,14190,30950,7281000,14730000,386100,191900,6802000,4957000,526700,303600,7760000,3655000,640300,3908000,298.144,11.75
"818",55460000,1836,1912000,107100,854800,1003000,437100,505200,55460000,272400,5929000,139900,26350,89390,9783000,17650000,512900,228800,9635000,5246000,696000,273800,9535000,10550000,806600,2975000,298.144,12.1
"819",65550000,4095,1200000,117500,1013000,1144000,503800,577500,47260000,263400,4269000,179000,26800,97750,11670000,65550000,614400,266300,12330000,6001000,853100,320500,11150000,5232000,890500,3840000,298.144,12.26
"820",1.26e+08,4095,705400,129200,1144000,1271000,541800,646400,87390000,241700,745800,194500,16570,159900,13140000,1.26e+08,704300,284700,14830000,6747000,974100,324100,12650000,7548000,999900,4477000,298.144,12.35
"821",84570000,4664,135800,239600,1645000,3150000,834500,1431000,30060000,265300,431300,373400,31550,271500,29050000,84570000,1967000,451200,33590000,14090000,2109000,326400,26480000,4640000,1474000,9386000,298.144,12.84
"822",263300000,5513,78900,301700,2079000,2856000,1341000,1816000,20490000,242400,476900,448600,38750,214300,23320000,263300000,1894000,705200,27380000,16590000,2832000,469900,34070000,10700000,1930000,13720000,298.144,12.93
"823",718100000,5513,11410,253200,2295000,2168000,1175000,1590000,13750000,184200,634800,391100,34150,196200,914900,718100000,2126000,616000,8206000,14150000,2432000,424400,5845000,1228000,3300000,519700,298.144,12.99
"824",279300000,NA,237400,5064,92190,105300,876.1,1553,10180000,NA,77990,2250,862.5,350000,75480,279300000,36960,968.8,31850,143600,23920,NA,1790000,559400,37330,48820,298.144,13.81
"825",125900000,9567,379300,11230,21110,431400,5167,6783,18360000,5779,1649000,11390,49910,5103,158000,125900000,59680,8389,128100,183800,42820,40270,8808000,666300,49920,23440,298.144,14.44
"826",50150000,825.5,567600,18600,54850,866400,32890,11540,38690000,27890,1850000,62130,129200,NA,160400,50150000,197800,26660,175200,257800,101900,97930,25850000,1160000,136300,21400,298.144,14.67
"827",49990000,825.5,541400,18600,60510,860400,32890,11540,14840000,26040,4757000,60900,128100,NA,156100,49990000,75500,26110,174300,246600,99900,97130,27940000,2082000,133000,21400,298.144,14.68
"828",131800000,825.5,109100,6123,103300,338900,10960,2124,8774000,6074,1670000,10630,1293,1716,102600,131800000,223600,2802,113400,113500,49040,43530,6999000,214700,234200,19600,298.144,14.83
"829",63740000,NA,33520,749.6,93490,94400,1485,2124,5414000,2460,1322000,436.3,2494,1771,113800,63740000,15690,655.9,45810,62510,7674,18850,7682000,196600,40380,3989,298.144,15.16
"830",136900000,695.1,134800,955.7,11840,104800,1300,15160,2932000,1244,693700,558.4,6561,45260,217400,136900000,13200,765.5,302000,86250,40350,19740,513300,259000,16600,31160,298.144,15.74
"831",22790000,NA,355300,4587,30000,186900,1174,11320,9124000,606,1061000,2664,18970,2300,287600,22790000,50750,14980,623700,48020,109600,12360,1805000,305400,61670,2978,298.144,16.11
"832",61470000,NA,613000,25280,46310,416600,9752,16720,19620000,6318,2897000,22780,45300,22230,3497000,61470000,200800,17090,1238000,77660,301100,37730,8444000,591300,194000,29540,298.144,16.45
"833",13440000,774.7,122300,46710,113300,418000,31310,30680,13440000,34860,667900,38300,8164,1218,9665000,5233000,112500,21430,163400,186000,315700,87170,4731000,305400,407200,54750,298.144,16.87
"834",17430000,900.9,168000,42120,274900,258900,38350,35130,17430000,30670,205400,41090,6825,33800,9211000,6542000,222900,35790,188300,240200,470100,117100,14340000,656900,889000,79240,298.144,17.05
"835",7848000,1687,234400,28050,1301,219500,10110,20840,5947000,5479,2536000,26370,478.3,160400,7736000,30690,61960,24380,363700,171000,328000,1284,7848000,191900,149900,10940,298.144,18.01
"836",14380000,6368,311300,44520,1301,318900,34130,43670,9442000,3431,4555000,48250,1127,5514,10880000,30690,195000,35000,822400,259100,649000,28470,14380000,248500,1155000,39160,298.144,18.15
"837",22140000,6368,258900,34920,389300,248100,28490,35530,22140000,3431,4249000,37880,1127,1738,8361000,26180,165800,26670,738400,199300,560200,28470,8487000,682900,1367000,23950,298.144,18.19
"838",3541000,NA,72560,1694,976600,154000,NA,931.2,2318000,1145,3541000,706.9,526.7,2953,1747000,355700,11100,5843,467900,42840,177000,17640,1371000,90040,1159000,1807,298.144,18.4
"839",10780000,NA,NA,948200,NA,227600,10780000,3864000,3741,317200,1451,138600,1849000,195.3,NA,2664,5128000,1799000,NA,541,199.9,NA,322.9,297700,NA,NA,299.128,31.88
"840",871300,NA,40070,44410,11040,34790,315100,99540,123500,76370,2534,174600,129400,210100,547600,647,511600,72770,24060,1010,NA,717800,1083,871300,9385,3762,299.128,32.68
"841",4425000,777.1,54770,6750,83570,35130,4308,7866,4425000,900.8,347900,8394,1114,3186,1353000,274100,26830,794.4,68390,27470,108300,2595,1244000,111700,263600,566.9,299.148,18.24
"842",280200000,NA,362900,9556,111100,114100,25270,4376,10370000,29910,171800,119600,577700,2987,23440,280200000,11430,8113,255800,149300,202100,703200,672000,1166000,93730,159400,299.149,1.69
"843",50900000,NA,NA,23600,610900,15540,119400,135100,2406000,1869,1696000,964.4,1013,33690,37430,50900000,116200,58940,122200,742400,190600,69730,1186000,513500,564400,307700,299.149,13.09
"844",34720000,774.3,38580,2343,5547,266200,1775,1632,1692000,777.3,2050000,706,6114,1067000,909500,34720000,24770,1715,51380,23810,47620,6749,1105000,48630,46770,880.4,299.149,16.58
"845",87440000,NA,2760,79910,2684,14590,1080,677.7,676100,6834,1117000,507.5,926.4,52690,5356,87440000,1087,1121,5000,6832,13160,248800,109900,116700,3050,2194,299.15,13.95
"846",1.394e+09,NA,10890,77520,2684,14590,1080,677.7,4251000,6834,1121000,507.5,926.4,49770,5356,1.394e+09,1087,1121,5000,6832,9925,270800,91600,120800,3050,2194,299.15,13.98
"847",465500000,476.7,38720,7253,26320,55580,764.9,1220,387700,3873,2e+06,7606,6563,NA,72630,465500000,3938,1554,62210,3497,7345,591100,529800,138800,16840,956.3,299.15,14.48
"848",168300000,1005,45850,1037,6481,172600,24190,2472,6209000,61980,7203000,425.2,54600,552400,149600,168300000,43500,558.5,122600,12500,19340,100700,559500,120000,45350,6710,299.15,16.13
"849",238100000,15190,3262,35100,61070,281900,1584,7957,1604000,76280,2347000,198400,161500,9974,46780,238100000,62470,27820,1295000,179500,202200,3905000,675900,156000,2083,726.2,299.152,15.23
"850",86700000,3147,5229,7721,172100,1801000,42680,7055,6145000,154000,20510000,66550,1484000,1441000,105900,86700000,26320,59040,140400,84410,186000,826800,7710000,350300,70060,2271,299.152,15.72
"851",690700,80110,140400,55340,NA,54880,208800,111400,42270,690700,247900,334300,52990,NA,51840,7256,60050,179000,206200,99630,41750,144000,237600,36500,232000,51960,299.306,32.59
"852",359300,7072,10310,3760,154800,3897,12440,9250,2139,53100,7073,21910,3703,359300,3642,1431,3770,15370,12150,8251,9311,15280,18650,3331,230700,1993,299.306,32.79
"853",12270000,1258,39540,11980,16360,165600,32450,64530,3547000,40810,383700,10730,48390,118600,6683,12270000,24550,28930,116300,72560,22660,20920,128700,19860,8877,60680,300.159,15.4
"854",61900000,5974,2091000,40510,1938,324300,27270,35850,35670000,111300,450000,228400,277300,39190,53570,61900000,49130,33210,284100,120400,216900,104600,435400,293600,56310,78090,300.16,8.35
"855",330700000,8690,382900,507700,41490,9507000,132700,88320,330700000,569600,6302000,1150000,1742000,9813,62710,52810000,413700,280900,1156000,134400,661400,436300,2182000,2547000,204300,340500,300.16,9.69
"856",375600000,56270,65180,986500,114900,13500000,800700,536900,258600000,375600,26750000,268200,471000,64050,20100,375600000,870100,1695000,50170,163600,133200,346000,4134000,4431000,1138000,98330,300.16,10.2
"857",343900000,11270,167800,403100,265300,7562000,690100,298000,105300000,571600,15990000,227700,496800,82390,5284,343900000,318800,1030000,140900,435600,121300,1146000,7267000,1696000,1059000,68310,300.16,10.49
"858",3.36e+08,1169,355600,417600,405800,7326000,429500,181400,124700000,1264000,11490000,291900,683200,123900,4929,3.36e+08,261800,669700,187700,1017000,163800,2492000,1795000,1435000,424700,67010,300.16,10.9
"859",512900000,3958,2696000,676900,122000,11080000,519600,254900,512900000,3883000,14980000,524700,1001000,322000,24780,361400000,411600,870100,169600,338000,266800,1995000,1991000,2327000,318200,157800,300.16,11.36
"860",1.464e+09,12680,10900,1212000,131700,16340000,969500,453500,1.464e+09,4339000,24910000,940400,1254000,483900,60110,48910000,653700,1669000,217500,1064000,536200,3039000,9976000,2656000,724400,255700,300.16,11.93
"861",5130000,1159,47480,31040,23160,58900,7921,16120,5130000,23520,119500,885.2,1986,175700,4090000,21880,13240,11370,90270,63320,29250,20940,202200,58850,15810,17640,300.16,16.78
"862",1902000,280.1,2110,110100,9105,540500,1902000,470000,3228,28250,33490,4716,198000,507.5,94720,227,75770,297400,301.7,NA,1097,7302,NA,21420,NA,569.7,301.143,32.27
"863",1471000,NA,135.4,6332,NA,153900,1471000,522700,246.1,93810,449400,34980,142600,1923,NA,9597,188400,342500,2600,190900,22060,NA,7703,4402,47150,1208,301.143,32.9
"864",4094000,NA,2591,86540,NA,2556000,3292000,729800,254400,92340,1326000,326200,4094000,1065000,3977,59840,598100,629900,403100,75400,380.6,9048,2324,338200,34790,107700,301.143,33.2
"865",3559000,228.6,2218,58440,2448,116500,2e+06,36390,254700,64620,877900,253100,2713000,3559000,2706,45370,26990,434600,282400,46480,2825,8156,1481,324900,12930,3458,301.143,33.3
"866",1398000,NA,210.4,143900,NA,161000,1398000,344400,4621,4870,6147,NA,199100,NA,NA,523.1,46490,331700,453.8,NA,141.2,126.3,NA,2902,114.7,NA,303.159,31.56
"867",5913000,247.1,573.8,2440,135.6,55250,5913000,1366000,6146,14720,51850,50090,858600,185.3,311.5,9715,1025000,2063000,2802,948200,23090,521.7,15660,4645,147200,13780,303.159,32.19
"868",3409000,NA,1982,1910,135.6,147400,3180000,609700,33920,464.9,15680,22600,1079000,3409000,3461,16290,308700,518300,150700,80370,NA,5636,2705,304900,18110,335600,303.159,32.58
"869",679200,679200,NA,NA,NA,NA,NA,NA,NA,NA,NA,NA,NA,NA,NA,NA,NA,NA,NA,NA,NA,NA,NA,NA,NA,NA,304.076,25.43
"870",2037000,NA,828800,242900,259,NA,NA,721700,639800,20050,677200,916500,6198,NA,1032000,1090000,494.2,424300,2037000,803700,1007000,520300,1061000,607100,1575000,346200,304.262,42.85
"871",370700,27920,11720,26140,4270,3850,34920,45660,7623,370700,4263,104500,25450,2688,38590,43930,11070,7926,26940,3391,12720,20970,5675,6931,14420,13240,304.285,29.33
"872",912200,7538,1799,11250,943.2,4057,6197,2858,19010,5602,2925,1867,1045,1573,1680,3513,1782,7631,912200,5885,16620,8757,2121,8297,8192,1657,304.912,1.25
"873",5099000,2489,432700,40840,8225,255400,28630,40290,5099000,41730,NA,27740,6286,616200,1829,2735000,9556,128100,4307000,20310,83110,64910,728100,1627000,702900,2380,305.152,17.71
"874",145100000,NA,43850,60430,538.4,224200,474.2,13390,110700,1014,3517000,3112,1162,80210,NA,145100000,NA,7729,1276000,18240,53300,969.3,530500,91010,5854,NA,306.157,16.36
"875",122700000,NA,191700,51640,1490,722600,760.3,15700,102400,NA,14060000,9200,8823,69280,NA,122700000,5053,16630,1022000,3504,139300,1048,965200,149500,53280,NA,306.157,16.59
"876",29580000,NA,141000,9346,1490,812900,527.8,816.9,67040,636.8,18490000,8922,8823,34740,1293,29580000,4285,4199,324900,6521,104300,1048,87780,96900,70810,NA,306.157,16.81
"877",18410000,NA,3490,30970,465.1,664600,1220,5935,12240,42980,18410000,3080,680.1,50560,NA,9917000,NA,1216,268900,9875,24270,501.2,1739000,65320,2129,NA,306.157,17.33
"878",62470000,NA,NA,NA,NA,NA,NA,NA,NA,NA,1059,503.5,NA,NA,NA,62470000,NA,NA,NA,NA,1999,5056,NA,NA,NA,NA,306.158,13.26
"879",109500000,NA,NA,NA,1003,NA,NA,NA,NA,NA,2877,775,NA,NA,NA,109500000,NA,NA,NA,NA,1417,7322,4626,NA,NA,NA,306.158,13.64
"880",20960000,NA,NA,NA,5947,206600,3548,NA,230700,NA,432800,19730,48720,NA,2227,20960000,24560,NA,459700,2285,76850,99290,220700,NA,4266,4014,306.159,1.67
"881",50250000,NA,1540,NA,NA,797.6,NA,NA,2317,23130,30110,NA,496.7,NA,NA,50250000,NA,NA,1890,1095,1789,16160,1488,674.5,NA,NA,306.159,14.09
"882",122900000,NA,46650,250.8,NA,42270,NA,NA,138500,3246,120300,909.3,3687,3051,NA,122900000,4159,NA,68500,6263,4827,138400,54220,2351,1157,NA,306.159,14.66
"883",99190000,NA,16690,28270,17780,1101000,990.9,319.3,659500,76580,1970000,37000,239200,22280,4951,99190000,206400,3662,1560000,90170,192800,456900,1072000,28670,4828,NA,306.16,15.28
"884",225200000,NA,14880,28820,3023,997600,990.9,278.8,8e+05,93650,2355000,38020,194100,632,4141,225200000,240700,3662,1317000,88290,167600,390000,911000,15120,16250,NA,306.16,15.4
"885",3813000,13130,2842,497.2,1349,489.4,868,464.6,2538,3813000,181200,953.6,1546,15040,5076,5007,431.1,381400,24890,1266,1041,24960,676.4,572.3,1561,3167,307.082,3.9
"886",415500,19040,2842,497.2,1309,489.4,868,367.2,2538,397400,172600,953.6,1546,11920,11560,3147,431.1,415500,25830,1266,1041,28560,676.4,572.3,1561,3167,307.082,3.95
"887",6325000,57570,936.7,418.5,4155,NA,646.1,694.3,1342,6325000,125100,3778,1405,603.9,8481,2408,441.7,473200,14280,705.5,520.3,284800,670,942.9,641.8,1890,307.082,4.29
"888",8863000,1568,NA,NA,NA,NA,410.1,NA,NA,8863000,188300,NA,283.5,629.3,1316,1505,356,17010,497.2,NA,NA,622.9,NA,NA,NA,434.5,307.082,8.92
"889",2299000,711.6,NA,NA,NA,333.2,NA,NA,NA,2299000,196700,NA,NA,NA,2607,NA,343.5,10290,1789,NA,NA,1003,366.9,NA,NA,626.2,307.082,9.22
"890",323500,4044,54250,128500,60910,259100,213400,224700,197200,86500,151800,73730,141300,285100,63310,79290,163600,193100,66330,96520,41720,323500,159100,129500,54560,26570,307.206,32.79
"891",437000,400.8,253.2,314.4,25370,1300,1067,2810,2133,NA,319.9,290.7,347.9,437000,NA,NA,977.1,622.5,380.9,306.3,NA,1331,360.4,647,2385,NA,307.207,33.18
"892",431000,12340,104400,171900,68060,5166,5803,257200,307000,6171,212500,299400,22130,NA,237400,2682,7835,412000,431000,23800,192800,224900,424200,224600,221700,266100,308.222,34.3
"893",529800,16810,135400,220400,481700,5152,6839,326400,393700,3615,274300,376300,24830,758.5,293000,2970,8356,524100,529800,25810,236700,294500,526600,290000,295500,328400,308.222,34.72
"894",2350000,NA,NA,NA,NA,NA,NA,NA,NA,NA,NA,NA,NA,NA,2350000,4590,NA,NA,NA,NA,NA,NA,NA,221.6,NA,NA,310.181,20.9
"895",785000,14840,416400,236400,640800,20790,16560,401500,785000,87330,245900,472700,55400,1648,418200,4888,11370,555200,683100,33470,157900,280000,619400,313900,341200,289800,310.238,30.15
"896",1555000,32370,728900,359800,596300,7970,47230,877200,1370000,250800,450400,589300,129600,1393,629100,17530,16600,880600,1555000,74330,291200,502100,831000,437800,692000,562700,310.238,32.08
"897",1656000,47080,591700,446700,1218000,35500,41740,941800,1409000,179100,486400,631400,130800,17790,575700,24090,32150,948200,1656000,98630,305300,521200,1153000,552600,817100,565400,310.238,32.42
"898",7093000,280800,2089000,3031000,1393000,177400,166200,4543000,6443000,311300,3621000,5270000,568600,23690,5725000,110200,203700,6862000,6290000,453100,2866000,3619000,7093000,3963000,3829000,3985000,310.238,34.31
"899",8728000,335900,2290000,3756000,8728000,143800,167700,5464000,7807000,116900,4455000,6280000,592100,59120,6785000,70670,207800,8076000,7337000,499600,3548000,4988000,8079000,4982000,4393000,4955000,310.238,34.72
"900",1438000,113600,378900,570600,312500,33650,28140,883200,1273000,181600,659600,1042000,139700,26980,1089000,28020,68310,1290000,1438000,76540,538100,769000,1272000,785700,715000,785000,310.238,35.22
"901",19770000,NA,NA,10660,NA,20610,9053,15300,1887000,2032,277700,11110,59850,NA,3275000,11470,4344,46700,17280000,8541000,2702000,42780,19770000,802400,2530000,483800,312.16,12.91
"902",7874000,NA,NA,10180,NA,16880,9053,15300,2112000,2032,4133000,11110,51630,NA,143300,11470,5417,46700,5207000,7698000,133400,41950,7874000,582800,1732000,361000,312.16,12.92
"903",3513000,NA,NA,5780,NA,22930,8114,7736,2243000,NA,354300,NA,3379,690.7,6954,20160,1158,22470,629500,1872000,746300,16560,913400,240900,3513000,25330,312.16,13.09
"904",186700000,NA,2448000,98010,NA,60250000,NA,671.7,1331000,133500,186700000,15360,13600,595.4,511300,1656000,23120,17110,82680,68710,2758000,1071,2797000,628600,954100,474,312.16,18.82
"905",1376000,107500,292400,394700,349100,133200,190000,545100,637700,159000,350300,731800,97910,176500,639300,412100,72980,497000,1376000,361500,494000,482200,546500,384000,909100,353900,312.327,47.33
"906",636900,37110,144700,18220,521600,30150,67210,32870,636900,14310,142600,30750,16450,179800,259100,162300,77350,30530,64210,170000,261400,27320,229500,303100,4522,131400,312.327,47.47
"907",116500000,NA,2102000,112500,NA,64900000,NA,1763,NA,72220,116500000,17810,23150,NA,1770,859600,11340,25950,159500,16810,1648000,475.9,55260,89030,NA,NA,312.661,19.12
"908",358900000,NA,1104000,132200,NA,80920000,NA,1763,861.1,202100,358900000,9236,11460,81300,9012,1655000,1376,15070,323400,11880,985300,475.9,221300,111100,654.1,NA,312.661,19.29
"909",13740000,NA,3038000,128500,152300,1634000,2814,4944,13740000,1943,137500,224900,261900,NA,13990,12340000,207700,8618,691700,23490,119900,22060,188200,601600,92860,432700,314.139,1.7
"910",10630000,NA,1273000,55520,122500,1902000,NA,5531,10630000,1943,92260,3779,17780,NA,7427,6423000,81770,5804,183000,7475,4593,8948,142400,186000,75130,62550,314.139,1.87
"911",25840000,NA,1203000,56960,108700,1678000,1202,7025,25840000,NA,137300,2898,12260,NA,14050,7457000,55980,18000,171200,11100,NA,3202,148800,707300,76890,37550,314.139,2.45
"912",11870000,1322,3397000,74680,125000,1892000,111300,70600,7558000,184600,181400,64240,111500,639100,182100,11870000,193600,57350,286700,312800,43370,276600,279300,303900,25880,146500,314.139,9.46
"913",15580000,1322,2216000,15580,33530,2233000,133000,79470,8673000,205700,200700,73210,131900,916300,200900,15580000,212500,67630,337900,343500,46920,314100,308600,362600,76230,171100,314.139,9.59
"914",34920000,1424,1851000,138300,110800,2923000,192000,126700,8510000,254800,264800,106500,170400,691000,277000,34920000,383400,93830,442600,129600,63100,422500,552900,453000,114500,376300,314.139,9.88
"915",33870000,14080,7014000,268200,33470,5354000,223000,146100,33870000,406000,855500,189300,317400,234000,586500,184400,492900,159500,799200,618200,120600,749000,521300,1426000,224100,383100,314.139,10.53
"916",53670000,4325,3474000,397800,298400,8369000,290300,208900,53670000,514600,717700,267100,517700,285000,854100,112300,1200000,232100,1308000,996400,163000,1077000,1226000,1360000,213900,485800,314.139,10.92
"917",96410000,66650,1548000,766100,367700,16950000,512000,374600,96410000,1163000,1120000,544400,1025000,343800,1555000,29890,865000,356300,2230000,1646000,319600,1674000,1466000,2535000,271000,938100,314.139,11.12
"918",13910000,75580,1146000,1118000,412600,13910000,708200,457400,2346000,1252000,1514000,613400,866200,451900,1033000,26860,1088000,540600,88560,2854000,403700,2225000,204100,4155000,473000,1397000,314.139,11.27
"919",27080000,394.7,NA,NA,538.8,NA,497300,109100,378800,1416000,NA,NA,604.3,NA,NA,27080000,NA,22310,NA,NA,NA,NA,NA,NA,NA,NA,314.158,14.72
"920",14260000,NA,360100,1929,3319,68830,NA,NA,2848000,NA,NA,692200,168000,NA,NA,14260000,58090,NA,1489000,1661,2433000,NA,3912,NA,1212,245500,314.176,1.76
"921",75460000,NA,1247000,288900,660700,69650,1478,8365,34040000,298500,49290,380900,207200,NA,115400,75460000,710700,2183,1452000,56870,562800,99610,265900,85390,180900,265700,314.176,4.47
"922",71140000,NA,1217000,322000,320900,304000,1478,12790,3053000,347000,31980,383000,213600,NA,112800,71140000,772700,7360,1457000,76090,554500,118600,278400,91510,195200,169300,314.176,4.58
"923",64840000,NA,1192000,347200,339600,332200,6198,12790,4879000,380400,18970,382800,221200,NA,104600,64840000,816500,12200,1446000,82100,549600,135700,288100,98370,209000,169900,314.176,4.66
"924",127600000,517.3,210600,417500,633700,474600,64600,59290,127600000,446700,278800,72870,39010,NA,108400,16310000,802800,36640,469800,141500,222700,941200,1226000,116600,401300,17710,314.176,5.91
"925",18230000,NA,46040,159100,801000,155600,63800,39510,5813000,462400,258500,42300,29260,NA,183000,18230000,271500,65840,285500,361600,127300,3648000,3963000,55450,402100,31160,314.176,6.38
"926",37190000,NA,52930,77880,479200,298600,2529,1248,33660000,1668000,57290,63110,15000,36300,94030,37190000,225800,664.4,530700,239200,192200,2279000,244800,23100,7887,31410,314.176,7.83
"927",68650000,NA,1990000,224300,211600,342800,35840,18970,17710000,1717000,150900,310000,168000,25130,139700,68650000,421200,12970,1515000,278600,630500,3371000,591200,67210,143300,147300,314.176,9.25
"928",203400000,NA,733100,329400,314300,131400,54970,40650,12840000,2126000,226900,476800,270100,142800,215200,203400000,634900,50740,2655000,387900,926500,4544000,102600,112000,215500,373800,314.176,9.69
"929",87570000,918.1,863600,388900,368100,179500,62940,55590,36300000,2342000,292100,572800,331800,220300,291200,87570000,749600,60130,3390000,458000,1099000,5295000,1187000,137800,255800,105800,314.176,9.88
"930",26520000,1840,808100,471400,442500,1021000,83540,71460,26520000,2620000,356800,687600,395900,251100,492100,12990000,941700,72640,5283000,568800,1334000,6207000,1911000,183800,320200,481500,314.176,10.01
"931",57440000,1103,4375000,789700,814100,818900,95240,78500,57440000,4123000,423000,1193000,78320,127700,232800,120500,1515000,93570,3319000,708500,4342000,10400000,559700,212500,568200,381600,314.176,10.62
"932",117900000,NA,179400,1071000,1039000,1128000,125100,110800,117900000,4881000,581500,1479000,879900,134500,312800,25990,2080000,138000,4929000,824200,3114000,13470000,2048000,293700,726700,467200,314.176,10.92
"933",33480000,16230,30320,2040000,1235000,1823000,204800,197600,33480000,9950000,1127000,2859000,1224000,164700,586800,29040,3363000,207900,7093000,1601000,5557000,20280000,2362000,507000,869700,900500,314.176,11.13
"934",30870000,25380,13300,2625000,1353000,2752000,297600,274600,3806000,13880000,1354000,3566000,2226000,188800,531000,31050,5155000,339900,8773000,2346000,4632000,30870000,4635000,799300,1023000,896300,314.176,11.19
"935",30770000,25380,3057,2297000,1417000,153600,303600,243000,845300,12480000,1150000,4439000,1561000,252200,387200,23480,6049000,342200,4600000,2259000,9714000,30770000,160300,762300,1505000,1350000,314.176,11.25
"936",4908000,NA,NA,5090,4908000,11310,623,392.9,NA,55320,2433,16080,3711,244300,1291,14480,3888,505.4,1777,22380,31180,354500,2014,2504,279400,1011,314.176,11.77
"937",1881000,NA,241500,308500,14860,520500,197000,484500,407700,364100,316200,161100,343500,14940,1881000,1386000,641100,494200,699500,329800,120400,462700,578200,452400,69060,351800,315.071,13.47
"938",20360000,136500,1378000,762400,236800,6351000,705800,1669000,3632000,2748000,3888000,1508000,1755000,351100,1276000,20360000,1047000,1500000,1898000,667200,267300,2563000,1219000,3272000,291400,886200,315.107,4.42
"939",19400000,162200,1206000,666700,284100,952500,611500,368300,4142000,4648000,3798000,2246000,1656000,840400,2045000,19400000,1043000,1464000,3340000,622400,234300,5145000,1159000,3202000,350200,833200,315.107,4.46
"940",12370000,213500,611100,362000,383700,1225000,332100,508000,4035000,773000,2381000,421500,1035000,370500,3093000,12370000,682200,960100,1140000,429100,148900,2572000,711100,2122000,476900,521900,315.107,4.57
"941",8445000,NA,NA,NA,NA,1121,575.7,369.5,6759,3834,1324,333,NA,NA,NA,8445000,NA,NA,7102,2739,NA,NA,1764,NA,NA,NA,315.161,16.16
"942",53260000,NA,117100,42520,20000,80900,3380,1185,3511000,372600,16160,72700,40170,3756,25230,53260000,99970,785.8,353900,46850,99500,756700,130400,8530,28510,36210,315.179,9.3
"943",9999000,NA,88100,54860,53070,87060,3380,866.1,3171000,385800,45160,74580,42660,7219,32400,9999000,109300,785.8,364400,36240,24960,770500,140500,12510,34760,38250,315.179,9.39
"944",121500000,NA,315500,9463,NA,130100,2239,3569,1407000,30340,1187000,33790,7587,764.3,246800,121500000,8221,11940,593300,17660,88990,88410,884800,160800,960.6,95040,315.18,13.85
"945",20620000,NA,276900,15620,182700,341800,3839,NA,20620000,42610,1028000,131400,246800,33120,69710,3748000,97260,26550,332900,83680,151900,33090,266600,2516000,283400,72180,316.155,1.67
"946",21340000,NA,68100,1459,140800,283000,824.8,1688,21340000,5320,721200,52080,72530,35170,73330,2737000,6680,22680,195800,92120,18470,21030,225500,1649000,186700,30310,316.155,1.97
"947",36140000,NA,308800,42820,307200,554100,88160,58590,36140000,206400,2282000,89260,158000,97930,496300,2002000,285800,165400,372700,309500,86390,190200,740500,6388000,386300,189000,316.155,2.74
"948",33430000,NA,285600,73770,141700,606700,233700,112800,33430000,388700,121100,86980,371800,378700,617200,1321000,211400,195900,43020,481800,14310,304700,343200,493900,182700,11620,316.155,10.07
"949",76280000,NA,209000,146800,183200,1151000,388100,203000,76280000,596800,464300,142400,322500,373900,315300,13070,57860,236100,269400,390900,87130,467300,979600,106100,275900,4418,316.155,10.52
"950",2789000,NA,7164,217000,268200,318600,613900,320200,2789000,1436000,1265000,258700,112900,595300,72010,38270,795000,863600,34460,853900,211300,1295000,1918000,2586000,540400,5505,316.155,11.06
"951",23440000,23440000,559000,691700,666600,615000,1058000,1613000,437700,241200,289200,331800,100800,22930,90510,378600,226200,407000,136300,200500,163300,558500,378100,490400,729600,180900,316.285,31.95
"952",36530000,36530000,2245000,5894000,566300,3966000,4330000,7840000,700400,1785000,1785000,3733000,589600,2429000,564700,1563000,1850000,3161000,613600,1610000,919700,3143000,3383000,3185000,1715000,792800,316.285,32.3
"953",3762000,1968000,1918000,2804000,2038000,95030,976900,2477000,3275000,2478000,975600,3094000,1112000,74940,3074000,1344000,1392000,3709000,3762000,116200,899300,2777000,2758000,2358000,1838000,1898000,316.285,33.68
"954",2066000,225000,1476000,195900,96650,188000,179000,1055000,683500,550600,153400,1554000,889900,34540,1715000,1034000,552800,218300,718900,147800,2066000,156000,197300,185400,1473000,1083000,316.322,33.09
"955",3703000,1153000,2770000,1043000,1306000,729600,902300,2018000,195100,2600000,1610000,2902000,1650000,46560,2878000,2105000,1272000,845100,2844000,748400,3703000,810700,1023000,871400,2966000,1990000,316.322,33.27
"956",4818000,1911000,2137000,1801000,440900,1223000,1619000,1559000,1114000,4623000,1738000,2252000,1258000,194100,2078000,1692000,1145000,1343000,4818000,1188000,2809000,1336000,1579000,1398000,2128000,1557000,316.322,33.36
"957",10260000,3934000,4277000,3695000,1915000,827900,3661000,3817000,1754000,10260000,2320000,5618000,3083000,1023000,6220000,3048000,878700,2866000,7488000,804200,4719000,1210000,3346000,1198000,3801000,2716000,316.322,33.61
"958",11560000,5301000,5416000,5110000,3233000,3033000,4694000,4417000,4875000,11560000,3097000,6314000,3639000,936700,6585000,4506000,3142000,3700000,10940000,3112000,6437000,3998000,4090000,3794000,8831000,3711000,316.322,33.71
"959",18820000,7304000,5342000,5373000,7594000,2941000,6998000,9034000,4807000,18820000,3005000,10720000,6504000,1536000,11220000,8957000,3133000,4019000,9104000,2323000,6368000,3938000,3987000,3741000,8692000,3346000,316.322,33.92
"960",21650000,8611000,4683000,7728000,8098000,2632000,9326000,10370000,8876000,21650000,2783000,12520000,7686000,5073000,11660000,12490000,4881000,4947000,12120000,3259000,5625000,6411000,3789000,4513000,8789000,4112000,316.322,34.09
"961",12040000,376400,4472000,7196000,11480000,122500,554100,8699000,235600,1232000,143300,9976000,6852000,4999000,574800,12040000,4824000,274800,665900,3072000,5398000,6201000,179900,242100,8348000,3881000,316.322,34.17
"962",7991000,156400,114400,189200,322500,49110,213400,192100,300200,468400,50430,251800,153900,7991000,119500,299400,174800,106100,316800,63600,128400,287800,53470,166100,441100,96620,316.322,34.35
"963",11130000,234600,1937000,206200,147700,831300,318700,692800,3697000,932900,11130000,438400,299300,113900,2518000,2293000,285900,797000,263600,288800,12090,1351000,275500,1151000,137100,206300,318.155,3.65
"964",12060000,597800,4744000,270400,108100,2543000,777400,1095000,1409000,3708000,12060000,1088000,2538000,538500,663900,1090000,340800,1126000,449100,172500,50630,1396000,192100,2888000,71940,320200,318.155,4.42
"965",1645000,67210,1132000,75850,115300,56990,117300,32610,442500,184200,495700,181100,217600,101900,659400,1645000,59130,188000,394700,75820,26940,479400,149700,74170,45700,195200,318.155,6.99
"966",7303000,85960,2640000,129700,120300,554600,306200,362900,447700,237900,7303000,531700,513000,111800,554100,5029000,166700,332400,734300,217400,55090,701300,149100,642400,16610,477200,318.155,7.52
"967",2378000,12360,629700,55810,105100,96580,73110,91800,481200,169300,1004000,9988,139000,319300,2378000,778100,104800,224900,319300,120500,25240,561200,75320,89220,81430,254100,318.155,7.73
"968",5621000,1147000,2603000,2066000,237700,554000,328900,2700000,2458000,1204000,2206000,2619000,1126000,15520,1444000,458400,682500,2952000,5621000,428700,1730000,1877000,3566000,837500,977700,2578000,318.241,36.78
"969",7552000,2251000,3702000,3019000,1765000,1415000,807500,3841000,3884000,2741000,3262000,3731000,2168000,62910,5355000,789400,1382000,4292000,7552000,699500,2571000,2669000,4843000,3564000,4082000,3662000,318.241,36.92
"970",6976000,2931000,3586000,2796000,6445000,1995000,1141000,3742000,5853000,3846000,3099000,3570000,2520000,186100,5076000,885400,2252000,3824000,6976000,883500,2556000,3146000,4288000,4194000,4226000,3478000,318.241,37.15
"971",6565000,1356000,2204000,1634000,6565000,655000,225100,2294000,2641000,1379000,1895000,2130000,1075000,340000,3462000,222300,1121000,2388000,4850000,254100,1509000,1134000,2734000,3878000,2819000,2214000,318.241,37.29
"972",3954000,655200,1950000,1279000,3463000,347600,222900,1983000,2852000,657900,1748000,1675000,729000,1200000,2982000,189900,481300,1933000,3954000,429200,1313000,1426000,2487000,2236000,2405000,1893000,318.241,37.56
"973",4304000,325600,1295000,804200,4304000,231300,142300,1337000,2658000,369800,1275000,1198000,407300,124500,1938000,180100,352100,1296000,2702000,301200,874100,1166000,1848000,1590000,1973000,1289000,318.241,37.59
"974",1758000,116100,381400,243700,1758000,65080,35170,481700,711100,151600,348400,360800,119600,97880,935200,49710,84650,428800,1237000,65340,242700,254400,539100,512500,578000,371200,318.241,38.12
"975",1059000,58930,245600,161600,1059000,30250,20660,303900,617000,60760,235900,213700,65700,33480,4357,34350,54530,291300,788200,43660,150700,194600,287200,9129,11770,255500,318.241,38.17
"976",23100000,7937000,10860000,8982000,273.9,7393000,7372000,7396000,9799000,13480000,7497000,9287000,7417000,704,12160000,7348000,6790000,7265000,23100000,8328000,14840000,8646000,9162000,7913000,11940000,8626000,318.301,30.71
"977",23220000,338500,464400,375700,16260000,298600,301700,7384000,10010000,567300,302000,361800,7157000,704,165100,7389000,6737000,274900,23220000,8208000,717400,8908000,422200,338800,17630000,363200,318.301,30.81
"978",15830000,231200,320100,267000,225700,212800,210900,191400,142700,5207,214400,257000,197900,7842000,85290,195500,NA,228300,NA,284100,499700,NA,252700,388700,15830000,249300,318.301,30.94
"979",1977000,115900,11640,23170,1571000,15800,15160,15480,14490,7802,7831,9193,1878,1977000,588.9,3943,11980,9285,21540,15770,11610,29680,24450,4324,55620,4300,318.301,33.38
"980",27630000,1486,520100,611200,539300,346100,956400,201900,5754000,1570000,670800,5079000,179700,644400,29880,845200,1588000,263400,7397,443100,27630000,172500,1931000,253600,663500,227900,319.045,15.34
"981",19060000,NA,353800,341200,713900,124600,571500,76300,8845000,655200,455400,3330000,126700,1456000,25180,592600,279500,102300,4709,139800,19060000,142100,1432000,43720,1008000,56020,319.045,15.44
"982",2891000,180.6,13800,7330,396100,3811,23540,2898,450400,39690,12730,157500,991.5,2891000,284.1,31530,48700,7406,142.2,3659,1242000,1712,59600,5341,39970,3570,319.045,16.03
"983",6186000,291.4,7537,7234,142500,1355,14780,1698,312300,30750,4294,110200,1061,6186000,284.1,22340,34390,2025,142.2,4098,923200,910.5,47070,890.5,16110,3013,319.045,16.2
"984",1661000,1987,797.6,57730,4298,153700,1564000,559300,43020,776000,565200,1087000,1566000,364400,838.4,1574,1661000,923800,NA,NA,285.5,6129,NA,95270,2442,796,319.154,21.81
"985",2515000,NA,NA,138700,NA,870400,2515000,518500,NA,28120,38190,NA,285800,NA,NA,NA,91810,341500,NA,NA,NA,NA,NA,1204,NA,NA,320.186,32.3
"986",2357000,419600,822700,785100,394100,223500,80210,1129000,1191000,315800,999700,960000,348700,1389,1207000,164500,196700,1021000,2357000,310700,799800,797200,1389000,1006000,1373000,1196000,320.257,35.64
"987",3714000,2825000,954900,822700,2627000,1139000,442200,1208000,1602000,478600,950000,2524000,1363000,33330,3714000,583400,1259000,1379000,2742000,368200,1942000,1889000,3573000,1169000,1455000,3181000,320.257,36.19
"988",4475000,2663000,1641000,1257000,4027000,1085000,403400,1835000,1390000,2691000,1342000,1617000,1114000,48110,2446000,477500,1333000,2010000,4475000,375800,1061000,1277000,2567000,666700,901400,1790000,320.257,36.29
"989",461900,257300,112000,136900,88150,456000,107500,182700,361700,66810,349200,227000,327200,241800,42520,227100,160400,178800,181200,231300,238300,461900,206700,440900,85400,431800,320.867,1.51
"990",419100000,NA,NA,NA,NA,NA,1902,662.6,NA,NA,4668,NA,680.3,1501,NA,419100000,NA,428.5,NA,NA,NA,NA,NA,NA,NA,NA,321.161,17.38
"991",10320000,NA,NA,NA,NA,1187,1585,1454,NA,9933,NA,NA,1010,2256,NA,10320000,5222,2889,NA,NA,NA,NA,NA,NA,724.1,NA,321.169,12.98
"992",68950000,NA,1934,1581,9853,35720,23530,95390,4371,1618,6728,3637,43520,10230,17560,68950000,NA,40950,4884,33220,690.1,791.4,1453,3054,11860,16530,321.17,15.52
"993",442600000,NA,6437,1465,5539,43630,197600,52740,7358,12310,33100,4406,125600,802200,13820,442600000,47370,137600,1037,2384,1364,527.7,503.6,18060,10260,2310,321.17,16.55
"994",808300000,NA,6800,1743,5539,34130,157900,35490,NA,13530,18280,5237,134300,757500,43430,808300000,44850,90600,4019,1863,1396,1252,930.4,24280,7199,15440,321.17,16.79
"995",666100,NA,14580,54660,65010,63370,666100,196200,33540,1068,7445,21740,97200,NA,21430,NA,23880,179400,22570,476.1,6541,14640,31010,7766,31530,12100,322.202,31.58
"996",2292000,NA,220.2,266900,570.1,48410,25640,142500,2297,232.5,51160,29200,705500,NA,7437,NA,2292000,167400,45380,137300,4115,293700,139300,267900,151500,688000,324.123,17.86
"997",4162000,NA,374.3,252300,18780,2149000,732200,226800,62210,1234000,1424000,187200,545000,23170,11450,3183,1717000,1709000,23740,1910000,2531000,198500,4162000,1807000,1505000,684900,324.123,20.75
"998",58440000,27930,171100,8073000,61470,19280000,366300,3739000,340100,1238000,777100,141200,20930000,2839,1365000,1697000,52790000,1073000,5350000,58440000,626300,4896000,6216000,19290000,4629000,39930000,324.124,17.43
"999",198600000,42890,113800,31940000,176900,60390000,4610000,17680000,1467000,1443000,12330000,3080000,58090000,550000,3350000,NA,177500000,10730000,9358000,198600000,861400,45840000,21780000,75580000,40450000,77290000,324.124,17.81
"1000",185800000,33930,111700,30510000,999300,57500000,13240000,17560000,1715000,1288000,5061000,6825000,55760000,750400,3351000,NA,169300000,28450000,9109000,185800000,817200,47930000,20760000,76380000,49040000,72270000,324.124,17.84
"1001",59380000,4780,11730,NA,1803000,10100000,2260000,NA,2302000,410700,1574000,1340000,12160000,3365000,786000,6853,45160000,6710000,1615000,NA,251500,27730000,2835000,40280000,59380000,NA,324.124,17.98
"1002",9353000,5385,10210,1068000,3763000,2531000,356700,903200,480000,43010,309200,249500,3032000,5756000,172500,6853,9353000,1115000,323100,5460000,44890,2168000,846600,6898000,NA,2051000,324.124,18.19
"1003",34900000,34900000,4233,5152,29670,1249,978.6,1027,8208,20450,700.6,502,905.8,28080,4937,2463,1475,662,4819,13980,1409,5064,5520,6436,7317,8542,325.092,18.69
"1004",1976000,1976000,1537,3101,NA,NA,20890,1679,7041,26570,624.6,1093,774.1,10740,1479,28780,843.4,592.8,4690,2060,7022,3878,3718,8625,1770,4099,325.092,19.7
"1005",1961000,1961000,10420,425.5,3735,754.3,14710,6676,15240,15410,4149,652,7877,16600,5552,31300,7954,444.3,5521,10270,1325,23130,7592,13580,4305,6789,325.092,21.03
"1006",1591000,1591000,7126,591.7,1775,633.2,4958,1500,4533,13250,1123,1007,626.6,1827,14620,9688,596.3,867.6,NA,2481,1578,5647,NA,391.8,2565,2245,325.092,21.98
"1007",1018000,1018000,308.6,468.8,188.6,716.1,430.3,206.8,644.7,NA,210.4,166.9,155.7,238.8,3259,506.5,203.5,NA,178.3,312.3,193.2,1648,NA,232.8,191.6,353.5,325.092,26.3
"1008",2842000,2842000,NA,11360,2796,1482,9977,7233,NA,2460,2270,694.6,1431,2698,NA,NA,2626,14680,NA,4775,1570,27490,NA,10480,14090,1305,325.093,12.35
"1009",6686000,6686000,NA,3411,4711,1482,9977,5648,NA,1322,1442,621,1431,2392,NA,NA,1930,6172,NA,4775,749.8,16280,NA,1492,12530,1305,325.093,12.5
"1010",4862000,4862000,4681,5931,9730,644.2,42820,10430,23540,19520,2010,719.4,40900,36230,6896,NA,7234,6842,661,14330,4679,17480,12100,2773,33340,12880,325.093,16.51
"1011",31950000,31950000,4681,891.4,5519,NA,33710,13200,15340,11860,2010,719.4,100300,40110,6896,NA,5182,6251,2245,7446,4679,11370,23690,9187,25800,21400,325.093,16.65
"1012",39120000,39120000,NA,891.4,1384,NA,13020,7269,1882,1135,1055,564.9,78610,34320,4243,3275,10350,1239,2575,2234,3265,25220,4684,1022,4405,11130,325.093,17.04
"1013",65740000,65740000,4081,NA,3600,NA,11070,986.1,2056,7663,1055,936.8,NA,13240,3428,3275,NA,1239,2750,NA,1458,42410,1692,1022,6020,NA,325.093,17.34
"1014",33080000,33080000,8253,NA,846.4,NA,34130,11240,6372,18380,NA,3862,NA,9812,8572,NA,NA,NA,1219,NA,5238,51010,6100,NA,NA,NA,325.093,17.64
"1015",2108000,2108000,16650,1603,3929,840,12050,702.9,4533,10540,1123,1007,626.6,1827,62850,7274,596.3,867.6,7833,NA,513.1,5453,NA,1423,2565,3451,325.093,21.79
"1016",49410000,NA,11420,6312000,102900,12550000,2184000,3372000,215600,337600,2314000,1194000,12460000,54640,703100,NA,35860000,4763000,2008000,49410000,195200,6250000,4747000,11420000,6290000,17600000,325.127,17.83
"1017",8023000,NA,NA,NA,NA,NA,NA,NA,NA,NA,NA,NA,NA,NA,8023000,117800,NA,NA,519.8,NA,NA,NA,NA,NA,NA,NA,326.175,17.36
"1018",3935000,NA,NA,NA,NA,NA,NA,NA,NA,NA,NA,NA,NA,NA,3935000,4069,NA,NA,519.8,NA,NA,NA,NA,NA,NA,NA,326.176,17.18
"1019",3315000,4421,25510,6076,8383,8384,41790,5140,27250,108300,15410,376.7,10000,NA,3315000,68820,4378,457.7,588.4,25420,48030,18550,62570,5757,6597,NA,326.176,18.41
"1020",9712000,13180,30960,8601,9759,8384,77760,11000,35670,59250,16200,376.7,10470,NA,9712000,123100,17820,457.7,588.4,26720,31090,6424,69720,13900,15240,NA,326.176,18.43
"1021",2946000,39850,2897000,167100,45870,236000,364400,146100,27700,77580,603400,808000,145600,18540,280400,66960,41360,145500,2946000,166600,20160,13410,39920,71920,13220,513700,327.16,15.54
"1022",6766000,138400,5358000,572600,555700,597400,1100000,703500,1109000,5019000,2518000,2124000,363500,117400,892900,415700,245600,600500,6766000,747100,71680,1025000,271600,384900,196500,1419000,327.16,16.43
"1023",1025000,480800,86530,198100,NA,45810,275000,101500,41100,1025000,315600,784700,45920,NA,22920,32440,81640,244800,441300,360600,111500,339300,1324,45190,287400,122300,327.338,34.71
"1024",685700,17050,764.7,5212,185300,460,8354,938.6,416.2,11070,8870,24500,520.9,685700,386.9,497.1,2929,7803,19180,15160,3321,26340,13220,1998,3190,1995,327.338,34.95
"1025",25920000,11250,1039000,27720,416000,144500,90320,7781,400500,115900,182700,18360,157700,NA,6589000,25920000,244000,266300,278200,443200,63430,204700,707900,126200,211800,101700,328.155,5.97
"1026",79010000,9954,985200,37620,124000,24080,36580,4335,36410,161500,114000,27700,159500,NA,5944000,79010000,266200,243900,372600,595000,10930,341200,509800,89110,192000,13370,328.155,6.4
"1027",142400000,63320,1167000,90450,54250,295800,50570,27090,404000,302300,175300,58520,467900,19890,1516000,142400000,2784000,256300,419000,293200,356000,131300,231300,201500,204200,141200,328.155,8.3
"1028",435100000,220800,435100000,103200,787700,332500,131600,58220,802000,667100,285900,213800,677700,638000,13100000,405900000,6940000,262200,861000,122200,337500,1023000,780500,2598000,409100,124900,328.155,9.89
"1029",1.14e+09,302500,413800000,144900,261400,678500,173100,75230,1511000,870200,353600,162400,1214000,366500,7594000,1.14e+09,15120000,296100,1287000,798400,129400,934100,1004000,7225000,465500,528000,328.155,10.19
"1030",1.307e+09,252400,369500000,177600,68190,296400,230300,104700,1549000,1088000,554800,210700,960600,261300,14160000,1.307e+09,6970000,345500,2082000,150500,171300,1044000,1671000,2279000,665600,1106000,328.155,10.5
"1031",925100000,191200,309500000,322900,396500,1180000,355200,164100,3479000,1370000,925100,450200,2529000,296500,10400000,925100000,4610000,402100,3126000,1691000,615000,1490000,2790000,2518000,886400,2594000,328.155,11.02
"1032",734300000,296300,329400000,492200,620000,2396000,489200,231300,2163000,2336000,1286000,605400,2488000,358700,34330000,734300000,5495000,518300,1297000,1865000,683700,1932000,3175000,3745000,1040000,5242000,328.155,11.12
"1033",767800000,339700,767800000,634500,500600,1224000,576700,271600,5548000,2394000,1263000,646200,4591000,550800,1.7e+07,464400000,7007000,793500,1749000,2449000,1304000,1977000,2995000,7728000,1487000,1349000,328.155,11.25
"1034",1.965e+09,333500,1.965e+09,647700,635500,1273000,468600,273000,2996000,1091000,949800,390300,1043000,1187000,10750000,218300000,17040000,623400,1035000,6682000,512200,1762000,3831000,3660000,1775000,939100,328.155,11.83
"1035",1.928e+09,439200,1.928e+09,710500,1456000,1549000,686300,333000,3183000,2218000,1251000,517000,1486000,1242000,23440000,152600000,9426000,759300,1413000,7937000,878700,2875000,4314000,3419000,1306000,1246000,328.155,12.03
"1036",1.726e+09,392200,1.726e+09,708900,979000,1569000,770800,333300,3053000,2777000,1171000,664600,3109000,1343000,9807000,65300000,13900000,1019000,2225000,55210000,1839000,3633000,3364000,3684000,1348000,2086000,328.155,12.11
"1037",1.346e+09,444100,1.346e+09,453500,942000,717000,351300,157200,3642000,1882000,468800,906000,629700,2162000,224300,7430000,15900000,492300,1196000,22970000,1019000,1153000,2279000,6156000,1287000,186200,328.155,12.56
"1038",1.135e+09,428100,1.135e+09,566100,1309000,302900,371900,172300,4247000,1725000,602100,855700,619300,1904000,317800,5942000,1848000,531000,1433000,20300000,1594000,693400,2622000,9774000,613300,2016000,328.155,12.75
"1039",881200000,208600,881200000,672700,934100,1458000,446400,194200,8579000,1831000,702000,595500,713700,1592000,468000,4730000,16940000,682900,1475000,21330000,555700,624800,3066000,1324000,421200,2404000,328.155,13
"1040",5.27e+08,44740,5.27e+08,1073000,493700,2770000,731100,291200,12480000,3370000,1022000,1072000,797800,3300000,631500,5676000,820000,827300,3243000,24990000,788500,1185000,4129000,1369000,311300,3317000,328.155,13.32
"1041",310400000,49850,310400000,982200,493100,3811000,879700,296000,1270000,2770000,911900,978900,1585000,3700000,367000,6615000,653400,1177000,372000,7508000,1227000,1069000,2965000,1468000,413900,5782000,328.155,13.41
"1042",180600000,21790,180600000,789200,496100,1565000,789400,248900,5073000,1639000,711900,820300,759400,3329000,402900,6594000,563700,744800,390000,46330000,649700,27540,1840000,1306000,480900,3508000,328.155,13.42
"1043",63010000,141700,63010000,518900,27540,6492000,698700,322000,1378000,518500,1254000,341500,1338000,2499000,1191000,16230000,1064000,1311000,815200,2881000,464300,522400,689300,3210000,225900,3972000,328.155,14.28
"1044",9.9e+07,166900,9.9e+07,988600,279100,9603000,1328000,586100,2370000,1608000,2010000,467500,1364000,45880,968800,3864000,1945000,1205000,1331000,8823000,341500,945400,1057000,9759000,963400,4141000,328.155,14.84
"1045",203700000,371500,203700000,2020000,371100,15340000,2799000,1164000,4241000,3254000,5780000,1192000,2089000,387900,1992000,2233000,3392000,1811000,1393000,11280000,461800,1696000,2646000,20020000,1543000,6124000,328.155,15.19
"1046",40030000,342400,40030000,1520000,433600,28070000,2121000,756700,4631000,2761000,5011000,1031000,3267000,1420000,3459000,2780000,4311000,2671000,2290000,18710000,1117000,2249000,2186000,30760000,2718000,755000,328.155,15.32
"1047",108700000,341800,108700000,1428000,472900,1392000,1975000,686000,6486000,2538000,4719000,972400,384500,1852000,3281000,2932000,3704000,149400,100300,1450000,878400,2225000,1945000,24570000,2912000,9534000,328.155,15.35
"1048",27410000,140800,27410000,118500,658200,1098000,167800,104100,7750000,313200,72790,74050,326900,3963000,4713000,3585000,960500,313500,78380,1217000,32080,1155000,631600,1789000,2072000,613300,328.155,15.54
"1049",12340000,108900,12340000,48070,951700,407200,80290,67400,1851000,195000,187300,46540,33480,5343000,402500,3004000,875200,112000,32700,249000,256500,907100,413300,97710,483600,37290,328.155,15.75
"1050",5712000,2047,3877000,8719,269000,68130,1271,532.3,17030,5923,1835,415.3,26450,5712000,297400,2196000,91320,50960,27930,179900,9826,15970,20320,73490,37930,22270,328.155,16.46
"1051",8227000,911.6,8227000,5816,1525,97630,694.1,2414,36820,5459,6797,1659,35250,207500,140300,1679000,73820,145400,9056,189100,2360,53420,20710,155600,14420,128000,328.155,16.86
"1052",25910000,NA,NA,101700,394200,685300,20050,47420,25910000,525700,100600,132700,118300,115200,273300,14930,471700,17720,6321000,4263000,185600,360300,319300,72660,21180,4216000,328.191,13.49
"1053",14910000,14910000,188200,12530,40810,106200,122100,16960,231200,360100,193700,79150,87810,87540,321800,112300,31300,67240,237800,60290,77580,3770,76880,75120,52570,81540,329.087,2.51
"1054",21460000,21460000,264600,42340,23180,148300,121600,20210,198900,47890,135100,91410,90880,98710,322900,149500,30610,28640,269500,19010,53300,61490,42960,22160,21990,113000,329.087,2.7
"1055",18540000,18540000,719,NA,NA,NA,NA,NA,NA,NA,NA,NA,NA,NA,NA,NA,NA,NA,NA,NA,NA,NA,635.1,NA,NA,NA,329.135,3.34
"1056",2324000,2324000,619.6,NA,NA,NA,NA,NA,NA,NA,NA,NA,NA,NA,NA,NA,NA,NA,NA,NA,NA,NA,NA,NA,NA,NA,329.135,3.75
"1057",143700000,64850,70670000,107100,86590,274600,110400,32860,659800,486400,259500,129500,682000,56510,5746000,143700000,1147000,123200,1436000,478500,161900,382100,649200,691200,215800,545100,329.158,11.17
"1058",128500000,597300,NA,3570000,4347000,NA,5644000,1871000,128500000,4043000,4792000,286100,6694000,8141000,221500,42760,3847000,4524000,7342000,NA,2427000,11820000,1526000,11920000,24160000,7643000,330.17,14.55
"1059",3627000,NA,3627000,6536,24680,68740,656.5,396,2123000,92520,44720,5651,10790,1706,149900,655700,23660,691.8,162300,79300,5679,131900,436700,10680,5038,38690,330.171,7.2
"1060",1836000,647.1,65940,568.1,134300,130100,1427,580.8,224700,3828,127000,3954,36080,24620,261000,75160,23980,731.4,222000,125700,13200,78550,1836000,50760,43260,88150,330.171,9.24
"1061",39240000,252100,4339,1539000,313400,39240000,1508000,768900,37160000,155400,3253000,1214000,4035000,198700,144300,15330000,859300,1531000,4314000,1877000,641900,113100,5118000,2776000,1088000,7401000,330.171,13.17
"1062",49960000,251200,87490,1556000,823500,39710000,2502000,942800,40850000,2713000,3888000,1253000,3975000,305600,4609,49960000,807000,2205000,4887000,6434000,685200,2486000,4934000,2888000,5700000,7447000,330.171,13.41
"1063",143700000,1829000,2580000,7908000,1222000,143700000,8927000,3629000,104700000,13370000,15750000,7271000,21980000,5239000,520200,47510,4330000,8204000,28860000,34720000,3645000,9080000,14250000,11990000,6673000,45180000,330.171,14.44
"1064",174600000,1726000,2147000,7883000,1567000,126300000,9896000,3747000,174600000,12370000,14560000,6838000,20300000,7699000,518000,11770,6029000,8661000,26600000,3.2e+07,4153000,16180000,29960000,18300000,12760000,39570000,330.171,14.48
"1065",164100000,1462000,1535000,6739000,2226000,95900000,8724000,3242000,164100000,10480000,12060000,5803000,16610000,8433000,452100,11770,5485000,7531000,21370000,26960000,3567000,14960000,1273000,16580000,11190000,30850000,330.171,14.49
"1066",827500,7141,253200,201600,8e+05,4505,11870,413100,827500,23940,234100,562100,24430,329.2,466700,4244,6348,527300,464400,44950,2e+05,273200,626100,266700,480600,286600,330.265,30.26
"1067",1437000,181900,663000,296400,88420,333000,349500,176300,205500,296400,455000,231500,259700,31950,481300,351800,238400,238700,1437000,468600,142600,231800,365800,476200,298700,960000,331.155,15.54
"1068",1709000,33250,1297000,125100,17660,50110,161300,123300,50170,82630,331100,227000,188200,112700,98950,393100,89540,166100,594500,146700,42490,75650,56140,107100,31560,1709000,331.155,16.65
"1069",4751000,62420,3867000,1241000,123500,312800,469100,519500,214600,1131000,1370000,504900,457700,17980,187100,846900,558100,655500,1751000,713700,89570,964600,153000,518600,133000,4751000,331.155,17.44
"1070",3124000,NA,394600,864900,684000,856700,2864000,777600,1959000,1604000,868000,884800,1615000,1107000,3124000,233000,748100,1338000,712500,391200,1262000,871500,1456000,795600,2073000,325700,332.135,1.65
"1071",2200000,NA,NA,NA,NA,NA,NA,NA,NA,633.5,NA,NA,NA,NA,2200000,NA,NA,NA,23390,5226,NA,NA,345800,NA,3815,NA,332.186,8.13
"1072",368400,28860,98740,76370,32040,8144,3604,180900,222100,11010,106600,136200,15690,NA,226700,5330,8227,163900,368400,16530,93020,76680,236000,102700,129300,137300,332.235,35.64
"1073",949600,208600,130200,215800,84540,2690,135800,180800,155900,949600,7374,296600,111700,114600,243500,269400,136600,150600,329400,4807,14580,140700,7615,98160,18500,157400,332.317,33.96
"1074",5239000,1485000,805000,1666000,187100,14930,1242000,1264000,1297000,5239000,39310,1610000,975600,141100,2322000,2610000,1121000,1281000,2911000,44260,91430,2190000,51830,1037000,130200,1337000,332.317,34.3
"1075",789400,NA,NA,NA,230.4,NA,NA,NA,427.3,NA,245.3,6021,NA,789400,NA,NA,NA,NA,NA,NA,374.8,NA,NA,NA,NA,NA,333.06,19.12
"1076",28530000,1810,661800,516400,253500,314300,403300,784500,2701000,1329000,2141000,964800,1245000,52430,753900,28530000,557300,943900,659700,474900,423900,1657000,873400,1869000,209400,432000,334.15,3.55
"1077",16080000,23860,952700,769400,362100,3110000,569900,1483000,3305000,1915000,2510000,1302000,1567000,176600,1027000,16080000,874000,1192000,1658000,321800,146500,5630000,2605000,2447000,263700,1583000,334.15,3.96
"1078",51750000,38340,1434000,1754000,1037000,8432000,780900,2527000,5191000,5144000,4733000,1984000,2087000,1281000,2525000,51750000,2051000,1978000,2101000,1450000,510700,3441000,2060000,3700000,797200,1579000,334.15,4.4
"1079",16370000,21190,903300,319300,141200,1696000,471600,426600,5937000,968800,7834000,1235000,571200,578000,3888000,16370000,358200,538200,390300,281200,94710,6419000,3163000,1055000,547300,250400,334.15,4.6
"1080",995000,263700,298300,123300,177900,93560,64360,267900,283100,364300,123200,165600,340500,3710,210500,61130,130900,263500,995000,31370,40930,115300,310400,246800,261000,131200,334.236,31.09
"1081",1448000,130400,512900,406300,372200,48930,19760,473500,567300,113000,351600,446000,127400,1104,723600,89430,60630,604800,1448000,55200,188300,403400,565500,437500,564900,413400,334.236,32.36
"1082",1382000,276200,427200,168000,298500,49970,70920,303600,520600,638200,188000,182900,401200,11330,284700,71060,124400,283100,1382000,34060,89880,160700,364200,279200,360800,207800,334.236,32.95
"1083",560400,38090,155300,219500,6087,44950,3537,188800,496000,38240,177900,275600,35960,295.3,367200,18410,8029,490600,128500,14880,202400,279100,560400,257700,535900,233500,334.251,38.01
"1084",1249000,NA,NA,860.8,NA,3057,1249000,752100,12020,29080,225.2,25020,439100,NA,NA,119.8,1144000,286400,NA,NA,NA,NA,NA,61650,NA,NA,335.104,31.88
"1085",406500,NA,11950,4405,662.6,1584,98160,69760,30080,15870,6136,1854,22960,NA,25500,15960,406500,25450,14740,24900,1209,2282,253.3,112600,5896,NA,335.104,32.17
"1086",294000,NA,14610,11020,3984,11190,49570,30120,54160,10310,19360,62610,50740,77530,244000,2707,169400,14760,7000,3718,NA,168100,NA,294000,2234,651.7,335.104,32.64
"1087",492900,NA,76850,35570,1313,1443,12450,17970,11880,49260,57920,1678,5448,1111,77110,492900,18810,33780,9119,16400,17020,27570,4760,24620,4123,20020,335.125,21.27
"1088",744500,1370,208100,8472,205.3,19320,145200,27520,310200,79120,24160,11710,70020,NA,32650,744500,16010,38430,62480,45330,4373,18580,25050,12510,23080,2886,335.197,27.78
"1089",561600000,2076,6413000,66650000,222300000,28050000,5917000,5924000,NA,14900000,23660000,2342000,25410000,820600,679900,9632000,401900000,12290000,482100000,561600000,169400000,1991,549100000,99820000,100600000,161600000,336.124,22.14
"1090",623100000,174900,7550000,74830000,623100000,31490000,7369000,7117000,32670,20720000,24680000,2928000,28170000,113700,697400,707200,376700000,16610000,2.05e+08,294900000,161800000,54890000,292600000,142900000,271100000,1.44e+08,336.124,22.2
"1091",1636000,106700,589500,459500,822100,57620,26480,639500,867200,58210,374800,622000,91750,1291,988400,33460,35890,773600,1636000,48170,240800,471600,857000,756400,287200,488200,336.252,33.49
"1092",1609000,65360,1609000,42980,1017,26190,212800,39860,57710,97440,43480,42760,73730,NA,90860,659000,498900,992700,97670,26810,109000,40320,948800,60280,89150,268200,336.327,40.53
"1093",3918000,567200,3918000,176000,81650,495500,736200,161100,226100,1019000,153000,208400,856800,67040,361800,1420000,2659000,2155000,455300,129300,382300,170500,1945000,230600,262700,711600,336.327,41.02
"1094",2313000,22810,2313000,19970,110400,10710,342400,33700,55450,43240,80750,77810,69850,73480,139400,563600,421400,931600,413200,73530,210100,56090,756300,108900,120900,386900,336.327,45.63
"1095",14010000,14010000,786800,558000,3032000,429800,1869000,495900,2220000,893900,339200,623800,545800,180300,257200,167100,169600,836100,474100,1916000,936400,610900,3372000,342000,892000,2585000,337.092,14.17
"1096",13230000,13230000,684100,860400,1488000,515400,1965000,627300,1650000,980200,380800,811300,521100,346100,151400,151100,254900,896000,269200,2147000,756500,686400,6771000,441000,827300,1808000,337.092,14.66
"1097",5862000,5862000,479300,441700,2414000,346400,883200,440300,2768000,261900,255600,570100,418600,1004000,156000,126700,248800,528200,184000,963500,332400,582800,4073000,619600,1482000,1058000,337.092,15.18
"1098",4358000,2926000,218400,209100,4358000,158600,434500,208600,1439000,132200,122300,263700,201300,1144000,70110,62270,103000,264800,90440,447000,160200,248900,1871000,280700,679800,545300,337.092,15.32
"1099",1197000,NA,302.2,23590,NA,723100,589700,263400,113700,22060,346000,120700,1197000,380700,1034,16410,204000,214000,125700,10050,NA,2106,191.4,121900,1484,36050,337.12,33.22
"1100",119200000,27760,1397000,596700,49190000,8960000,1286000,1294000,7231,3256000,5493000,500800,5537000,70580,165500,1943000,90110000,80260,96520000,113400000,37250000,432.9,119200000,23600000,22080000,35230000,337.128,22.15
"1101",8815000,1027,360.5,34810,373100,37660,1217,528.3,318.2,1033,2172,207.8,2688,8815000,252.6,716.6,109300,1202,496100,281100,33580,21950,609800,50930,128400,43290,337.128,24.08
"1102",16830000,275.5,593.6,45030,8363,114700,14390,14420,3189,5367,7630,1562,28910,554700,7605,5611,7612,6174,11710000,22600,43260,432.1,16830000,116000,508.4,5806,337.129,21.45
"1103",9413000,1689,1550,1148000,4171000,1770000,18790,17950,9072,23460,136600,7532,27970,9413000,690.9,4889,589200,33600,991900,660900,161700,74390,1703000,1977000,676500,111600,337.13,23.02
"1104",300400,NA,NA,25160,NA,300400,7516,25160,427.3,7933,2018,1095,652.3,1548,409.7,325.5,3887,2025,NA,1179,436.4,4455,2513,1113,NA,8306,337.311,39.55
"1105",3333000,1215,32300,58840,65290,41120,103800,21010,667100,101700,53970,368700,9099,32110,501.3,NA,74730,25790,NA,54010,3333000,5005,240300,1498,56200,21540,338.088,15.29
"1106",6657000,1215,38870,68350,77330,46360,123400,29240,881500,114800,56900,811000,9536,136000,501.3,NA,127100,48880,NA,96650,6657000,8870,289800,9814,64750,22720,338.088,15.34
"1107",1673000,NA,29000,7698,115400,32570,66190,23790,1673000,35350,36860,132000,7137,216600,514.4,NA,94780,33260,NA,48150,1337000,8870,190400,9814,128900,13160,338.088,15.41
"1108",7197000,NA,14960,96150,NA,2437000,1323000,168100,1475,7197000,7122000,53140,1015000,6573,9118,3976,178100,1138000,16140,1673000,229500,236000,2359000,2126000,926200,195700,338.103,29.96
"1109",39680000,NA,NA,NA,NA,1029,490.9,NA,539.4,NA,338.2,NA,1289,NA,387.8,NA,NA,647.9,37800000,34690000,NA,NA,39680000,1320,NA,NA,338.129,21.47
"1110",13340000,1094,184600,1879000,10450000,753000,172300,171100,NA,496900,621400,65040,746100,NA,7207,218400,12780000,394900,10450000,13040000,5053000,937300,13340000,3191000,4292000,445200,338.13,22.19
"1111",33330000,1094,201300,1992000,33330000,752200,182700,182200,1864,549700,632500,68790,746900,NA,7207,144800,2227000,424000,4620000,2765000,555400,1651000,2892000,4102000,10950000,4777000,338.13,22.24
"1112",26090000,1070,9021,NA,26090000,204000,9041,7359,6066,293400,66770,24100,202500,NA,1476,2621,NA,28230,770700,1210000,543000,112500,1129000,NA,2065000,427300,338.13,22.35
"1113",2746000,NA,3036,122400,NA,799700,16000,34880,5697,2825,132200,17050,232100,NA,403200,13830,5767,4425,2746000,138800,123500,69840,1111000,350.3,2703,167400,338.138,19.82
"1114",704400,NA,1735,248000,NA,704400,22720,47790,24880,7422,405000,35610,272800,NA,462300,13530,216200,55030,310700,127700,160400,247700,280900,473400,11900,239800,338.138,19.91
"1115",1860000,NA,15450,394900,22370,1860000,32260,65730,61340,22110,511200,60240,325400,NA,227700,164.4,776100,134000,98880,501900,455000,121700,1799000,1045000,59000,269600,338.138,20.13
"1116",88550000,30430,2301000,NA,948.8,58900000,NA,NA,NA,1546000,17200000,2240000,19410000,32360,88550000,1089000,NA,2897000,87630000,619300,NA,NA,48020000,NA,531.6,35770000,338.139,19.74
"1117",203700000,76230,5899000,32400000,948.8,114700000,9126000,9456000,NA,7775000,43370000,5973000,37250000,47130,116200000,3913000,25850000,11970000,NA,12210000,32090000,38880000,203700000,42890000,1262000,49920000,338.139,19.89
"1118",205100000,75050,6462000,68990000,NA,201400000,15390000,18100000,27250000,27500000,101100000,6109000,60580000,29840,115600000,208800,77940000,32340000,3776000,33160000,75640000,64390000,205100000,99450000,8913000,80800000,338.139,20.04
"1119",162100000,42840,15750000,58630000,NA,162100000,13320000,15280000,24010000,29080000,74960000,13490000,46390000,31200,65570000,244000,85320000,29820000,29270000,105600000,65410000,70910000,125400000,120200000,16180000,6.4e+07,338.139,20.1
"1120",92660000,30700,659900,38840000,12080000,NA,8271000,10480000,9682000,22340000,5921000,516600,31410000,21650,34280000,75300,65050000,21810000,8235000,40630000,46640000,40510000,23540000,92660000,30150000,44390000,338.139,20.19
"1121",438800,NA,NA,470.2,21700,5182,NA,NA,NA,NA,250,NA,509.6,438800,163,NA,2664,NA,569.4,NA,293.8,381.7,381.1,8498,5553,191.2,338.139,20.6
"1122",2076000,NA,NA,NA,NA,313.1,NA,NA,NA,NA,NA,NA,NA,2076000,NA,NA,121.4,NA,284.4,NA,NA,157.5,NA,333.1,178.7,NA,338.139,20.95
"1123",15560000,296,21760,15560000,2307,4739000,2086000,667800,79740,6919000,9404000,85460,595900,3469000,114600,365.2,8332000,6052000,NA,NA,6602000,521000,NA,9964000,15960,1631000,338.139,21.8
"1124",7167000,NA,NA,NA,NA,NA,NA,NA,NA,NA,NA,NA,NA,NA,NA,NA,NA,NA,6133000,NA,NA,NA,7167000,NA,NA,NA,339.132,21.25
"1125",1862000,NA,4761,117200,NA,NA,3280,5362,NA,14780,45920,1652,40370,NA,NA,18400,1226000,916.2,1545000,1828000,394300,NA,1862000,NA,NA,399800,339.132,22.1
"1126",1900000,NA,13900,180800,1900000,74050,13490,14090,NA,49660,55590,1973,72210,NA,NA,10570,866900,38020,444800,653300,407700,147600,637400,395300,1053000,360900,339.132,22.2
"1127",732000,NA,NA,543,NA,2938,348800,136600,8038,NA,268.9,4140,257900,732000,375.1,2278,60710,94390,29590,1099,NA,191.2,NA,54280,994.8,58380,339.136,32.57
"1128",510500,NA,NA,NA,NA,NA,NA,NA,NA,NA,NA,NA,1124,510500,NA,NA,161.1,NA,NA,NA,NA,NA,NA,272,NA,NA,339.136,32.91
"1129",2975000,189100,1243000,313700,3014,260100,2975000,603600,183500,2522000,680400,403300,588500,12370,1340000,748500,269800,617400,103400,384100,159600,424800,484900,339700,503100,134700,339.254,22.37
"1130",1942000,124800,768800,192200,127300,153200,1942000,411100,1804000,1428000,373700,236000,375500,5855,946000,403000,205700,422300,76470,301400,106200,367500,382900,303400,748900,104200,339.254,22.41
"1131",1181000,84990,326700,170800,382800,83930,883200,202500,1181000,959600,191100,132200,177800,614600,276700,155400,157300,270100,32590,185100,114100,196000,215300,208100,752300,79390,339.254,23.05
"1132",33260000,NA,32060,3297000,NA,23220000,5518000,3085000,23870,21570000,33260000,128900,3742000,236.9,6344,25440,11360000,6687000,10940,7589000,15840000,1402000,5147000,19610000,NA,2186000,340.119,29.07
"1133",6654000,390.7,236400,706600,6996,5129000,17410,232800,388900,253200,2339000,221900,996400,NA,3472000,73960,771800,317500,2245000,927900,775500,1497000,6654000,1497000,80570,952000,340.145,19.92
"1134",2808000,NA,371900,1360000,151000,204600,284100,318300,657300,752200,1817000,315800,1143000,NA,37010,576.9,2166000,726300,597200,2606000,1700000,1893000,NA,2808000,479100,599200,340.145,20.15
"1135",1379000,167500,360100,84360,45110,458700,47640,80050,635700,78820,168100,79490,192400,NA,1379000,435300,315000,88430,886700,117400,48650,285900,778700,626900,129700,104000,340.154,13.42
"1136",3198000,334900,518300,147800,126700,894300,26790,123600,1018000,254100,196800,171900,383800,914.3,1273000,71850,545600,137600,3198000,228300,95070,1164000,1113000,1052000,228300,159500,340.154,13.65
"1137",1802000,161600,331700,858900,184200,644600,1414000,1262000,583100,633900,366000,176600,685200,123900,219300,1802000,589600,1059000,859300,582800,376600,775300,367500,1216000,345500,518300,341.086,10.27
"1138",1013000,NA,NA,7563,NA,51710,1909,1033,NA,NA,NA,513.4,2689,NA,96910,984.1,3174,509.4,1013000,3479,15980,539,99410,11140,NA,3966,341.149,19.64
"1139",54650000,35640,54650000,1509,NA,119800,NA,716.4,64740,NA,100200,87710,120400,667.6,1282000,34230000,1159,845,653200,100400,287700,86030,23200,95890,4209,160100,342.17,10.49
"1140",900600000,2487000,82540000,27700,1006,5141000,191900,121200,NA,96880,1509000,20550000,24730000,557.4,3972000,900600000,3939000,200900,127200000,150400,33910000,232900,476600,5981000,281100,45740000,342.17,11.69
"1141",246500000,9085000,90710000,NA,5486,14090000,613500,607000,105300000,193900,4983000,36110000,33690000,1251,10060000,246500000,14650000,748800,138700000,168600,41520000,286400,2508000,19870000,1272000,64530000,342.17,11.85
"1142",359200000,170800,76690000,50760,NA,319600,43350,5086,915900,39870,233200,2609000,4641000,638.7,1449000,359200000,131600,26410,14190000,122100,9868000,147100,102000,369600,18480,7110000,342.171,11.34
"1143",3.623e+09,56270000,113900000,18310000,487600,54330000,6054000,NA,1.87e+08,2123000,35460000,43940000,43430000,1157,52460000,3.623e+09,70070000,8006000,137700000,941900,32780000,1454000,79360000,83100000,24400000,60490000,342.171,12.15
"1144",1.042e+09,145400000,249700000,53350000,75140000,150900000,69870000,43800000,533500000,2.08e+08,154400000,59830000,79180000,126200,813500000,67450000,129500000,57130000,1.042e+09,103900000,49840000,228900000,596500000,175800000,99840000,85630000,342.171,13.47
"1145",8.35e+08,289300000,261200000,105800000,97250000,326400000,1.52e+08,89570000,8.35e+08,429300000,329800000,121600000,162400000,125900000,510100000,13100000,279800000,120200000,456900000,227300000,149500000,523700000,505200000,430100000,151100000,197200000,342.171,13.74
"1146",668900000,263200000,211400000,99750000,101500000,253200000,145300000,84590000,668900000,315100000,300700000,113400000,153700000,1.73e+08,337700000,7767000,272900000,115500000,98060000,213100000,117900000,494300000,332700000,406100000,223600000,179700000,342.171,13.78
"1147",3.71e+08,NA,90540000,75320000,123800000,NA,119100000,64610000,3.71e+08,NA,1.25e+08,81030000,92190000,2.22e+08,146200000,4137000,NA,88330000,NA,128200000,14350000,2.45e+08,NA,NA,263600000,NA,342.171,13.89
"1148",418600000,3798000,3142000,1590000,116900000,2789000,2284000,1329000,7291000,2127000,2840000,1581000,2203000,418600000,7134000,109600000,4801000,1819000,3928000,2598000,1653000,6446000,5082000,5842000,12710000,2008000,342.171,14.42
"1149",137700000,1114000,9158000,612500,1310000,5534000,467200,478000,60360000,555200,1545000,7103000,16560000,12840000,2692000,137700000,2744000,484100,2754000,19180000,726200,1566000,13340000,71970000,1167000,39540000,342.171,15.36
"1150",287900000,490600,20710000,1111000,558400,16240000,312000,483000,248700000,643900,2406000,17820000,41790000,3230000,1802000,6687000,9336000,641200,2189000,72910000,1362000,2058000,23540000,287900000,863500,85530000,342.171,16.17
"1151",162800000,441200,43560000,4317000,482200,25560000,447200,352800,162800000,606300,2456000,8310000,16480000,2984000,1447000,5259000,6508000,830600,4939000,NA,1622000,1731000,3164000,97560000,902900,30710000,342.171,16.38
"1152",162400000,340200,140100000,30190000,495300,162400000,3887000,1750000,14670000,10590000,20640000,8651000,32560000,3193000,1010000,6413000,8144000,8483000,19320000,104800000,3348000,13140000,8292000,12420000,7381000,98510000,342.171,17.22
"1153",133300000,280400,124400000,24650000,610300,133300000,3995000,1633000,22380000,8963000,16650000,8761000,29280000,2813000,911700,2370000,7034000,8477000,3342000,87310000,5045000,18610000,6501000,14980000,13170000,84360000,342.171,17.25
"1154",118100000,273100,118100000,23020000,627400,114600000,3743000,1517000,21350000,8231000,14950000,8495000,27140000,3221000,892000,1852000,6443000,7967000,28470000,79370000,420900,17660000,5642000,15430000,14670000,79200000,342.171,17.28
"1155",402000,27570,148900,122800,30370,11710,8975,263400,274400,16690,186800,230900,20970,NA,159400,7576,13820,286200,402000,42740,150600,135100,371100,165100,222200,226500,342.264,35.64
"1156",911300,2208,2045,57540,147.6,911300,11980,73150,902.8,12050,6821,2721,346,NA,2129,134,4342,2762,194.6,3657,1435,12240,8078,3348,461.2,21100,343.284,37.05
"1157",2232000,627.2,NA,19990,133300,13710,4675,8312,NA,8263,17550,4461,3384,2232000,693.6,NA,4019,4575,NA,894.5,775.3,8177,1529,18140,1442,2335,344.134,11.44
"1158",3236000,627.2,NA,13650,23450,2306,1707,4581,NA,4597,3422,793.5,805.9,3236000,NA,NA,2722,2875,NA,NA,NA,777.8,1009,1931,662.3,NA,344.134,11.63
"1159",8588000,7970,792200,26740,8914,445300,483.6,8956,4228000,2959,74150,551200,1387000,69630,35930,17180,261400,8241,2317,2192000,27070,51760,689900,8588000,9385,3022000,344.177,16.16
"1160",7942000,12690,1301000,5372,6352,403400,483.6,6387,7319000,2959,5743,232100,758600,73970,29450,17180,299300,8241,19840,1924000,31310,50030,589900,7942000,11710,2334000,344.177,16.2
"1161",2757000,457800,762100,153700,214300,601500,204000,127500,1971000,940700,410000,169400,223200,4808,2503000,117500,390500,172800,2757000,311300,143100,621500,1929000,527400,44460,248900,345.179,13.55
"1162",216200,3534,9360,60400,66970,570.5,2000,140800,113800,NA,62190,216200,4619,NA,131000,273.1,2030,164000,202600,7069,65300,76430,192700,67430,31390,93680,345.275,25.68
"1163",2606000,2606000,NA,NA,NA,NA,NA,NA,NA,NA,NA,NA,NA,NA,NA,NA,NA,NA,NA,NA,NA,NA,NA,NA,NA,NA,346.068,3.77
"1164",12810000,12810000,NA,NA,NA,NA,NA,NA,NA,NA,452.7,NA,NA,NA,NA,NA,NA,NA,NA,NA,NA,NA,NA,NA,NA,NA,346.07,2.69
"1165",341000,13630,132600,84090,70370,2968,814.6,155300,2917,8286,66420,133600,19510,175.3,224800,3822,4867,166600,341000,7646,58280,61160,215900,132400,124900,130200,346.214,31.86
"1166",420500,24350,176900,110700,420500,5131,2485,206900,301700,5062,96820,153300,20170,978.9,271800,6258,6331,232900,353300,9315,72670,90630,264700,149100,164200,141700,346.214,32.34
"1167",479700,1060,2786,1157,479700,300.1,237.4,9443,289400,2997,6443,8326,2573,888.3,144300,3708,5470,13800,177000,585.1,3960,76620,20400,126500,164300,13690,346.214,32.45
"1168",358900,358900,5062,2805,NA,3698,3868,13850,450.8,984.8,1902,2220,205.9,NA,1429,4486,2303,2941,144.9,1420,1011,3680,3684,4615,1081,1017,350.245,32
"1169",576100,576100,19590,41680,9684,23980,20060,1250,450.8,11230,14540,28560,5342,NA,15190,17590,19460,24000,5377,9486,7313,17960,26550,29190,1254,6301,350.245,32.26
"1170",3488000,NA,104800,121600,320800,54020,6691,22240,NA,172500,160100,2302,35720,NA,3703,NA,351300,34150,1347000,1011000,825800,24190,3488000,325000,185400,67240,352.119,18.25
"1171",67540000,1570,85190,14640000,NA,20620000,2785000,1199000,294100,7586000,16750000,280000,2706000,8806,8219,24720,5935000,7947000,36400,42100000,25890000,720400,67540000,18060000,12720000,1821000,352.119,32.06
"1172",145100000,3533,1681000,11130000,738800,9114000,1204000,1275000,NA,1693000,5768000,650500,2641000,24850,10750000,557800,1760000,1777000,145100000,21190000,30490000,14470000,47560000,11200000,2414000,70350000,352.155,22.27
"1173",76310000,3955,1381000,634200,1e+06,6815000,1006000,61780,487700,1510000,265400,486600,124900,11310,6777000,10390000,1580000,75470,76310000,18060000,22070000,15040000,3236000,10750000,5076000,3.9e+07,352.155,22.32
"1174",2930000,NA,29970,234100,1358000,172900,19210,18380,215600,31880,74040,8678,36810,NA,87180,88520,85170,33560,2930000,526600,666600,748000,759000,571400,325800,1033000,352.155,22.54
"1175",3226000,NA,8549,85470,3226000,67570,4003,2916,7574,6203,24420,2750,9831,NA,58850,43730,30260,12080,1280000,206200,240600,261400,312500,195200,1002000,410700,352.155,22.67
"1176",553300,NA,38850,NA,NA,NA,15610,NA,45800,119100,NA,NA,NA,NA,11520,437400,NA,NA,553300,6616,NA,NA,NA,NA,NA,127400,353.027,23.44
"1177",7677000,61980,4765000,2692000,1141000,2405000,5054000,1440000,4759000,4452000,5203000,4669000,1965000,7172000,2468,112600,1472000,3638000,136400,7677000,6812000,3734000,3152000,2710000,2685000,3933000,353.05,4.15
"1178",21210000,53140,6725000,3416000,1355000,3169000,5253000,2231000,5347000,5155000,5478000,6127000,2463000,3208000,2074,142500,1933000,4629000,168200,7485000,21210000,4477000,4408000,2996000,3615000,4545000,353.05,4.35
"1179",8414000,41860,6994000,4802000,1808000,4383000,6841000,2976000,6907000,6428000,5828000,7328000,6712000,2197000,1408,168300,3095000,5754000,152500,8135000,8414000,4250000,5552000,3815000,5017000,4671000,353.05,4.55
"1180",10920000,4806,5337000,5620000,2823000,4213000,7629000,3982000,8729000,7577000,6986000,7260000,561200,2656000,569.6,164800,3776000,7669000,127700,10920000,7792000,4931000,7744000,4994000,6761000,4136000,353.05,4.8
"1181",33730000,99690,5445000,7301000,5483000,5366000,8766000,5331000,7604000,10390000,8080000,9235000,3268000,5430000,478,6972,4395000,9140000,5864,13010000,33730000,6545000,10910000,5378000,7784000,12300000,353.05,5.56
"1182",12430000,4353,4753000,6835000,5781000,5302000,8431000,5571000,8694000,9362000,8696000,8314000,3262000,12430000,NA,NA,4598000,9708000,NA,11970000,9509000,6809000,10500000,5872000,8799000,3914000,353.05,5.75
"1183",20280000,841200,12240000,5732000,3082000,4335000,15740000,7383000,9518000,10670000,15260000,8313000,5978000,8922000,NA,219100,2531000,11320000,174600,20280000,15200000,8262000,7799000,4813000,5788000,9384000,353.05,13.97
"1184",20430000,266800,12780000,5741000,2979000,4459000,15360000,7621000,10350000,1.1e+07,14950000,8372000,13500000,9259000,NA,234400,2667000,11460000,183000,20430000,14780000,8700000,8e+06,5039000,5556000,9538000,353.05,13.98
"1185",8562000,363000,4490000,2454000,2321000,2306000,5748000,3549000,6590000,3640000,6197000,3084000,3333000,8562000,788.6,201200,1738000,4599000,114400,6622000,4198000,4537000,3787000,3850000,3402000,3705000,353.05,15.44
"1186",6994000,132000,3346000,1861000,2255000,1892000,3555000,2585000,6994000,2145000,4383000,2572000,1601000,4982000,1462,171200,1432000,3289000,86110,4376000,4008000,3142000,2878000,3249000,3021000,2856000,353.05,15.69
"1187",4814000,89550,2618000,1626000,2034000,1476000,2826000,2080000,4814000,1710000,3350000,2087000,1979000,4765000,5390,106400,1220000,2742000,66420,3625000,3450000,2406000,2412000,2470000,2234000,2341000,353.05,16.06
"1188",3158000,33610,1801000,1126000,783700,1019000,1966000,1354000,2009000,1286000,2369000,1519000,3158000,1225000,NA,51890,603800,1947000,46070,2792000,2708000,1619000,1810000,1408000,1389000,1518000,353.05,17.94
"1189",9843000,NA,2919000,4992000,7050000,3615000,6888000,4932000,8930000,7209000,7610000,4993000,2731000,6275000,NA,NA,3669000,8130000,NA,9843000,6983000,6339000,8725000,5411000,8020000,2127000,353.051,6.26
"1190",12180000,NA,3054000,3946000,6525000,3337000,5898000,5116000,7823000,7364000,7006000,5483000,2787000,12180000,NA,NA,2965000,7356000,NA,7842000,8116000,6422000,7631000,5035000,6016000,1739000,353.051,6.82
"1191",31450000,NA,8022000,6731000,733900,6681000,11040000,7586000,11630000,7790000,12140000,9258000,5283000,31450000,NA,288400,5081000,11820000,238100,12540000,13070000,9549000,8871000,8020000,8589000,6700000,353.051,8.66
"1192",13710000,NA,7495000,4954000,5637000,4613000,8416000,5806000,13710000,5689000,9351000,6246000,4264000,10250000,NA,243100,9995000,8295000,NA,9039000,8887000,6929000,5639000,6944000,6524000,727900,353.051,9.34
"1193",13080000,NA,6485000,4673000,4031000,4377000,7649000,5534000,13080000,4938000,8655000,5573000,4030000,3328000,NA,282100,3409000,7884000,NA,7484000,8127000,6629000,5175000,6761000,5947000,3689000,353.051,9.61
"1194",6829000,NA,1658000,3128000,151400,2336000,6619000,4912000,4927000,3543000,4990000,2425000,710800,6829000,NA,NA,1172000,5215000,NA,4538000,4354000,4430000,2669000,4460000,846000,617500,353.052,11.5
"1195",8628000,NA,3783000,4218000,NA,3527000,8628000,5384000,5525000,5213000,6608000,3860000,3277000,5057000,NA,NA,2166000,6814000,NA,7628000,6500000,5949000,4077000,5261000,2521000,1961000,353.052,11.86
"1196",7663000,NA,770600,2335000,579700,1896000,5053000,4505000,3383000,2396000,2705000,1703000,2351000,7663000,NA,NA,540800,4259000,NA,3026000,3102000,4081000,2003000,4587000,141600,110600,353.053,11.27
"1197",6454000,617900,1309000,397400,24190,129700,178200,5677,138800,619500,228300,132900,187100,298100,327900,6454000,3334000,19800,1047000,303900,547000,532300,161100,78770,771100,190900,353.086,4.53
"1198",5417000,998600,927400,523600,10500,267000,270800,8743,45720,833400,384300,96200,335200,281900,190500,5417000,4056000,58150,2369000,381700,1120000,663700,220000,107400,966300,2481000,353.086,4.87
"1199",7895000,2145000,3042000,812200,144400,628700,478700,11560,268800,1566000,767900,718900,762500,376000,831400,7895000,5370000,194800,6866000,698300,3270000,830400,322000,172400,1211000,3472000,353.086,5.3
"1200",12440000,3956000,3769000,1034000,185900,1136000,698400,15830,395500,2774000,830700,3207000,1457000,442200,1146000,9559000,6772000,260400,12440000,857400,6462000,1047000,381400,245000,1518000,10120000,353.086,5.58
"1201",18140000,6599000,15410000,1413000,170400,1928000,1009000,59900,517400,4585000,950800,5517000,2462000,509800,353100,11280000,7684000,336900,18140000,1031000,9983000,1253000,425700,324100,1813000,8820000,353.086,5.75
"1202",31530000,18520000,31530000,3409000,249100,6722000,2978000,160800,1111000,10480000,1702000,17010000,6514000,658800,2373000,18470000,1.2e+07,855700,27010000,2258000,18560000,1861000,754200,768700,2997000,30310000,353.086,6.18
"1203",49630000,49630000,42510000,14470000,1238000,20840000,15140000,775400,4982000,11390000,6374000,31220000,11800000,714800,14860000,27200000,15320000,5068000,29410000,11740000,23880000,2078000,4487000,3278000,5646000,39860000,353.086,6.73
"1204",115100000,50330000,115100000,16910000,1484000,22690000,17530000,961000,6013000,11490000,7561000,31970000,11660000,723900,17500000,27100000,17560000,6182000,26880000,14470000,21310000,2189000,5573000,3922000,1806000,38680000,353.086,6.81
"1205",50890000,40460000,23070000,19720000,5952000,10970000,19760000,4601000,19180000,18120000,18310000,15380000,4519000,1048000,34520000,9173000,50890000,17240000,10720000,38810000,8324000,1461000,22990000,8872000,26360000,19420000,353.086,7.15
"1206",84040000,25650000,12990000,8169000,16260000,5121000,7246000,4978000,28490000,27820000,10930000,9926000,2369000,1553000,24110000,7936000,14060000,9543000,8071000,24740000,6652000,30890000,28760000,3506000,84040000,13490000,353.086,7.6
"1207",123100000,29940000,16530000,9061000,123100000,6863000,7338000,2496000,8136000,22570000,6165000,13010000,3510000,1427000,9967000,7658000,10900000,5727000,11770000,16920000,9149000,6649000,17600000,2276000,13950000,17860000,353.086,8.61
"1208",46370000,46370000,35040000,20750000,40520000,18060000,18980000,6285000,18240000,34770000,16100000,30570000,10760000,26570000,23030000,17050000,22730000,15580000,27650000,36880000,25070000,13660000,31860000,6623000,28680000,38430000,353.086,10.18
"1209",73590000,73590000,61040000,42110000,58080000,38650000,41630000,17110000,34930000,67620000,32710000,56540000,26680000,28170000,46110000,46610000,41370000,34680000,48850000,66710000,53250000,30170000,57150000,16170000,45610000,64440000,353.086,11.04
"1210",74020000,74020000,66370000,44120000,64820000,41680000,43450000,19890000,47740000,62590000,39900000,59420000,30050000,31490000,56570000,55110000,46950000,39580000,53640000,67530000,55520000,59900000,60490000,23440000,56840000,69110000,353.086,11.1
"1211",78790000,52120000,46090000,25060000,78790000,23340000,20970000,8904000,40660000,29170000,22590000,36570000,16040000,48760000,38730000,11110000,28280000,20250000,34960000,36760000,30780000,28950000,36750000,12160000,43170000,46920000,353.086,11.61
"1212",41740000,41740000,40730000,22760000,39370000,21160000,13410000,5740000,14890000,21710000,10140000,40530000,11530000,33200000,24510000,12280000,35450000,14100000,16340000,21400000,17360000,16970000,27770000,6782000,24420000,38860000,353.086,12.92
"1213",76350000,28920000,12240000,14170000,76350000,13280000,8198000,3530000,15820000,11390000,6537000,16040000,7565000,25770000,11910000,6525000,12250000,9763000,10110000,13150000,10680000,7943000,16390000,5475000,40230000,14360000,353.086,13.05
"1214",44460000,20270000,11590000,9718000,44460000,8742000,5162000,2368000,11980000,7524000,4469000,13140000,5030000,23320000,5845000,5512000,11110000,6268000,6200000,9019000,7379000,4667000,11290000,3369000,10730000,13940000,353.086,13.14
"1215",27320000,9920000,12430000,4979000,20730000,3807000,2469000,1073000,4225000,4103000,2497000,2291000,2310000,27320000,3045000,2535000,4934000,3172000,3350000,4616000,4651000,1934000,5534000,1331000,9298000,13570000,353.086,13.48
"1216",11760000,4531000,3282000,1661000,11760000,1662000,1224000,460500,1467000,1418000,1264000,3126000,1078000,2867000,2376000,1526000,2187000,1238000,2792000,2186000,1750000,840100,2654000,696200,3183000,3807000,353.086,14.42
"1217",5158000,3308000,2664000,1354000,5158000,1353000,931600,387900,1227000,1054000,1048000,2640000,905200,2309000,3015000,1279000,1836000,942500,2317000,1748000,1498000,684300,2080000,551700,2756000,3060000,353.086,14.7
"1218",8674000,2103000,1764000,956700,8674000,961600,674700,278800,836500,801300,787600,1956000,626900,1660000,2504000,1102000,1230000,717000,1453000,1294000,1259000,520400,1634000,427600,1821000,2454000,353.086,15.64
"1219",2689000,1659000,1406000,792800,2689000,735300,578500,239700,711600,715600,657500,2462000,536700,1300000,1142000,678000,1140000,623200,1039000,1143000,1097000,432200,1364000,361600,1563000,2109000,353.086,16.11
"1220",2562000,1112000,1183000,648000,2343000,445400,479400,215900,554700,570800,551600,1138000,392700,1163000,950300,629600,885400,558500,904800,977800,923700,388800,1280000,299100,2562000,1878000,353.086,16.37
"1221",1591000,411700,1233000,328100,1591000,233600,292700,142000,261200,312100,289600,158500,232400,998800,621900,228700,230500,397700,607200,642400,579400,283300,806000,194000,1022000,1233000,353.086,16.84
"1222",1383000,289100,732600,327500,1383000,276400,255700,119100,79670,281400,277700,655900,212900,794800,588400,37370,360800,336400,578500,578000,500300,233300,667900,180500,575500,1229000,353.086,17.26
"1223",3081000,808800,3081000,497100,885300,450600,360800,144700,267600,428800,432800,1799000,318200,366200,1643000,241600,500600,390500,588800,704500,714600,310600,860400,197000,801600,2633000,353.086,17.88
"1224",2083000,622600,859600,460400,1245000,401300,288500,127100,337700,444600,372600,840600,308700,359900,661000,511800,879100,321000,634700,681800,695200,229900,843100,203000,2083000,1029000,353.086,18.05
"1225",2294000,418600,834000,462100,2294000,354700,242400,109200,313800,407100,325000,668200,268200,391500,584000,323200,398700,287900,614700,586900,607100,319700,766200,192800,846600,905200,353.086,18.26
"1226",2004000,536900,463800,323300,2004000,294200,262000,105000,274400,262800,291600,724200,222600,282200,419100,271700,73630,244200,282100,462200,462600,160700,559400,155100,598100,718400,353.086,20.17
"1227",256500,2969,NA,2115,NA,1146,NA,183.6,364.3,569.4,230.4,256500,NA,NA,NA,267.3,NA,247.4,2470,NA,NA,1770,NA,NA,NA,NA,353.103,22.84
"1228",454800,418.6,NA,188.1,NA,1920,286.6,NA,NA,387.9,192.5,454800,200.2,249.7,250.3,NA,NA,NA,NA,NA,175.2,559.9,NA,NA,NA,335.7,353.103,23.93
"1229",496500,2148,238.7,2085,224.9,7728,410.1,689.3,775,920.8,698.6,496500,461.8,968.8,184.8,1743,368.8,240.7,307.2,750.4,NA,5121,367,1225,NA,220.2,353.105,24.35
"1230",2563000,NA,NA,1387000,448800,2411000,475200,295300,34650,175100,199000,130200,123100,29660,NA,NA,660800,264600,NA,2003000,800100,109800,2563000,882500,126400,1124000,353.15,13.67
"1231",4206000,NA,1820,1494000,658900,1991000,618500,599700,23440,134100,155000,126300,129100,17540,NA,NA,605200,330200,NA,4206000,919100,109800,40800,752000,131700,984100,353.15,13.71
"1232",5767000,2084000,2819000,5029000,NA,924300,2197000,1760000,2455000,5767000,90340,175000,1652000,7599,563500,2581000,352600,1530000,550800,1113000,573400,3005000,2925000,3207000,587500,272300,353.269,33.79
"1233",1683000,NA,9887,11450,NA,974,2720,4260,NA,NA,774,286.2,4747,NA,291.4,950.2,8674,NA,1683000,52670,41330,NA,175200,824.2,379.4,53740,354.171,20.85
"1234",378900,66400,67030,60920,377900,71970,75720,265800,81460,76470,27300,284700,65970,378900,70440,65690,78940,70480,65890,261400,50570,54520,61560,69710,73960,68740,354.286,35.18
"1235",4581000,NA,762500,961600,1708000,1914000,1899000,1170000,2984000,1081000,1209000,1145000,789000,3812000,865.3,2997,1092000,1634000,4516,4581000,4256000,1304000,3170000,961100,1594000,759000,355.067,2.64
"1236",3622000,NA,747800,792400,68400,680200,1800000,964300,1443000,3622000,1121000,1148000,729400,1171000,NA,4581,108200,1461000,1638,2280000,2877000,1117000,1391000,786300,1130000,785200,355.067,3.31
"1237",8485000,7232,4235000,1575000,786100,1098000,3243000,1080000,1664000,354500,1938000,2877000,2506000,1322000,460.4,47400,1630000,2100000,34700,8485000,6965000,393600,1618000,2526000,1743000,3149000,355.067,4.49
"1238",4156000,5557,2189000,1731000,776900,2290000,4156000,1210000,403000,1649000,2282000,2820000,1176000,1369000,651.9,46150,1011000,2339000,24200,3947000,3557000,1439000,1711000,1698000,1949000,1694000,355.067,4.6
"1239",8183000,3435,2968000,1862000,898300,1444000,747600,1532000,554100,1955000,3747000,2444000,1063000,1371000,651.9,22670,1708000,4173000,1529,7057000,8183000,1861000,4895000,2612000,4767000,2961000,355.067,4.73
"1240",5054000,4156,1113000,1462000,3024000,1106000,2517000,1740000,5054000,2445000,2319000,1962000,856400,1638000,621.3,5944,1005000,571000,1529,3999000,2525000,2456000,2788000,1436000,3934000,1099000,355.067,4.95
"1241",6512000,NA,NA,1120000,1258000,766100,1942000,1408000,2161000,1849000,1850000,1004000,636700,6512000,NA,NA,743800,2152000,NA,2976000,457100,1726000,2286000,1248000,1653000,NA,355.067,6.43
"1242",3568000,NA,1425000,1741000,561500,1384000,3118000,1819000,2007000,804300,2612000,2449000,975000,2687000,NA,NA,1026000,2846000,NA,3568000,3430000,1812000,2103000,1613000,1456000,1306000,355.067,8.2
"1243",12250000,NA,1671000,2223000,NA,1822000,3744000,2383000,2574000,4620000,3541000,3019000,1332000,2989000,NA,NA,1407000,12090000,NA,12250000,4528000,7623000,8060000,2125000,2915000,1659000,355.067,8.54
"1244",6219000,NA,1755000,1489000,1014000,1426000,5536000,1889000,3237000,2648000,2879000,419200,1183000,3352000,NA,3397,1186000,3069000,NA,5279000,6219000,2432000,368300,4641000,5198000,1605000,355.067,8.94
"1245",10480000,NA,2101000,1175000,2967000,1115000,2075000,1544000,10480000,1153000,2350000,3310000,2233000,3357000,NA,3397,1940000,5995000,NA,2131000,2450000,4454000,2581000,4938000,2656000,978600,355.067,9.16
"1246",6415000,NA,484700,752600,531600,724500,1358000,1073000,1867000,399100,1495000,928700,693300,6415000,NA,NA,513000,1414000,NA,1161000,1430000,1121000,841000,1218000,984900,224600,355.067,9.89
"1247",3377000,NA,NA,316900,NA,359100,698300,815300,707800,NA,976200,NA,482100,3377000,NA,NA,15240,978500,NA,NA,666500,908400,NA,920100,120500,NA,355.067,10.55
"1248",2783000,NA,591200,682300,NA,514100,1411000,781200,1385000,761400,2152000,1676000,475600,262300,NA,NA,354400,1201000,NA,1873000,2783000,1329000,756800,1202000,611400,699400,355.067,12.6
"1249",4607000,23600,2068000,973000,397100,1542000,4230000,1484000,1570000,1798000,4607000,2386000,9e+05,1095000,NA,NA,573300,2250000,2696,4504000,4181000,1561000,1840000,1546000,1550000,1867000,355.067,13.93
"1250",3920000,23600,2143000,850700,457600,965300,2818000,1438000,2929000,932000,2569000,1435000,918300,1601000,NA,NA,635100,2168000,17450,3920000,2370000,3041000,1794000,2078000,2295000,1902000,355.067,14.04
"1251",3780000,1345,529700,488800,408900,322000,1217000,513100,1264000,254500,151800,483900,313300,3780000,NA,NA,238300,680400,986.4,1195000,709100,1175000,514900,162600,896900,588800,355.067,14.85
"1252",1219000,NA,NA,18270,NA,35420,194100,693200,680400,NA,107800,NA,159400,1219000,NA,NA,NA,465100,NA,NA,120000,413500,NA,764900,NA,NA,355.068,10.81
"1253",2739000,1939000,600100,1023000,2379000,457300,503800,191500,518600,391400,292100,396200,443700,1042000,572900,1222000,2739000,736700,309600,1174000,893000,444500,1898000,228600,2585000,1313000,355.103,2.1
"1254",5031000,4293000,1672000,3920000,4433000,2679000,1294000,518400,1036000,1868000,579000,787000,1305000,1920000,833000,1553000,3548000,2100000,1292000,2441000,1802000,1059000,4226000,538500,5031000,2941000,355.103,2.96
"1255",4322000,2686000,1400000,660200,4238000,1032000,867100,389500,894800,473600,436800,617900,1014000,1536000,828400,1193000,2702000,495000,1061000,1578000,1226000,710800,2935000,440700,4322000,2325000,355.103,3.13
"1256",17510000,5248000,17240000,1026000,358800,2154000,1463000,78440,680100,4124000,564100,8474000,2807000,742400,614800,1974000,2638000,385100,13410000,1057000,15730000,495100,345200,243500,1056000,17510000,355.103,5.79
"1257",48490000,38120000,48490000,6238000,694200,16510000,13140000,415200,3601000,12830000,3476000,37110000,9849000,364000,6073000,16510000,7928000,3428000,25370000,9586000,31500000,892600,2963000,1868000,5685000,45620000,355.103,6.6
"1258",50650000,44850000,50650000,1553000,861000,19010000,15990000,574100,4792000,12070000,4476000,39150000,10730000,378500,4749000,17690000,9523000,4224000,24900000,11940000,30230000,1044000,3757000,2280000,7238000,46200000,355.103,6.65
"1259",51340000,51220000,51340000,1784000,1115000,21490000,19660000,795100,6334000,12850000,6013000,39990000,10850000,351300,1012000,44420000,11560000,5983000,22720000,16260000,28980000,1280000,5736000,3249000,3606000,45190000,355.103,6.73
"1260",52020000,52020000,38790000,37410000,2318000,18590000,27360000,1877000,13260000,5494000,11370000,28140000,7727000,398300,19370000,16920000,19760000,8894000,11950000,37670000,17230000,2565000,12570000,5904000,7179000,3.3e+07,355.103,6.95
"1261",61390000,30850000,19530000,10040000,5842000,7538000,20940000,5378000,26710000,22480000,17720000,14100000,3067000,467600,61390000,7267000,22650000,20040000,5588000,54520000,8768000,6659000,31980000,7219000,31720000,16600000,355.103,7.22
"1262",90170000,19650000,12850000,8045000,11980000,4438000,10730000,5813000,35390000,29760000,13010000,10360000,2027000,556900,23680000,4071000,13030000,13990000,4736000,39030000,7887000,14920000,38480000,3873000,90170000,12740000,355.103,7.44
"1263",37930000,18040000,12910000,6107000,37930000,4469000,7613000,2435000,16960000,34330000,5378000,11030000,2101000,759800,7059000,3659000,7131000,6100000,5540000,21760000,9004000,11890000,21830000,1696000,13880000,13980000,355.103,8.06
"1264",88740000,86780000,78200000,61730000,71700000,49820000,52260000,17290000,43610000,88740000,35910000,74040000,26650000,32630000,60790000,13970000,45580000,60150000,50260000,84290000,6.9e+07,33970000,75360000,16480000,58610000,83160000,355.103,11.05
"1265",122600000,73170000,67380000,50430000,84510000,46410000,40820000,15070000,50200000,33560000,32130000,64070000,23080000,40480000,56690000,11200000,45520000,28790000,49610000,68340000,56460000,31970000,63470000,19250000,122600000,76090000,355.103,11.17
"1266",103500000,48350000,34920000,19520000,103500000,19050000,23120000,7370000,31720000,34290000,17760000,39020000,13380000,53970000,34420000,12170000,24530000,21850000,31350000,43260000,34700000,16380000,38310000,10060000,52020000,50870000,355.103,11.54
"1267",64450000,21180000,14850000,8192000,43800000,7534000,7679000,2696000,12550000,8792000,6142000,17170000,4799000,64450000,8176000,3378000,9738000,7261000,11940000,15770000,13700000,5443000,16040000,3403000,18400000,23920000,355.103,12.34
"1268",35580000,14990000,9810000,7439000,29850000,8445000,4330000,1636000,6959000,2126000,3876000,12030000,3432000,35580000,6576000,2308000,6936000,5108000,7403000,10650000,9265000,3256000,11490000,2148000,14600000,15070000,355.103,12.67
"1269",21090000,10240000,6888000,2303000,18590000,2900000,2568000,1104000,5583000,3084000,2491000,8296000,2303000,21090000,4449000,1411000,4858000,2496000,5398000,6984000,5932000,2296000,7985000,1613000,9129000,10580000,355.103,12.97
"1270",17410000,6364000,4886000,2955000,17410000,2167000,1590000,663900,3919000,2004000,1702000,5806000,1474000,13190000,1206000,641600,3039000,2461000,3756000,4862000,4047000,1373000,4618000,1084000,4579000,7853000,355.103,13.19
"1271",9443000,3653000,3199000,1361000,8206000,1261000,1110000,400300,1430000,2850000,1130000,3491000,799500,9443000,1976000,431600,1517000,1323000,2185000,2689000,2568000,749800,2820000,510200,4012000,4445000,355.103,13.82
"1272",7686000,3703000,3196000,2006000,5335000,1227000,1311000,398100,1417000,2304000,1188000,3106000,841200,7686000,4423000,245400,1510000,1228000,1975000,2635000,2212000,798900,2747000,508100,2407000,4063000,355.103,13.91
"1273",3689000,2851000,2167000,867400,3689000,1341000,932200,254400,1126000,797300,686700,1992000,571300,1910000,1239000,32870,1031000,803800,1303000,1894000,1338000,507600,1716000,368300,3472000,2874000,355.103,14.47
"1274",560300,262600,130500,226800,57620,68050,63470,62670,145000,560300,44140,47350,101300,35210,135100,134200,50630,78470,95620,66810,53380,350600,217900,4721,69000,48170,355.287,35.06
"1275",25560000,25560000,511.5,NA,NA,NA,NA,NA,NA,NA,NA,NA,NA,NA,1122,2097,377.1,NA,337,NA,333.6,502,NA,NA,334.4,252.4,356.095,3.76
"1276",11010000,11010000,3015,NA,NA,NA,NA,NA,NA,NA,NA,NA,NA,NA,NA,746.9,818.8,NA,NA,NA,NA,NA,NA,NA,NA,NA,356.096,2.47
"1277",59070000,59070000,433.3,NA,NA,NA,NA,NA,NA,NA,NA,NA,341.8,NA,NA,1111,659.3,NA,NA,NA,NA,443.9,NA,NA,NA,NA,356.096,2.94
"1278",545500,NA,545500,NA,NA,NA,NA,NA,NA,NA,NA,NA,NA,NA,NA,3735,NA,NA,NA,NA,NA,NA,NA,NA,NA,NA,356.113,33.15
"1279",7601000,771400,54210,418400,143100,1255000,179000,235800,1023000,301900,254800,14560,300200,338800,7601000,NA,560700,91080,977700,178500,9584,846700,784700,158000,137300,266500,356.15,10.54
"1280",12640000,1163000,4779,584600,179600,2149000,256800,411500,3048000,325400,481700,95020,517900,372700,12640000,NA,923200,145300,1421000,267100,78780,1221000,1296000,1671000,166300,431600,356.15,10.75
"1281",3128000,1242000,4747,1112000,225100,1849000,341500,477200,287200,555000,522400,138100,529500,406700,2080000,NA,1179000,185600,986100,306600,121300,1782000,985200,3128000,201900,396600,356.15,10.84
"1282",21530000,798800,315400,114900,45140,1606000,79490,60670,1769000,128500,155300,40120,163200,221200,12250000,21530000,344000,29830,11310000,192400,31640,1140000,423600,1072000,56700,235500,356.15,16.3
"1283",3722000,945400,143900,112100,100600,120600,106100,71100,69190,140800,165700,31620,515400,217100,543500,114300,397200,41060,3722000,135400,37580,2152000,301200,1371000,187300,258700,356.15,16.58
"1284",24980000,4958000,1890000,1595000,5163,7470000,1182000,1285000,11120000,1093000,1162000,392500,1319000,324200,24980000,NA,3730000,507400,121500,1241000,411600,6243000,NA,953800,61230,1805000,356.15,21.68
"1285",24040000,4650000,1627000,1461000,27420,6546000,1135000,1233000,24040000,1061000,994100,344300,1153000,306100,20510000,10360000,3613000,484400,10390,NA,341500,6850000,NA,6324000,1330000,1399000,356.15,21.71
"1286",9009000,627700,83650,30120,52060,240400,451600,172800,858200,206800,1267000,82950,464800,NA,2209000,56280,770600,26820,616.3,9009000,535300,107700,2433000,4317000,196100,3849000,356.186,16.52
"1287",175500000,37420,4193000,2197000,693.6,19630000,507500,876900,46830,445500,577400,28810000,167800000,NA,148700,19480,122400,5791000,NA,153200000,718300,17220000,203000,414100,207600,175500000,356.186,19.75
"1288",6599000,792.2,6227,NA,1136,66230,NA,10000,NA,NA,1069,74410,528100,6599000,NA,6009,352,11450,393.6,619300,NA,33330,2787,680.5,NA,1751000,356.187,20.5
"1289",236400,13250,104100,59960,183100,4900,4011,107200,236400,38880,93740,110700,22170,12640,86260,4851,6544,134500,213800,16700,67490,80230,187300,87790,167600,101400,356.243,31.51
"1290",1325000,50580,611400,441000,199300,19340,23830,746500,1185000,79270,653800,750700,83100,950.1,579800,17940,24920,1050000,1324000,99780,496300,522000,1325000,557500,894000,742800,356.243,31.87
"1291",1778000,73590,907700,602000,1510000,24090,38430,978600,1672000,83930,916500,1006000,106100,5482,781600,25490,32220,1519000,1665000,134800,673300,752500,1778000,766200,1258000,987500,356.243,32.34
"1292",801900,84150,392300,174300,56210,22040,53980,347500,656700,382500,347500,305500,168300,6566,237700,15800,40760,456800,801900,48860,211600,217100,536800,236400,433200,315300,356.243,32.93
"1293",489000,1199,100800,4307,NA,6363,51260,10430,76720,45940,13020,4309,30250,NA,11270,489000,8918,18390,43390,16690,1905,9294,12170,4571,14070,389.2,357.179,27.77
"1294",492400,2904,16760,36460,56380,16250,115400,29380,51230,195200,14420,40190,30400,172900,15310,8488,23130,109500,7920,492400,160000,21750,67500,18710,40780,244700,357.264,23.95
"1295",1118000,NA,NA,NA,NA,NA,NA,NA,NA,NA,NA,NA,NA,NA,NA,1118000,NA,NA,NA,NA,NA,NA,NA,NA,NA,NA,357.681,22.06
"1296",4492000,47060,7567,5295,47610,156400,11090,24720,370800,123500,26150,842.5,30870,554700,1781000,4492000,71770,3293,562300,59010,5829,699200,166800,174200,5540,35760,358.166,2.5
"1297",31110000,455900,141000,98540,50220,556300,21570,69490,1113000,85760,65390,25000,96790,79390,3563000,31110000,252700,29740,2504000,102300,6708,756100,307700,565700,23130,132200,358.166,4.27
"1298",30550000,474800,187600,124800,80660,85230,48020,74230,1122000,90100,109700,16130,171800,87190,3638000,30550000,257100,28120,2735000,104000,23210,771800,342600,575300,11440,135600,358.166,4.43
"1299",6722000,1287000,194900,48030,59300,1557000,155900,177100,2989000,253600,306900,57800,216400,240000,6722000,855900,550800,66970,6086000,216400,48670,2318000,791800,1340000,51600,306600,358.166,5.43
"1300",8855000,1803000,129600,357700,48970,2915000,199700,228600,518600,125700,380700,68500,377900,32490,8855000,1080000,475300,87600,985100,284200,51780,277000,1434000,1692000,61680,368300,358.166,5.58
"1301",2976000,561100,137500,60710,9763,289300,164400,143400,292800,71060,228200,43150,113600,296700,2337000,2247000,161500,81210,1091000,258000,46830,2976000,155900,262900,84160,206900,358.166,5.8
"1302",3927000,82550,68350,4823,76990,550000,41530,61140,14660,163000,164500,8809,17580,66850,3927000,158400,11380,60490,70690,67040,10850,169700,486500,111500,97190,21150,358.166,9.04
"1303",1004000,NA,148300,1949,5516,1004000,953.2,12430,29000,1499,2900,19210,291700,62940,14600,10800,461.3,18860,19920,74050,4112,32050,668,2376,1727,95890,358.166,15.57
"1304",927400,37450,218300,219200,460900,4317,16430,529700,287100,38190,527200,382300,30080,8256,192400,9846,11280,515100,927400,105300,219200,241500,682100,259700,304600,391800,358.258,30.56
"1305",718000,27300,171300,160100,718000,2356,10340,150600,707800,5422,150300,122200,20320,13800,180200,6982,10280,444400,263900,24900,170500,234200,482900,251900,405900,298200,358.258,30.66
"1306",462900,30410,186400,134000,178800,8432,8542,276500,418100,23940,249600,306300,26140,355,203700,3293,12280,343500,462900,31900,173200,179600,419200,194900,323600,245800,358.258,33.57
"1307",424000,30540,129600,133500,222700,12820,27580,231400,212000,270600,195400,164700,63030,444.4,126000,8079,36640,319000,355100,44170,141200,161100,424000,179600,132500,218400,358.259,30.23
"1308",608700,52950,259400,191900,445800,22330,13720,408400,530500,38800,317100,427100,37070,1051,288000,5335,23680,517700,592900,40090,253800,234900,608700,256600,425300,357300,358.259,33.95
"1309",451600,20970,181100,111200,49630,7132,10070,261000,367700,20420,200200,274800,25670,404,177400,6911,9270,290400,451600,24590,142400,135800,321000,154000,238400,202900,358.259,34.91
"1310",3815000,173.9,12500,12440,83840,245400,10840,270700,372100,13940,33280,3815000,11710,168.7,1805000,111.4,1208,90290,117300,214.1,39970,55370,23440,29950,53820,34770,358.259,36.66
"1311",1671000,45680,98720,430100,106000,231500,1019000,554900,465600,254400,516600,130000,373000,167900,1671000,94620,395200,564700,80680,408900,473800,688300,703500,428900,346700,142600,359.076,10.49
"1312",5278000,44800,470800,111700,66070,379500,379500,77110,258700,359400,172300,254600,373900,71510,283700,376400,170100,146800,5278000,140200,317700,145700,154900,131700,208300,501400,359.097,3.2
"1313",7421000,52840,172600,373100,69530,1248000,965600,685500,551900,871200,731400,567500,1001000,1113000,1095000,1840000,532900,442500,7421000,425700,1445000,1759000,861000,323900,568200,90770,359.097,8.46
"1314",9783000,38620,1458000,533000,101000,1734000,1355000,1109000,836300,3395000,1224000,685900,1735000,1299000,2770000,2260000,916300,796200,9783000,607500,1299000,3321000,1224000,623800,827400,1329000,359.097,8.75
"1315",4023000,9821,218900,275700,168800,870200,739100,669500,1406000,858100,891200,325700,1058000,1377000,4023000,1045000,717700,570900,1249000,345700,550600,3122000,680700,630100,1178000,618700,359.097,8.84
"1316",2797000,231900,673000,392400,498400,136600,1101000,350900,746500,960400,392500,183400,209900,421400,2797000,307300,171100,331500,52500,799500,364200,337000,573500,222500,519900,344000,359.171,13.73
"1317",487600,479.9,403.7,33550,NA,487600,6397,36430,NA,2247,2361,1270,NA,NA,263,NA,1641,630.4,NA,513.9,NA,3010,1797,1616,NA,5306,359.279,33.38
"1318",1506000,1506000,35740,30860,1357,26800,50770,94250,3103,7470,16990,15630,3813,144,4511,22940,11570,29540,3440,13000,9614,32790,23090,33660,12460,9808,360.274,31.99
"1319",1785000,1785000,98950,220700,44380,145300,165600,344800,40080,70440,78280,159300,25570,17620,49900,77310,89840,202900,31520,72830,36910,143200,147700,167500,84050,34660,360.274,32.31
"1320",314900,113400,96670,208600,211200,6622,4116,314900,48310,4032,67230,145600,3336,168700,29940,2291,2722,65260,27200,4536,35920,146800,127200,164100,82970,31820,360.274,32.4
"1321",800500,40810,315400,265000,68480,11440,1180,391200,577500,20400,321400,492900,3034,2638,344700,7157,696,744100,406100,2367,331600,315600,800500,313300,576700,377800,360.274,33.16
"1322",1582000,91130,580200,536900,692500,33780,38830,767000,1081000,51670,630700,984500,1060,3658,613400,9839,39810,1417000,589600,77020,632300,616600,1582000,601700,1247000,638900,360.274,33.62
"1323",894600,NA,327.5,203200,NA,894600,153300,171400,331.4,580400,776800,5703,291900,NA,184.8,3361,782900,255200,1366,185800,296600,62890,190400,888200,NA,81420,362.101,29.07
"1324",253100,NA,NA,7030,75340,68990,4689,3383,331.4,40110,67410,NA,13650,NA,NA,NA,153700,12650,NA,5676,13460,2128,8176,253100,187700,1320,362.101,29.23
"1325",1424000,NA,NA,NA,NA,738.2,NA,NA,NA,NA,NA,NA,NA,1424000,NA,NA,3169,NA,NA,NA,NA,NA,NA,3329,2345,NA,362.101,29.65
"1326",378300,378300,28180,57750,NA,20550,28700,46490,6491,17600,19440,40760,3459,NA,3042,13140,23690,28460,52310,40460,28320,35890,83170,26640,42910,7198,362.29,33.1
"1327",1436000,381600,561600,512600,NA,355500,360000,398100,463300,682400,378600,425600,419900,NA,598200,355900,317100,361600,1436000,455100,846800,427200,499600,357800,998000,462500,362.327,30.93
"1328",1017000,14780,38360,40870,1017000,20880,31150,22110,442900,48140,23020,37690,29440,NA,14420,27110,194800,19840,84410,30040,45760,357400,26960,267600,992000,28330,362.327,31.02
"1329",1147000,NA,NA,540200,NA,21580,24240,20190,NA,NA,308.9,476700,5854,NA,NA,21510,410.3,149700,807300,345.6,298.1,1147000,NA,161.3,NA,848500,363.071,18.3
"1330",834300,NA,NA,834300,NA,45690,22750,42520,NA,NA,308.9,778100,5854,NA,NA,54200,NA,285200,773400,372.7,298.1,579000,NA,161.3,NA,722300,363.072,18.39
"1331",1419000,NA,NA,NA,NA,NA,NA,NA,NA,NA,NA,NA,NA,NA,NA,1419000,NA,NA,NA,NA,NA,NA,NA,NA,NA,NA,363.663,20.86
"1332",345200,NA,NA,NA,NA,NA,NA,NA,NA,NA,NA,NA,NA,NA,NA,345200,NA,NA,NA,NA,NA,NA,NA,NA,NA,NA,364.689,23.23
"1333",5548000,NA,10110,331200,960.7,5548000,252000,86720,60500,33390,39880,112700,208000,9485,NA,NA,68560,617500,NA,734200,8835,NA,19170,2743000,8178,932800,367.166,14.04
"1334",2560000,NA,10110,706700,NA,1580000,267600,253600,71250,27160,40420,391900,489500,15330,4460,NA,77450,635000,NA,1843000,9854,NA,10580,2560000,8178,838200,367.166,14.12
"1335",2300000,NA,24780,262100,2420,2300000,23090,55800,53160,12270,14000,131400,114900,147100,NA,NA,29080,113200,NA,503800,900,472.1,48110,697600,16560,193600,367.166,15.23
"1336",448900,NA,NA,41390,NA,108000,3335,24130,NA,NA,7711,4409,119400,NA,498.9,NA,448900,26080,5764,274300,NA,1159,24610,52560,33000,130700,368.113,17.79
"1337",3486000,52030,13700,387700,9260,322700,3486000,2881,NA,49210,2259000,17100,18640,NA,87600,NA,44590,612200,389.9,85350,12740,14200,17160,13140,15200,1804,370.187,16.26
"1338",5460000,39050,14140,672500,30020,580100,5460000,15880,12020,36030,1837000,18240,18860,NA,66320,NA,79220,502700,NA,67700,12530,15410,51150,20830,30690,1804,370.187,16.35
"1339",4028000,NA,534.4,NA,NA,NA,NA,NA,NA,NA,715900,NA,987.3,NA,666,NA,560400,NA,NA,4028000,1411,NA,3676000,8022,NA,2952000,370.202,20.09
"1340",4876000,NA,600.2,NA,NA,NA,NA,NA,NA,NA,824200,NA,NA,NA,666,NA,1870000,720.7,NA,4876000,23360,831.3,224000,9307,NA,4138000,370.202,20.23
"1341",580000,NA,NA,NA,NA,NA,NA,NA,NA,NA,NA,NA,NA,NA,NA,580000,NA,NA,NA,NA,NA,NA,NA,NA,NA,NA,370.671,22.06
"1342",1170000,651700,28250,698200,3585,1170000,19400,39310,915.8,13680,29120,40370,272900,10710,15870,19930,5514,54080,58490,13520,2556,15210,17190,14370,19770,1404,371.061,0.75
"1343",11120000,19440,2199000,3322000,2431000,2770000,9356000,3182000,8213000,9408000,6292000,4749000,2361000,8520000,NA,67620,2016000,6860000,36540,11120000,6783000,5460000,5178000,3368000,5773000,4136000,371.061,2.02
"1344",14770000,53730,3012000,4052000,2839000,3387000,11640000,3437000,8680000,10200000,7606000,5443000,2927000,7305000,7527,74260,2272000,8423000,94660,14770000,7765000,8211000,5831000,3927000,7443000,4089000,371.061,2.49
"1345",41230000,10100,5281000,7660000,5293000,6334000,17610000,7100000,13550000,14890000,10920000,11870000,4623000,41230000,46790,214100,4145000,12010000,243100,20560000,15830000,10630000,15150000,8462000,11050000,6284000,371.061,2.9
"1346",23950000,9832,6559000,9065000,11350000,7971000,19350000,7775000,15410000,16320000,13920000,14280000,7209000,16440000,61990,224800,4973000,14930000,241200,23950000,19580000,11460000,13640000,7018000,11250000,7716000,371.061,3.14
"1347",30650000,207600,4551000,10180000,10580000,8365000,19010000,11660000,22350000,11290000,14790000,9105000,7177000,30650000,151500,299200,6462000,16630000,185300,19110000,12930000,15730000,14980000,10330000,14020000,714300,371.061,6.44
"1348",29010000,184800,4548000,9174000,10490000,7973000,17380000,11060000,21880000,10830000,13870000,8960000,7002000,29010000,140600,302900,6094000,15820000,2e+05,17270000,13240000,15250000,14250000,9929000,13610000,707100,371.061,6.58
"1349",28480000,180400,4590000,8892000,10440000,7905000,16910000,11060000,21700000,10700000,14060000,9126000,6971000,28480000,137100,305100,5935000,15440000,205400,16250000,13400000,15030000,13390000,9950000,13330000,753900,371.061,6.64
"1350",27470000,173800,5065000,1528000,10460000,7879000,16320000,10790000,21110000,10410000,13270000,9471000,7225000,27470000,125500,300400,5590000,14430000,218100,14730000,13930000,14400000,12990000,9526000,11920000,1162000,371.061,6.81
"1351",27180000,211800,3638000,6453000,1730000,6501000,10900000,8425000,10380000,5092000,8217000,6319000,5510000,8554000,140000,74030,3875000,9995000,153900,8307000,8771000,7900000,6502000,27180000,4973000,2991000,371.061,11.85
"1352",40780000,237800,4385000,6325000,2436000,6371000,11130000,8075000,40780000,5196000,8568000,6825000,5869000,6291000,164800,73410,4192000,10150000,177300,8882000,9203000,8279000,6841000,7089000,6119000,3358000,371.061,12.1
"1353",33650000,221800,4370000,6298000,3480000,5867000,9986000,7555000,10200000,4941000,8374000,7045000,5555000,5901000,230800,73730,4054000,9707000,229200,9092000,33650000,7659000,6603000,6483000,6953000,4054000,371.061,12.51
"1354",9655000,205200,4182000,5682000,3740000,5303000,8950000,6969000,9655000,4761000,7817000,6600000,4997000,9199000,232900,71010,3582000,8880000,207600,8425000,1366000,6572000,5953000,5912000,6837000,3997000,371.061,12.79
"1355",26860000,241500,4071000,6282000,3792000,5649000,9158000,6887000,8596000,5355000,7634000,7183000,4951000,26860000,270900,180800,3572000,9203000,186800,9291000,9359000,6539000,6145000,8735000,6146000,4181000,371.061,13.19
"1356",17150000,278100,3982000,17150000,3274000,11370000,9436000,6836000,8762000,5367000,7910000,8447000,5081000,9503000,250900,216500,7708000,10110000,147400,10460000,10060000,6708000,11190000,5610000,6477000,9419000,371.061,13.34
"1357",31790000,355900,4811000,7902000,5955000,7978000,11020000,8e+06,6106000,5958000,8957000,9686000,5520000,8970000,185100,154700,4727000,11010000,210600,11270000,10890000,7389000,31790000,5958000,7734000,4938000,371.061,14.18
"1358",34980000,423800,5414000,20940000,4610000,8538000,11810000,8329000,34980000,6074000,9695000,10530000,6455000,19730000,232700,202200,5472000,11420000,232800,12470000,10660000,8642000,10160000,7710000,9024000,15380000,371.061,14.48
"1359",35490000,380900,4908000,2.8e+07,6044000,7928000,11190000,8111000,10690000,5649000,9153000,9694000,6377000,35490000,69190,196800,5366000,10920000,203800,11790000,9065000,8458000,10320000,7264000,9238000,5244000,371.061,15.36
"1360",22910000,403600,4723000,8521000,6177000,8111000,11420000,8223000,11640000,5785000,9371000,10330000,6076000,13340000,62830,184100,5237000,11130000,200200,12360000,11660000,8559000,22910000,7414000,9549000,5610000,371.061,15.66
"1361",42360000,405000,4630000,8304000,6637000,8322000,11310000,8599000,36420000,6139000,9638000,9960000,6027000,12300000,97580,202000,5610000,11620000,221100,13030000,42360000,8785000,1620000,7511000,9763000,5804000,371.061,16.17
"1362",30610000,414600,4493000,8204000,6584000,7485000,11270000,8661000,13190000,6111000,9313000,9487000,5714000,12410000,106000,194300,5478000,11550000,213400,13020000,13230000,8735000,30610000,7478000,9560000,5736000,371.061,16.25
"1363",12680000,224900,4290000,6236000,6378000,5591000,10180000,8001000,9673000,5490000,8126000,8299000,5212000,12680000,37380,160300,4628000,11190000,171400,10930000,11550000,8432000,10570000,6794000,10010000,5522000,371.061,16.52
"1364",41430000,145600,3059000,4802000,5392000,3557000,7686000,6451000,5869000,4165000,5980000,5983000,2114000,41430000,11860,69740,3141000,9919000,150000,9583000,5691000,7920000,8131000,5586000,8493000,4991000,371.061,17.07
"1365",11890000,117800,3404000,5275000,4141000,3395000,7867000,6134000,5358000,4243000,6572000,6468000,4277000,11890000,22470,15720,3121000,9346000,156400,10190000,9171000,7340000,8125000,7733000,7722000,5164000,371.061,17.3
"1366",10610000,171700,3652000,6983000,3835000,6394000,9262000,6652000,5924000,4959000,8347000,9708000,5180000,10610000,18530,87260,3251000,9891000,155900,10360000,8126000,7363000,9224000,5804000,7779000,5198000,371.061,17.68
"1367",38930000,318500,4421000,17750000,4437000,14130000,10620000,7970000,8965000,5990000,9760000,19250000,5888000,7877000,20510,148200,5058000,38930000,173200,12300000,13620000,8134000,11250000,6236000,8881000,9149000,371.061,17.91
"1368",43440000,247100,4987000,7134000,6395000,6390000,9813000,26850000,21930000,6864000,9502000,9356000,17610000,8743000,31480,431900,8190000,10860000,201900,12580000,43440000,7973000,36690000,7151000,10290000,3038000,371.061,18.15
"1369",13430000,173500,5167000,7431000,7048000,7377000,9945000,7169000,10250000,6369000,8620000,8480000,5309000,13430000,28140,165300,4517000,10300000,203000,10860000,12300000,6422000,11540000,6936000,10210000,4356000,371.061,18.48
"1370",44480000,275500,5539000,4086000,14210000,7773000,7919000,6329000,18330000,4856000,8873000,8271000,5920000,44480000,15700,219700,5230000,10620000,188400,11180000,10440000,6094000,8496000,6834000,9532000,3994000,371.061,18.89
"1371",19780000,320100,4705000,4067000,5541000,8177000,7226000,5410000,8505000,4713000,9148000,9897000,6691000,13310000,11290,156400,19780000,10810000,159000,13630000,9803000,8031000,7237000,7170000,6726000,6846000,371.061,19.26
"1372",25940000,307900,4560000,7986000,2528000,25940000,11270000,7751000,8687000,7695000,9467000,11450000,6229000,12740000,10720,391500,5394000,11680000,134200,13930000,14200000,8057000,19070000,7549000,7624000,5413000,371.061,19.68
"1373",14500000,368400,4870000,8360000,2440000,6965000,12360000,8589000,11970000,7262000,10320000,11380000,6394000,8367000,24200,205700,5451000,12710000,164900,13750000,14500000,8599000,10360000,7202000,10360000,10230000,371.061,19.91
"1374",20520000,396700,4410000,8707000,6302000,7765000,12740000,8762000,13020000,7276000,10440000,11450000,6538000,10650000,24820,194500,5530000,12360000,167500,14130000,14560000,8266000,20520000,7080000,11310000,5789000,371.061,20.33
"1375",31060000,550400,5192000,8907000,18100000,9131000,12730000,8939000,12320000,7416000,11370000,11640000,6697000,31060000,24320,220000,5913000,12530000,188000,14010000,14550000,9399000,1723000,7927000,10340000,6583000,371.061,20.61
"1376",14680000,542200,5277000,8869000,6413000,9147000,12800000,8689000,12610000,7367000,11010000,11150000,6591000,13470000,24140,223000,5918000,12680000,187000,13970000,14680000,9214000,12120000,7702000,10400000,6717000,371.061,20.83
"1377",43110000,625500,5580000,8893000,6991000,9287000,12920000,8936000,12840000,7114000,10600000,10680000,6419000,43110000,24830,221800,5727000,12790000,81780,13200000,15510000,9072000,2979000,7890000,10120000,6581000,371.061,21.36
"1378",14450000,691500,5618000,8486000,9906000,8377000,13320000,9195000,13660000,8274000,10790000,12070000,6437000,14450000,23120,221500,1924000,12580000,141800,10600000,13350000,8816000,9299000,6297000,9407000,5514000,371.061,22.14
"1379",19710000,717900,6025000,9573000,3380000,9131000,13600000,9462000,13440000,8632000,1.2e+07,12670000,6510000,15420000,23900,226300,5740000,13560000,221000,15690000,16470000,10010000,13360000,7697000,11090000,19710000,371.061,22.97
"1380",18010000,772400,5774000,9351000,18010000,9273000,14460000,9593000,11630000,8485000,11870000,12710000,6811000,15050000,21680,214900,5572000,13730000,208200,15690000,16250000,10130000,13550000,7795000,10910000,6769000,371.061,23.89
"1381",16070000,820900,6669000,8389000,5626000,7042000,15230000,7932000,14140000,10710000,12490000,14400000,6389000,15220000,21990,243500,4502000,11910000,276300,16070000,16020000,10230000,10260000,6e+06,9757000,7508000,371.061,28.81
"1382",14450000,835100,5789000,7700000,4469000,6529000,13600000,6783000,11790000,10680000,11170000,9262000,5254000,12810000,9938,219200,3550000,10640000,253100,14450000,12580000,8969000,8559000,4903000,8268000,5856000,371.061,32.17
"1383",18400000,826300,5641000,18400000,4480000,6125000,13030000,6451000,11410000,10370000,10390000,8958000,4981000,12590000,6328,214000,3355000,10450000,240500,13900000,12750000,8593000,8285000,4612000,8130000,5683000,371.061,32.29
"1384",16210000,648700,4071000,4779000,3349000,4542000,10020000,4765000,8455000,7127000,8195000,6804000,3731000,9652000,5831,156100,2511000,16210000,202400,10700000,10130000,6100000,13970000,3419000,6013000,4497000,371.061,33.77
"1385",10620000,587500,3491000,4333000,2586000,3775000,8696000,4035000,6594000,6677000,6327000,5574000,3002000,7649000,13630,144300,2059000,10620000,180100,8887000,7847000,5384000,9018000,2826000,5032000,3583000,371.061,34.93
"1386",6624000,443200,2516000,3114000,1806000,1974000,6488000,2886000,4764000,5051000,4447000,3280000,2159000,5609000,10850,105900,1486000,4570000,137100,6624000,5639000,3732000,3542000,2028000,3686000,2379000,371.061,36.47
"1387",5762000,392100,2127000,2773000,1611000,4295000,5423000,2399000,4224000,4412000,3923000,5685000,1878000,4997000,8299,96750,1294000,3858000,121800,5762000,4851000,3356000,3080000,1778000,3153000,2134000,371.061,36.88
"1388",7008000,330000,1740000,7008000,1253000,3893000,4399000,1823000,3127000,3316000,3142000,569500,1486000,3883000,4409,76570,999900,3067000,102100,4589000,3920000,2559000,2603000,1395000,2437000,1643000,371.061,37.85
"1389",5542000,320200,1695000,2140000,1229000,1641000,4306000,1784000,3012000,3384000,3132000,5542000,1458000,3700000,2582,74080,1001000,2984000,100200,4530000,3776000,2485000,2328000,1355000,2354000,1662000,371.061,37.99
"1390",5947000,291900,1571000,1989000,1143000,1634000,3941000,1688000,2899000,3098000,2925000,2404000,1295000,3542000,3774,70120,911700,2768000,95500,4135000,3535000,2341000,5947000,1260000,2178000,1543000,371.061,38.28
"1391",3678000,254000,1385000,1660000,960200,1205000,3328000,3153000,2439000,2630000,2368000,1004000,1161000,2911000,5727,61020,759400,2255000,79030,3678000,3030000,1881000,1844000,1070000,1824000,1284000,371.061,38.82
"1392",3516000,243600,1266000,1553000,890300,2803000,3131000,1286000,2278000,2452000,2271000,3516000,1117000,2810000,2987,54490,737500,2148000,80000,3345000,2861000,1759000,1738000,989300,1754000,1235000,371.061,39.02
"1393",2709000,196300,943300,1850000,625700,876600,2502000,938900,2487000,1903000,1764000,1312000,1264000,2047000,3975,91550,568800,1719000,63430,2709000,2215000,1416000,2050000,784900,1399000,937700,371.061,40
"1394",2274000,167000,845900,1139000,1162000,2118000,2086000,1060000,1487000,1591000,1506000,1380000,673600,1860000,1586,40080,484300,1606000,15350,2274000,1907000,1189000,1229000,600900,1164000,799400,371.061,40.37
"1395",2133000,155500,793800,935500,526300,825000,1949000,833700,1697000,1496000,1432000,1151000,94900,1723000,1583,35820,451500,1306000,49400,2133000,1719000,1159000,989100,676300,1055000,748900,371.061,40.55
"1396",4362000,140100,731000,2341000,495300,768200,1807000,2049000,1311000,1411000,1276000,2688000,1475000,1485000,3474,28130,399600,1221000,49560,2002000,4362000,1074000,2583000,1383000,1022000,687300,371.061,40.96
"1397",3292000,134400,695300,816100,1218000,716600,1744000,712800,3292000,1362000,1173000,966300,588100,1272000,2463,29490,383800,2094000,46710,1858000,1540000,1037000,931600,516400,954100,641000,371.061,41.1
"1398",10370000,10370000,3759000,399500,2931000,277900,2417000,329900,2785000,644900,635700,210600,1162000,951300,1947000,1380000,4538000,1990000,3174000,1465000,1040000,643100,2524000,519200,2531000,5374000,371.097,3.22
"1399",544400,544400,529100,516400,NA,493800,16510,471100,NA,371800,449600,480900,506600,NA,14260,407300,499000,494900,387200,325400,258400,442800,443000,542300,120100,485500,371.112,31.92
"1400",386200,977,1297,34400,NA,386200,10590,35630,550,7144,6414,1746,520.9,NA,1829,NA,7749,4994,103.6,5245,924.2,7932,5479,5285,132.3,12370,371.315,39.57
"1401",4512000,141000,1130000,1445000,976900,1307000,2605000,1393000,2386000,4512000,2110000,1996000,1025000,2547000,914.7,40630,808500,2200000,46490,2795000,2613000,1695000,2070000,1066000,1819000,1214000,372.064,27.52
"1402",2679000,132900,1105000,1391000,930500,1168000,2543000,1317000,2348000,1782000,2086000,2352000,1052000,2540000,1096,39440,743300,1983000,44220,2674000,2679000,1708000,1711000,1001000,1615000,1251000,372.064,28.81
"1403",3102000,143600,1063000,1307000,810700,3102000,2523000,1192000,2210000,1902000,1986000,1682000,957800,2290000,362.8,37000,656900,1903000,44250,2592000,2407000,1604000,1591000,930300,1496000,1114000,372.064,30.99
"1404",3761000,105400,672500,751700,548300,743900,3761000,769600,1391000,1179000,1340000,1131000,581900,1603000,148.5,25100,411700,1254000,32730,1778000,1688000,1010000,983500,563800,1058000,733800,372.064,33.83
"1405",3151000,100200,628900,783200,473500,691000,1527000,746300,1276000,3151000,1179000,1032000,551900,1401000,283.1,24920,370700,1131000,32070,1644000,1530000,987500,926200,534300,955400,641400,372.064,34.37
"1406",2045000,94230,568200,704100,408600,609200,1436000,654800,1080000,2045000,1042000,903800,481700,1201000,206.6,23780,330300,1039000,28410,1483000,1328000,868100,809700,450600,824500,573800,372.064,35.03
"1407",4028000,11080,1604000,1071000,486300,1011000,1459000,734000,963400,879600,1032000,1798000,1285000,449800,462.8,3982,794900,1664000,13560,3438000,4028000,761900,1225000,763100,909100,1150000,372.093,4.49
"1408",6040000,4127,886100,1362000,1439000,1022000,1544000,1317000,1830000,1660000,1486000,1832000,1892000,821500,NA,7668,912600,1909000,1710,2348000,6040000,1374000,2608000,1087000,1470000,829000,372.093,5.44
"1409",6929000,772.5,1230000,1300000,304500,1178000,2307000,1649000,2313000,1742000,2513000,1841000,967500,2534000,NA,1829,941900,2465000,14310,6929000,2811000,3553000,1743000,1570000,1229000,1129000,372.093,8.53
"1410",5522000,1964,1227000,1071000,521500,1065000,1886000,1549000,2477000,119700,2256000,1512000,960900,2647000,NA,2239,1933000,2392000,21610,1924000,2397000,1589000,1505000,5522000,3682000,1041000,372.093,8.74
"1411",6773000,1618,1143000,939800,705300,966700,1624000,1366000,6773000,316400,2041000,1311000,902100,2533000,434.4,2239,807400,2162000,14430,291200,2e+06,1424000,1227000,1598000,1484000,861300,372.093,8.83
"1412",581300,NA,1411,NA,NA,NA,NA,NA,54860,NA,NA,NA,NA,NA,NA,581300,NA,NA,4677,NA,NA,NA,NA,NA,NA,NA,372.18,11.99
"1413",39640000,13410000,6815000,17690000,7226,47260,6009000,10610000,11020000,15040000,84590,12680000,583200,11200,14840000,15280000,15980000,17770000,39640000,64490,150400,19920000,192200,16570000,268900,6785000,372.348,37.77
"1414",5071000,NA,496600,1031000,2126000,2394000,1927000,1374000,1595000,205200,2567000,1367000,855000,5071000,25030,4004,608700,1753000,15140,2162000,2135000,1428000,1597000,1292000,1441000,678100,373.077,2.55
"1415",4661000,2395,703100,956300,1067000,910200,1709000,1063000,1645000,975700,1159000,1450000,713600,4661000,23970,1342,686800,1542000,13000,1823000,1863000,1114000,1527000,907100,1420000,793200,373.077,4.05
"1416",6544000,1295,484600,705800,749800,664000,1346000,813400,1597000,655900,936700,952300,530800,6544000,26770,2591,424700,1103000,9947,1430000,1105000,903500,1043000,674400,1026000,482700,373.077,5.27
"1417",1927000,NA,2e+05,483200,624300,389400,1004000,724200,1320000,410200,797600,321300,351600,1927000,63150,NA,298500,895000,722.1,1096000,563000,756800,1767000,549400,694700,178400,373.077,6.32
"1418",820600,NA,NA,278.2,NA,NA,NA,NA,352,NA,NA,NA,NA,NA,NA,820600,NA,297,NA,NA,NA,NA,NA,NA,NA,NA,374.109,22.1
"1419",6450000,4300,1855,55560,1074,1154000,3164,29650,31060,6874,3627,23080,9618,16130,6450000,131200,51870,8217,45630,6506,2076,66720,40710,55870,973.1,907.3,374.161,9
"1420",7483000,7497,1855,47970,7368,159500,7447,28710,19350,43950,13630,12090,23930,38970,7483000,36280,61810,5022,27650,7092,2076,89250,13220,66690,4457,907.3,374.161,9.2
"1421",865200,29360,3835,22490,17220,138700,14140,17730,14280,62940,21960,6316,31750,22030,865200,5282,42550,4538,35110,6468,6934,62640,39370,45640,12060,2389,374.161,9.4
"1422",552900,77490,117200,26050,1520,67610,106000,31700,43650,173600,24330,25220,231100,1575,88740,440000,552900,339900,214300,17230,76860,18420,373100,50580,52260,176900,374.304,41.74
"1423",1041000,65110,212500,103900,214500,65380,689000,141200,534000,1041000,158700,91490,144300,83570,250900,132800,86850,210800,17380,163600,95250,105000,123400,108900,221300,82320,375.275,23.01
"1424",465000,NA,NA,NA,NA,NA,NA,NA,NA,NA,201.6,NA,NA,NA,NA,465000,NA,NA,NA,NA,NA,NA,NA,3006,NA,NA,376.116,29.69
"1425",1648000,NA,677.3,1464000,NA,1648000,66010,131000,44330,170400,806000,2034,316600,NA,NA,278.1,388400,540400,NA,276300,248400,42050,157300,1441000,100400,129800,376.116,31.5
"1426",1592000,NA,NA,12510,78940,209700,296.5,488.5,31650,3799,50260,NA,NA,1592000,NA,NA,NA,2181,NA,441,7097,998.5,NA,13120,98780,3388,376.116,31.74
"1427",4850000,1413000,557300,373500,344200,710600,936500,711300,4850000,2322000,1144000,862700,1680000,807400,2583000,1311000,325000,1702000,1422000,456100,576900,1230000,960200,1175000,2005000,746300,377.084,1.57
"1428",23770000,13170000,15140000,7021000,6091000,16720000,13960000,7278000,17510000,23770000,12600000,9913000,19710000,8415000,9326000,16520000,5718000,11310000,20480000,22980000,14090000,22620000,12080000,14940000,11140000,16950000,381.08,1.57
"1429",27980000,8837000,9505000,1726000,559500,7794000,6656000,2947000,17790000,27980000,15120000,3860000,8728000,9618000,9529000,11420000,2209000,4446000,5939000,9731000,3488000,10960000,4519000,6254000,3051000,8006000,381.08,1.7
"1430",17230000,5286000,7971000,828200,863700,12900000,8656000,4766000,500700,9946000,5665000,5621000,1566000,1902000,258200,9824000,3512000,6500000,3634000,1245000,5158000,17230000,6069000,11950000,4715000,1584000,381.08,1.79
"1431",673000,NA,509.3,47940,NA,316000,4749,13440,704.1,252.9,71680,7806,67050,NA,126400,2820,55990,15960,673000,67780,51510,41110,505000,106600,336.4,60370,382.128,19.91
"1432",615700,NA,NA,NA,NA,NA,NA,NA,NA,NA,NA,NA,NA,615700,NA,NA,NA,NA,NA,NA,NA,NA,NA,NA,NA,NA,382.128,21.01
"1433",339600,301500,155400,216300,315.1,268.6,38680,14850,53870,339600,1639,57050,53420,629.3,199700,160400,130600,158200,206700,214,5788,33360,1952,68860,NA,208200,382.26,27.61
"1434",62720000,47100000,20880000,57680000,28050000,52770000,41800000,41620000,53150000,37600000,29580000,46950000,49900000,42150000,7340000,2233000,53500000,51970000,5702000,51290000,36270000,5.4e+07,62720000,48280000,44660000,39430000,383.045,1.65
"1435",88040000,21280000,33730000,68220000,32820000,48560000,8367000,21260000,88040000,47050000,26240000,36870000,52500000,56710000,10680000,4236000,27650000,42880000,12700000,53660000,29890000,56600000,68700000,61290000,36460000,53160000,383.045,1.74
"1436",76340000,29490000,29140000,6706000,22950000,55320000,5574000,46690000,76340000,49300000,30970000,49100000,43870000,28340000,11930000,3177000,58450000,56640000,8268000,66910000,39040000,47300000,54480000,66730000,48720000,18830000,383.045,1.75
"1437",56050000,41020000,20400000,24840000,22740000,47280000,5357000,31560000,56010000,30730000,24220000,35860000,45130000,56050000,10740000,2387000,44590000,39910000,6930000,39350000,25230000,45560000,51970000,43870000,35640000,34180000,383.045,1.82
"1438",36910000,29790000,6755000,17330000,8204000,18420000,12690000,12490000,18670000,22920000,17010000,24780000,32150000,18660000,7434000,1493000,32550000,27280000,5608000,27550000,12500000,36070000,36910000,32790000,27350000,22910000,383.045,2
"1439",40250000,5835000,5894000,2716000,2426000,1549000,5272000,2860000,8098000,5057000,3116000,5443000,7150000,4120000,4398000,4203000,356900,5533000,40250000,5984000,3098000,5410000,4765000,3819000,2853000,16910000,383.082,1.62
"1440",13410000,1878000,5082000,869300,2193000,1352000,4385000,1063000,7236000,2187000,956700,4584000,2705000,1694000,1032000,775000,403400,2104000,13410000,1994000,1024000,4475000,1807000,3219000,3412000,5649000,383.082,1.75
"1441",115500000,2088000,3365000,260900,363600,185000,1460000,249100,2630000,2473000,1200000,1555000,1943000,1129000,1913000,8346000,62490,1344000,115500000,1816000,563100,1615000,799400,671100,987600,14110000,383.118,1.61
"1442",303400,NA,NA,9357,NA,10990,2446,344.2,3657,320,NA,865.3,860.6,NA,NA,4647,303400,386.8,NA,13160,3658,NA,59740,60150,4832,NA,383.185,38.91
"1443",10670000,NA,9926,8570000,NA,3319000,404000,564700,74010,259400,811500,17640,191000,NA,2723,NA,512600,913100,267600,3324000,1963000,88380,10670000,2768000,849100,12860,384.109,17.91
"1444",9470000,NA,NA,170700,157100,57290,NA,865.7,NA,NA,6513,NA,2230,9470000,NA,NA,3667,16990,687,48970,21400,NA,253100,163100,49140,NA,384.109,18.4
"1445",4935000,534400,829200,291500,325300,1326000,158000,270900,1878000,178700,712100,198500,1230000,NA,4496000,4431000,1738000,278900,4935000,334900,159400,1356000,3764000,2157000,452300,308300,386.159,13.22
"1446",9404000,745900,1654000,364100,277500,2271000,216000,382200,3525000,332100,790700,416500,902800,NA,6549000,1414000,1559000,450200,8532000,543000,266200,1876000,9404000,3106000,644300,497500,386.159,13.45
"1447",8560000,1063000,2388000,1410000,404800,5382000,459300,826300,6809000,1170000,1021000,1115000,1488000,269400,5278000,208200,2484000,909600,8560000,631900,639100,3671000,5041000,5446000,1107000,791100,386.159,13.7
"1448",7304000,2012000,4139000,645800,541000,2764000,695300,1172000,2948000,1156000,3007000,1331000,2640000,482600,4444000,148900,4918000,798300,7304000,1403000,902700,3946000,4188000,5841000,1317000,2090000,386.159,13.76
"1449",4543000,235900,1281000,112300,812900,564200,769300,1128000,3077000,548300,1709000,1172000,2141000,1063000,2669000,57210,651800,1397000,3702000,1099000,804000,3085000,449000,4543000,2774000,209500,386.159,13.89
"1450",5549000,10730,8361,3152,226700,23700,NA,2329,38210,NA,8334,2893,3973,5549000,21730,14580,26840,2406,52730,1185,323.9,12140,25870,45620,31330,2112,386.159,14.59
"1451",545900,1537,3686,1352,53370,5071,NA,722.1,24670,NA,5086,373.7,3140,545900,21050,32340,19990,669.3,45650,1043,323.9,3670,18790,36760,14920,1982,386.159,14.75
"1452",2698000,1137000,477600,1143000,NA,NA,896000,1698000,997800,1173000,1716,1618000,925800,NA,766600,480700,892000,1724000,2698000,241.7,3666,2015000,7158,1482000,5631,444500,386.327,36.6
"1453",1713000,1413000,1188000,1328000,1713000,989400,1310000,992900,703400,1279000,858600,980700,1090000,1375000,256700,651500,1306000,1119000,266500,951800,840700,653900,742500,1039000,1166000,549100,386.938,1.43
"1454",5558000,1510000,4677000,2436,300.1,1015000,1559,1777,349.1,1805,1132000,983.6,6096,880,2524,2552,4957,1651000,5558000,3560,2513,2119000,856.9,6676,6009,810.3,387.113,1.37
"1455",4391000,3207000,828400,1449000,467500,833600,628300,1165000,723800,3680000,4391000,1610000,526300,200200,1663000,2132000,2759000,1428000,2334000,1636000,743000,1712000,1419000,1556000,458300,2627000,387.164,13.36
"1456",3823000,1918000,1987000,2523000,24700,2044000,3823000,1662000,2209000,1390000,1798000,2284000,2527000,13050,1809000,2660000,2696000,2011000,2642000,2220000,2148000,2327000,2429000,2190000,2069000,2608000,387.181,31.89
"1457",2886000,78940,103500,123200,2886000,6059,146600,74450,51410,55420,66150,101600,114400,2600000,55040,116600,138700,91860,132300,4022,66310,154600,65840,102500,184500,109000,387.181,32.12
"1458",580400,573500,116700,580400,NA,143400,243700,299400,383800,156600,83350,180600,182200,NA,281700,124800,154800,437700,246500,122900,299000,222400,85120,332200,171700,495900,387.194,33.56
"1459",554900,18530,489.5,5652,131200,5575,5850,7776,384200,4441,1397,2444,5726,554900,390.3,673.9,92060,16270,4930,1348,4623,161700,2379,271300,170600,16960,387.194,33.68
"1460",12520000,2431000,4007000,512500,3195000,3221000,12520000,5993000,4530000,2133000,6018000,2387000,5957000,847300,5001000,4842000,3586000,4051000,178400,2555000,1154000,4760000,2663000,2619000,2e+06,1172000,387.202,13.67
"1461",9867000,1837000,3334000,437900,3685000,2566000,9867000,4935000,6013000,1639000,5023000,1916000,4780000,1377000,3895000,3743000,4530000,3422000,178400,2033000,966800,4089000,2248000,2413000,2947000,967800,387.202,13.69
"1462",1051000,59440,950400,310900,20370,74910,210100,122300,158900,299500,120200,377200,228700,3952,221700,376400,136000,236200,1051000,200200,8979,227000,16920,75860,41060,241500,389.16,20.19
"1463",5508000,2081000,932700,2128000,5508000,1676000,1306000,316700,1574000,253500,421100,902400,1325000,2315000,1731000,830800,1679000,773900,1376000,2146000,2003000,492500,4858000,648300,4203000,3316000,390.14,2.98
"1464",4889000,480400,634500,213900,4889000,272000,220500,205500,583400,156200,90520,163500,281800,843100,575200,354000,1228000,502700,583700,712800,571700,335900,1367000,241400,1612000,1102000,390.14,3.22
"1465",1219000,862300,332100,316500,338900,261800,202700,93990,252600,88450,74870,152900,52150,1219000,378700,26250,565200,213100,264100,293500,255500,149600,708100,113600,801700,515800,390.14,3.7
"1466",1284000,884400,297700,293900,877000,234900,186200,83080,144700,70770,69100,135400,271800,1284000,348700,152100,515100,193000,243900,264100,228100,133300,630100,105800,675400,460400,390.14,3.77
"1467",2924000,657400,214800,202100,770200,126400,108600,59490,180700,24730,47400,42570,152200,2924000,462700,110600,385900,143200,106300,63140,71610,103100,450300,24150,550300,235100,390.14,4.11
"1468",1804000,324900,82310,74080,1804000,56930,46440,27000,17770,14830,3117,14600,95160,509100,15570,84800,135700,55350,54300,54650,68050,16520,125700,20240,27190,120500,390.14,4.81
"1469",1113000,1356,NA,526.4,2206,1085,NA,825.6,7841,1113000,29790,1181,2824,19580,22170,NA,NA,NA,25820,NA,NA,7726,2385,8155,NA,1192,390.156,10.79
"1470",2672000,8698,523500,104300,180800,63640,65260,83050,448600,106000,109300,30970,97710,125500,2076000,2672000,270200,120500,94070,144800,182400,125800,285600,120900,31500,235000,390.156,16.01
"1471",3239000,53490,1222000,435100,256000,190600,286000,344900,1195000,1001000,486800,143900,358600,209900,3239000,329000,1207000,525700,217900,1112000,525000,970000,1905000,706900,343400,796100,390.156,16.69
"1472",7983000,51760,1096000,401000,325600,156100,313500,349800,2397000,954600,462000,139800,344400,116500,7983000,NA,1316000,579700,195200,1005000,537100,1696000,1738000,1110000,464500,707800,390.156,16.76
"1473",2600000,NA,2600000,472.3,NA,NA,NA,NA,311200,1033000,NA,NA,NA,NA,NA,NA,NA,NA,NA,25870,NA,NA,NA,NA,1463,NA,392.265,19.9
"1474",1500000,NA,586500,73200,18410,85810,347700,69600,1500000,887600,304000,55860,302500,NA,10910,NA,41360,439800,26590,390800,5145,294500,84980,106800,16630,13380,392.751,15.76
"1475",843500,NA,528900,64600,24310,77030,843500,143000,656900,789000,780200,55860,629500,29430,10910,NA,140900,392600,26180,410500,4694,275400,81520,93030,52750,13380,392.751,15.8
"1476",548200,NA,NA,NA,681.9,3420,3545,3059,4716,14420,2811,500,412.5,548200,3191,415.8,994.9,12880,NA,327.2,425.1,346.1,372.4,76140,592.1,NA,395.389,45.41
"1477",890100,NA,NA,NA,NA,NA,NA,NA,NA,NA,NA,NA,NA,NA,NA,NA,NA,NA,NA,1499,20460,NA,890100,25530,354200,NA,397.17,17.18
"1478",1041000,263700,455300,323500,381.8,209700,251400,307700,393900,506900,304900,328700,295500,NA,531300,271400,234800,278800,1041000,341900,616300,304000,354000,263600,765100,345600,400.307,37.85
"1479",861900,16220,20600,898.8,861900,5485,19140,14780,1641,314700,17790,211300,10130,272300,1560,14090,193200,173200,54860,20060,31060,268400,33230,225800,623300,195500,400.307,37.96
"1480",568600,130300,67520,203200,373.9,351.9,55610,114100,123600,143900,294.5,140800,77460,334.9,167900,170800,204100,220400,568600,249.6,1083,222900,1302,216900,1951,71570,400.379,39.62
"1481",117100000,18830000,2639000,58500000,101100000,55230000,49620000,84200000,14220000,32680000,47540000,49490000,20170000,83340000,648200,141100,107200000,64100000,627200,66600000,48410000,24690000,117100000,61450000,56110000,29960000,401.056,1.75
"1482",60680000,19010000,1443000,39570000,60680000,30400000,26640000,44180000,6807000,4847000,24400000,25740000,18620000,53950000,228700,32550,53010000,7595000,702900,35790000,23780000,24560000,50620000,29070000,14340000,2171000,401.056,1.93
"1483",43540000,15240000,1780000,39320000,6537000,26730000,21100000,37050000,9787000,22980000,19270000,26340000,15280000,41840000,205400,91290,42820000,18640000,626600,27060000,19600000,19730000,43540000,25410000,26600000,6848000,401.056,2.01
"1484",35400000,12350000,1421000,30510000,35400000,21130000,16650000,3900000,7516000,18720000,15630000,20210000,12640000,31810000,127000,52380,33580000,25280000,499100,20390000,14480000,15940000,33730000,2e+07,20070000,10320000,401.056,2.1
"1485",30340000,10740000,1283000,11400000,8336000,11910000,15340000,3411000,5096000,17410000,4648000,6196000,11520000,14350000,105300,40290,30340000,21880000,453400,7728000,3900000,14860000,30080000,18080000,18590000,5952000,401.056,2.24
"1486",24990000,8012000,563800,21860000,3067000,15800000,3626000,7047000,5388000,13470000,10240000,13790000,9053000,21990000,72660,20510,24990000,8546000,316600,13760000,3540000,11650000,23360000,14840000,13740000,6242000,401.056,2.32
"1487",19630000,6017000,836600,17620000,8544000,12540000,2877000,15680000,4115000,10780000,2092000,10450000,7574000,17090000,43350,23800,19630000,13670000,51030,10580000,7581000,9443000,19170000,11840000,3751000,4894000,401.056,2.42
"1488",15560000,4376000,91210,15560000,11360000,1394000,1675000,7850000,3275000,5616000,2316000,6895000,6055000,10570000,7841,12660,13620000,2880000,11300,4539000,3837000,7317000,11300000,8055000,8716000,931900,401.056,2.7
"1489",9929000,2455000,183700,8927000,8162000,992400,627800,2611000,627300,1299000,2663000,4954000,3866000,8913000,9344,807,9929000,6331000,29150,1131000,3553000,4758000,8962000,6047000,5278000,463200,401.056,2.84
"1490",6199000,1005000,45250,6199000,5412000,4504000,1729000,5050000,1232000,765300,2600000,3196000,2493000,6093000,8680,2082,2015000,4289000,25930,2906000,667200,3200000,6115000,3990000,3546000,221700,401.056,3.02
"1491",4530000,421500,30230,2226000,2269000,1175000,485400,3228000,105700,1233000,876900,2082000,1840000,4530000,8162,410.4,2104000,4449000,4393,1209000,384300,2567000,2641000,2078000,255500,540000,401.056,3.27
"1492",1211000,188400,511600,350600,340500,146200,440100,331200,738500,307400,331800,463200,349800,399900,1211000,886000,273900,466400,945100,392000,397700,321300,611900,226900,652400,253300,402.915,1.44
"1493",1100000,524600,629400,503500,1100000,497000,519800,720100,1086000,450900,704100,733100,772300,NA,566000,518800,648100,681900,561100,522600,681000,512100,739700,655800,471800,722400,403.233,40.54
"1494",3327000,NA,NA,NA,NA,NA,NA,NA,58820,NA,NA,NA,NA,NA,NA,3327000,NA,NA,377.3,NA,NA,1477,NA,NA,NA,NA,404.17,9.41
"1495",934000,NA,NA,2790,43540,NA,NA,NA,NA,NA,NA,NA,NA,NA,NA,NA,5233,NA,20310,298400,6938,788.8,934000,4174,9029,1059,404.187,30.75
"1496",832600,329900,418900,499100,NA,446600,832600,354500,564300,211600,395300,445900,569700,NA,461300,507700,582300,414900,480300,447300,443900,442800,532800,494000,406300,536100,404.208,31.88
"1497",1180000,10600,16470,39370,237400,2780,101000,40220,19770,451000,194600,436300,44390,43790,236900,NA,115400,7231,39210,287000,984500,6226,968000,13620,1180000,17790,404.229,14.83
"1498",1133000,672.5,10680,21750,122900,7110,188100,35920,2801,327100,173100,402200,115700,184100,88280,NA,150300,63880,1002,173900,4e+05,26040,563200,2114,1133000,704.9,404.229,16.2
"1499",1646000,NA,12110,5371,71460,8823,238700,130700,14230,188000,116200,249700,182100,278800,14520,NA,105500,68120,1011,115600,49370,30030,396900,2114,1646000,704.9,404.229,16.39
"1500",1885000,926.9,63560,1790,330500,495400,1885000,1051000,126800,97060,91650,207900,1505000,NA,97380,640900,38980,754100,3689,10460,59690,291200,291500,118500,64390,10690,405.167,18.71
"1501",1206000,11630,84640,3532,1206000,188700,76700,35230,27200,20030,55840,64620,502800,23200,12590,57790,25410,129000,11140,12880,5230,53050,8251,40610,334.6,11160,405.167,19.31
"1502",723200,9607,59950,5006,7979,255000,57770,37050,61820,19840,46830,86600,723200,38310,294800,65760,33070,162400,14520,12700,9007,82850,16150,91150,1761,11290,405.167,19.35
"1503",1699000,18810,310400,314400,87380,2460,60500,18540,704100,1699000,16420,101600,14100,132600,438200,NA,13940,530400,77860,1210000,205600,36480,125900,339700,214900,1085000,406.244,15.12
"1504",1354000,183900,1354000,12050,510.1,62710,42820,11730,659600,373000,451100,156700,41670,NA,19580,158300,673200,80580,459.5,94580,30290,20050,72580,131600,76740,17880,407.183,19.61
"1505",2318000,3774,1177000,8849,510.1,47120,32200,10560,725100,304700,349100,2980,38740,3292,2318000,2133,21360,2100,312.9,3594,24930,19010,65920,137200,96430,717000,407.183,19.65
"1506",1223000,NA,7029,28030,1223000,3718,386,NA,32040,56110,NA,2520,NA,405,795.5,NA,NA,NA,175000,15780,43670,389.9,33740,59400,35890,7340,409.198,18.43
"1507",1183000,2429,345.4,NA,1657,33360,105400,80800,24800,53670,196500,52700,475.2,1183000,5688,NA,17130,129700,406.8,1510,321.4,NA,615.3,17310,1629,NA,409.405,45.77
"1508",10170000,3237,303300,1565000,153600,2474000,3146000,1316000,507400,1615000,3949000,1660000,780700,1188000,NA,4588,613800,3554000,NA,10170000,2833000,5683000,2775000,2777000,1546000,1986000,411.033,1.7
"1509",8465000,3237,369700,1085000,248500,1736000,2542000,1013000,394000,3363000,3121000,1048000,621200,693400,NA,4588,393600,2780000,NA,8465000,1454000,4625000,2223000,2258000,1031000,1459000,411.033,1.81
"1510",794000,5910,158.5,2609,341.9,216400,205000,421000,225600,492300,398200,227800,5506,NA,487.5,2902,299200,794000,60.83,3116,519,5323,5102,262200,2274,216.9,411.383,47.22
"1511",4711000,31180,1370000,1127000,427800,3744000,940000,806500,1070000,630500,2372000,474500,2460000,206200,495800,292600,4711000,1706000,61520,1731000,205900,2231000,785700,1114000,543700,586100,412.219,15.69
"1512",4177000,17460,989600,863600,677600,2768000,642800,599500,1384000,461800,4177000,348700,1762000,452900,301800,182500,4142000,1297000,33480,1291000,162300,1812000,691700,994500,779600,416700,412.219,15.74
"1513",841500,841500,NA,NA,277.8,NA,NA,NA,NA,NA,NA,NA,303.9,NA,NA,377.2,NA,NA,NA,NA,NA,NA,NA,NA,NA,NA,413.38,47.07
"1514",1566000,425400,176400,519600,NA,NA,258900,654700,439300,395400,414.8,654000,351000,615.6,354400,221300,392800,916200,1566000,285.8,1029,1058000,1305,833000,1237,173600,414.359,38.76
"1515",1284000,233300,20450,83930,823200,NA,26790,104100,453700,39950,414.8,300400,29570,615.6,252500,156400,363100,43650,1284000,318.7,1029,1017000,689.2,793000,1237,122900,414.359,38.82
"1516",1134000,290000,540800,12100,810200,17820,212800,12840,556000,424100,341300,492900,322800,595.2,690000,622800,2587,338700,1134000,402100,666700,8318,591700,486100,947000,405900,415.212,33.99
"1517",566400,NA,315.7,1463,81010,NA,NA,NA,9855,16010,206.9,NA,144.5,NA,NA,209.4,171.1,NA,94200,80430,566400,220.5,162500,15520,290000,7672,415.232,20.05
"1518",1070000,295.1,1306,62220,21550,233.5,288.3,869.1,30420,41210,281.1,180.6,132.6,195,474.5,774.7,2998,209.9,210500,705100,851100,5847,1070000,39480,275100,77220,415.232,20.66
"1519",1053000,NA,1174,37230,1053000,NA,224.3,608.4,40320,31280,NA,180.6,132.6,NA,474.5,257.6,645.8,209.9,373700,23120,23300,1962,38290,33290,393900,53270,415.232,20.76
"1520",4357000,NA,295.9,NA,4357000,NA,NA,NA,14680,5912,1598,NA,NA,NA,708.7,824,203,NA,9893,7340,15010,2374,24600,276.9,139600,1127,415.232,21.05
"1521",1951000,2517,39970,15280,275.4,NA,179.8,186.2,49560,137500,297.5,1063,129.7,NA,NA,13410,1553,392.1,931.8,1951000,58300,8746,30730,2715,171300,5668,415.232,22.31
"1522",3779000,217.5,75650,28870,NA,NA,NA,NA,NA,365700,NA,NA,NA,NA,2879,844,308.4,NA,451.6,3779000,597800,149,224400,19740,NA,NA,417.248,21.21
"1523",2688000,217.5,52270,20370,150700,NA,NA,NA,271200,37440,NA,178.5,NA,NA,5964,219.5,308.4,NA,8277,2688000,418300,149,159500,18340,1240000,149.5,417.248,21.38
"1524",607000,158.5,26960,214,607000,NA,NA,NA,9406,2275,NA,178.5,NA,NA,13210,312.8,NA,NA,17670,576500,99640,149,21220,513.8,97920,149.5,417.248,21.6
"1525",53790000,1040000,13680,18960000,53790000,3150000,3375000,21870000,27870,3653000,5977000,18350000,1523000,2227000,NA,NA,7859000,4801000,NA,4988000,9139000,1685000,14670000,3637000,5158000,2002000,419.066,1.67
"1526",200900000,3531000,69340,14930000,200900000,8713000,9228000,10760000,806700,11180000,11450000,3316000,3243000,11950000,NA,NA,17340000,4800000,NA,30910000,6195000,4166000,52270000,7700000,11260000,8227000,419.066,1.74
"1527",38700000,1169000,18590,13380000,38700000,4818000,4707000,16920000,482700,7211000,5451000,5870000,2103000,11190000,1591,NA,16580000,8854000,2892,4831000,3968000,3045000,15270000,5392000,6285000,1453000,419.066,2.79
"1528",10340000,254500,13270,8742000,3334000,2744000,2397000,10340000,231700,3886000,3204000,3147000,1169000,6249000,1072,NA,9478000,5320000,NA,2208000,1963000,1768000,6904000,3e+06,3570000,786600,419.066,3.31
"1529",91660000,4200000,92470,61620000,91660000,11140000,11220000,35910000,1309000,2190000,13290000,17010000,3988000,22620000,NA,NA,33370000,23220000,NA,16680000,12120000,6546000,27840000,10670000,18790000,5376000,419.067,1.81
"1530",81610000,4797000,168800,27730000,81610000,23430000,9881000,34720000,2201000,29820000,12500000,14540000,3791000,22590000,NA,NA,31320000,21310000,NA,13530000,9888000,5955000,26210000,10050000,15410000,4580000,419.067,2.01
"1531",66260000,2763000,23090,22730000,66260000,8927000,8006000,27700000,896100,11610000,9452000,13990000,3374000,17480000,NA,NA,26980000,15950000,1320,9590000,7234000,5069000,22280000,8854000,11280000,815300,419.067,2.28
"1532",4364000,200200,996200,151100,419300,911500,1477000,1948000,1163000,239000,736000,461400,1443000,177500,4364000,2972000,903500,714600,157400,298700,221900,798900,659300,801800,313900,186700,421.162,13.62
"1533",3652000,375600,897200,186100,578500,775400,2248000,2240000,1931000,338400,1301000,420400,2350000,125300,3652000,2202000,1499000,868200,131900,258900,206000,40200,568200,863200,610000,170800,421.162,13.67
"1534",2843000,177500,695600,42330,908200,592000,142700,147500,1525000,48230,99010,326700,157200,268800,2843000,1611000,106900,64450,106600,196000,162000,874700,456000,1016000,627400,130900,421.162,13.73
"1535",1321000,302.3,29440,241.7,120600,177.4,NA,185.5,38840,228400,NA,146.9,160.7,1321000,125.6,170.5,136.1,NA,290.1,34690,597,156.5,253.7,9075,13330,NA,421.242,19.93
"1536",5062000,NA,4580000,130800,NA,1328,NA,353.3,2299000,2352000,NA,244.7,5415,NA,105000,NA,202.6,324.5,60770,5062000,503700,738,203000,54320,359000,NA,421.243,19.08
"1537",4687000,NA,4687000,134700,907800,3570,833,410.9,2065000,3712000,NA,NA,603.7,NA,180500,214.1,202.6,279.7,39790,3176000,208900,3037,79390,26640,559700,NA,421.243,19.34
"1538",14820000,NA,7722000,135700,733000,4037,1444,410.9,4006000,14820000,NA,NA,603.7,778600,23620,214.1,175,279.7,1989,2702000,196400,5017,76110,439000,391400,NA,421.243,19.54
"1539",7080000,NA,175600,79650,329900,2987,1444,410.9,7080000,633700,NA,146.9,603.7,1150000,14280,214.1,136.1,233.3,1823,70290,91600,4792,39080,340900,458500,NA,421.243,19.62
"1540",1298000,328.5,14850,9005,5957,NA,523.9,435.2,1719,2446,252,NA,NA,7880,1298000,122700,533.7,NA,112100,NA,329.4,NA,391.9,1116,2777,NA,425.193,14.76
"1541",113800,299.8,522.6,1227,6873,2404,151.8,590.3,61.45,14200,279.7,4358,520.4,390.4,4903,113800,547.2,2489,19040,1588,32500,NA,377.8,388.4,2838,1123,425.362,48.83
"1542",212600,1011,1134,3055,1389,2926,3555,5835,2165,5864,4484,6398,5734,212600,1772,674.7,5393,7493,675.9,4695,3343,694.2,4799,5628,6907,808.8,425.398,48.11
"1543",421100,1084,1178,3532,1304,145000,177900,301100,421100,269500,193200,259200,6223,NA,2718,697.5,263300,334100,554.6,5516,4039,620,5844,276500,7769,783.5,425.399,48.04
"1544",1395000,3570,76940,10550,23190,28190,20350,3583,12060,159900,58550,173100,13610,NA,1395000,NA,203200,52430,910100,6147,33210,11560,80320,95780,2504,1222,426.156,18.01
"1545",3653000,17160,3653000,548100,223600,995700,363200,418200,458700,490700,484300,545000,517000,305700,718600,704200,950500,331600,166800,483700,216800,398200,868500,326200,581400,218500,427.181,14.22
"1546",1356000,412,97330,90090,117500,72730,87200,65430,173500,84820,93590,98400,176900,1356000,62760,128400,198200,58420,21160,106200,22880,90980,49590,69600,128000,49300,427.181,14.73
"1547",5736000,113700,152400,165600,301800,363700,172800,352700,98230,24760,84720,800900,123800,340.4,57650,286500,228300,41000,229100,5736000,201500,179800,336200,122400,85860,1272000,427.358,43.56
"1548",2779000,NA,1611,22340,852.5,3995,1351,1610,6946,1670,6938,2292,5420,542,1121000,2505,382600,4670,2258,42940,479.6,2131,1370,78130,7241,2779000,428.249,19.89
"1549",2786000,779.2,2562,27940,7692,30080,1877,2131,38500,10400,31630,14260,23570,2558,2786000,557.8,1586,5901,103300,536000,1640,10340,984.8,274100,14610,2731000,428.25,20.22
"1550",5211000,123500,953500,2683,500.8,20320,296600,42030,1029000,5211000,1250000,342100,232000,246.9,40610,964000,30160,180600,96260,988900,76080,297300,21120,8501,44190,1439000,431.097,19.56
"1551",4286000,280,1085,2931000,461.5,7013,1889000,1465000,11320,3431000,96900,752000,8815,3113,994800,63550,1621,1093000,265.2,609.8,937800,246400,4286000,400.2,NA,13100,431.097,20.98
"1552",3507000,1021,1133,10160,697500,3966,7721,3629,32050,38640,3093,27400,1148,3507000,12060,7743,4449,4924,89.07,2429,2314,3387,10190,2156,17350,6225,431.097,21.74
"1553",2835000,2835000,NA,NA,NA,173.2,NA,NA,NA,NA,NA,NA,877.6,NA,NA,NA,NA,NA,175.4,NA,NA,NA,NA,NA,NA,NA,431.133,17.94
"1554",1214000,1214000,910,224.1,803.1,24990,NA,417.6,NA,1670,NA,6875,1643,NA,528.6,297,11030,257,3106,NA,NA,NA,429.8,1861,NA,255.5,431.133,18.7
"1555",201600,194000,42390,201600,NA,37970,76940,107200,129900,45740,31000,61580,55580,NA,79020,39370,48070,160700,102900,39970,107700,75070,29910,122100,68230,175300,431.183,33.56
"1556",866400,466100,50690,58600,702100,267200,443000,429300,56570,15460,295100,136400,130600,NA,NA,12740,532300,738400,34400,431500,565200,384300,866400,358400,320700,179200,432.303,45.1
"1557",550400,163700,21830,29800,51420,95130,161100,148000,43470,3771,158200,36110,49550,550400,NA,2991,285600,220200,1174,198300,48650,184100,366400,171800,125600,67110,432.303,45.17
"1558",2631000,539.1,16920,1334000,407.8,4727,1342000,848300,150300,2576000,87430,486300,5450,NA,627800,38360,NA,663300,607.6,2139,594800,187000,2631000,313,878.7,3341,433.114,21.06
"1559",1941000,194000,30250,47370,35470,80610,476100,366700,177000,65840,152800,184700,1250000,41840,222300,384800,1941000,46530,673600,170200,31430,108900,101500,1848000,173500,138300,433.134,15.61
"1560",6817000,NA,NA,8584,15180,7797,115600,3876,528700,447400,6817000,366600,21310,57660,625.4,321400,NA,121700,546.1,NA,692.7,15030,6335,40020,1637,NA,433.147,16.97
"1561",8910000,NA,NA,8584,21950,7797,164400,5305,686000,704900,8910000,359600,26040,39390,NA,466300,580.4,133700,546.1,NA,692.7,31080,6335,56700,9916,NA,433.147,17.05
"1562",781300,NA,NA,7300,6895,7797,96120,5305,781300,351400,668700,255900,18840,1246,NA,415400,580.4,104500,483.3,NA,692.7,31800,5925,48870,17190,NA,433.147,17.09
"1563",425700,809.8,102000,11260,NA,33470,38990,12270,236700,314400,36200,29390,22230,NA,1824,425700,13630,31060,13680,8827,6327,40930,6332,13700,10640,341300,433.258,34.36
"1564",1006000,1892,208900,34280,49200,79740,87170,27280,245800,669200,73100,65650,44320,NA,2503,1006000,29760,1565,20150,21610,12950,1210,798.1,25460,20850,739800,433.258,34.63
"1565",708200,1993,200100,32740,3549,72410,85880,26340,425300,20570,71940,62290,40660,66250,2559,31510,28760,58880,19340,21010,12700,58360,10330,25460,21260,708200,433.258,34.69
"1566",54810000,NA,NA,770.5,NA,16510,NA,729.3,13170,51920,98730,627.3,1383,NA,129400,54810000,459.3,1373,19770,853.6,NA,56550,48280,33430,NA,NA,434.182,11.85
"1567",7809000,30220,446400,2345000,2850000,380,115600,48580,7809000,549900,48310,6143,5129,142800,3845000,321600,16340,86830,1305000,800100,140500,67880,451800,2658000,1305000,32810,435.222,14.16
"1568",5259000,48080,492500,251600,125100,1829,127200,45430,114100,291400,61580,26990,8974,225600,5259000,516200,61270,NA,1533000,10970,77750,22420,79000,92210,149000,NA,435.222,14.71
"1569",7127000,37280,534200,179700,142700,1829,104200,37900,107800,183100,43760,18440,2693,174800,7127000,386900,75450,NA,1306000,25680,75010,21200,80110,67940,153100,NA,435.222,14.74
"1570",1035000,17160,239100,79770,105700,9051,33740,25450,303300,695900,7541,24890,8562,216800,1035000,73910,57130,15040,134100,297300,297800,39680,188300,47760,274100,32920,435.222,16.28
"1571",452500,601.2,103100,23200,NA,55670,56670,17810,278000,351600,46640,46700,28160,7646,5137,452500,16760,40960,14630,14330,10120,50060,33060,23530,15460,372200,435.275,34.34
"1572",742900,1864,150100,31520,57260,78030,87550,21680,334100,510400,48830,57550,39880,56850,3912,742900,23680,45110,11690,19390,12240,46580,19440,24840,17610,578200,435.275,34.68
"1573",777500,117300,4138,2122,61120,72650,127600,85690,470400,146300,23650,131400,7308,288000,54500,22020,777500,229100,111500,130200,6084,12960,384100,324700,102600,933,437.436,46.58
"1574",794800,711800,554400,696300,29410,734300,718400,548700,342700,794800,523400,487700,496600,26350,344000,698800,614300,551100,771100,778300,480400,700200,452600,602500,730300,482100,438.38,41.5
"1575",496400,207300,163800,189000,486800,187000,212600,174000,239600,238700,139100,143700,138000,496400,109800,184600,229000,294400,237200,194600,133900,265200,121200,251800,223200,134500,438.38,41.66
"1576",2441000,56340,836300,523900,74200,1925000,549500,142300,294700,474000,2441000,95440,772300,76940,262400,721300,2093000,283800,71930,796200,74140,918100,249400,432300,247200,497400,439.181,15.38
"1577",6748000,91720,1768000,1324000,403200,4655000,1171000,548300,971500,1282000,6748000,419400,2308000,187400,463200,1409000,3909000,1234000,102600,2028000,210200,3130000,870400,1270000,629000,782000,439.181,15.65
"1578",6063000,90320,1407000,1051000,673300,3745000,828200,811500,1503000,950200,5620000,553900,2623000,317200,336100,1081000,6063000,1894000,61060,1571000,176800,2738000,699100,1287000,935300,585500,439.181,15.72
"1579",389600,389600,NA,NA,NA,NA,NA,NA,NA,NA,NA,NA,NA,NA,NA,NA,NA,NA,NA,NA,NA,NA,NA,NA,NA,NA,439.186,23.46
"1580",883200,268000,293700,373100,NA,192800,256300,206800,408800,433600,259300,287500,204200,NA,386200,285900,218000,305400,883200,309300,544900,326400,300300,280000,749600,232500,440.411,37.32
"1581",883800,258800,289500,12710,589200,193000,248400,192800,414100,430000,249100,258700,189700,NA,312000,283800,220500,298300,883800,304100,541200,335400,280600,281000,749900,230500,440.411,37.34
"1582",586200,622.3,492.3,2159,586200,NA,959.8,NA,508.4,1571,NA,716.4,NA,350000,614.8,937.6,630.3,810.9,8152,2560,5260,7550,1130,479.1,8109,NA,440.411,37.62
"1583",483900,311.1,989,13470,483900,NA,3150,6381,163100,13330,NA,3991,2237,201400,26970,20200,3031,1125,46790,NA,NA,85660,NA,941.4,NA,5709,440.447,41.62
"1584",1361000,42400,1294000,304800,80690,1361000,141600,156000,721100,324700,522800,224200,474400,127900,366800,565500,597000,190800,209800,371100,41900,498600,361900,794700,145700,279000,441.196,18.14
"1585",711700,NA,NA,NA,NA,595.9,265.6,182,267.8,NA,243.8,NA,NA,711700,NA,NA,NA,288.9,NA,NA,NA,NA,NA,265,NA,NA,442.265,25.21
"1586",4849000,4849000,75640,84610,1377000,48440,41310,45240,91670,31500,27170,83920,68530,33040,24690,64120,102000,1974,92570,105900,110100,103900,119800,68700,33660,7276,445.369,44.02
"1587",2477000,1972,2119000,237500,32050,601000,298400,58070,2477000,933000,383100,414900,412800,539.4,1357000,1462000,236800,167400,1073000,650500,152500,92810,8065,25330,215400,456800,447.092,17.95
"1588",3392000,NA,1852000,976700,137600,2901000,389700,74390,791800,2065000,1254000,3392000,1464000,1133,2215000,520200,1273000,849300,656700,2366000,470900,968200,754200,172700,272500,25820,447.092,18.47
"1589",8636000,182300,1673000,848100,126800,2671000,349000,222600,1359000,1830000,1172000,8636000,1357000,46630,2511000,415100,1735000,1029000,613700,2256000,430900,1114000,726300,383000,538200,480500,447.092,18.55
"1590",34960000,5675000,2799000,29570000,452900,809200,34960000,2294000,NA,31720000,2297000,11290000,748300,342500,18230000,8409000,2874000,10290000,948900,2891000,22160000,1624000,29530000,3554000,10310000,2862000,447.092,19.14
"1591",33160000,2860000,5782000,30520000,292000,614200,33160000,32950000,14760000,33150000,3138000,1658000,722900,1457000,18300000,9994000,2223000,10690000,1461000,3082000,20630000,2728000,28920000,2883000,25500000,2983000,447.092,19.21
"1592",8115000,137300,2500000,4412000,833500,8115000,1315000,2006000,6122000,3589000,4132000,2738000,2073000,1581000,2081000,2188000,5840000,3371000,2207000,2478000,677900,6840000,3375000,2932000,921100,1082000,447.149,12.91
"1593",32830000,NA,NA,5250,NA,14720,887.9,712.5,NA,22720,168400,NA,1644,NA,107500,32830000,963.1,2208,28500,NA,NA,65570,233700,32410,NA,NA,448.198,11.73
"1594",2085000,200800,106000,1571000,8427,1820,2085000,1307000,349000,1841000,111000,432600,11490,30280,1070000,407000,107800,526800,8378,124600,1036000,107300,1534000,130100,836000,96580,449.097,19.16
"1595",2717000,NA,NA,NA,NA,NA,NA,NA,NA,NA,NA,NA,NA,NA,NA,NA,NA,NA,NA,NA,2717000,NA,NA,NA,76280,3587,449.109,1.66
"1596",7161000,NA,NA,1854,NA,NA,3578,NA,NA,NA,NA,NA,461.1,NA,NA,NA,NA,NA,NA,4343,7161000,NA,913.4,NA,127300,14860,449.109,11.93
"1597",882800,NA,NA,1594,945.4,NA,3578,NA,NA,NA,NA,NA,461.1,NA,NA,NA,NA,NA,NA,4343,882800,NA,NA,NA,152000,10760,449.109,12.03
"1598",11280000,6773000,2484000,7909000,519200,763700,11280000,4524000,3562000,9371000,709200,6452000,477700,108100,4054000,1652000,1797000,NA,612200,3155000,2065000,1024000,6595000,1371000,614000,2917000,449.109,18.88
"1599",29190000,7603000,5662000,20020000,751600,520500,27400000,14980000,NA,29190000,1545000,7774000,565100,779700,9862000,5492000,2276000,6535000,1232000,4516000,6529000,1472000,20030000,2889000,5227000,4196000,449.109,19.14
"1600",33220000,5384000,9217000,18590000,585800,435300,26920000,15610000,13170000,33220000,1715000,6582000,592500,2019000,9794000,8349000,1925000,6235000,2021000,5084000,15620000,1753000,19820000,2525000,10280000,4503000,449.109,19.19
"1601",24830000,8306,1099000,511200,24830000,86750,NA,387800,12400000,1595000,278500,224200,91840,4710000,331700,1272000,68080,144800,468200,398700,419400,73430,591600,59980,1556000,294600,449.109,19.68
"1602",20260000,11410,940000,296100,5178000,22160,1686000,222500,2146000,453300,275200,274800,123600,20260000,994100,4587000,11270,115000,857000,415500,348500,61460,314000,19750,405000,412800,449.109,20.18
"1603",1712000,163600,76370,124200,133200,1712000,27580,60810,19520,18700,29720,514400,52050,331.2,47850,8606,253600,59260,183900,95540,6967,93780,108000,73680,876.6,94240,449.144,18.22
"1604",1297000,20390,109700,43120,36120,1297000,3963,33940,311.9,1687,14110,125200,17460,3945,9741,44270,112400,10320,39990,16850,236.6,13630,17220,22950,NA,32100,449.144,19.5
"1605",240300,970,5928,4035,5838,6985,8052,7389,53770,205800,18700,3909,3316,153.6,356.9,240300,3207,21730,2282,NA,523,12800,NA,6553,3288,46080,449.253,33.28
"1606",10270000,2511,284.1,16880,2679000,52350,117400,23980,30560,3020000,3474000,6563000,16710,317.9,65910,1774,187700,2242000,23400,351200,990700,10270000,44190,46510,936400,209900,451.102,18.88
"1607",5725000,NA,479.5,22830,5725000,634.2,23270,18070,3376,141700,256000,622600,238,75670,12020,3916,12890,152200,353.6,36560,88310,1468000,29420,2761,115900,33810,451.102,19.13
"1608",509200,197.4,NA,3240,509200,NA,262.5,NA,420.6,52210,36930,29400,NA,7499,2177,229.8,NA,21010,NA,2812,28210,202600,NA,NA,12370,9571,451.102,20.71
"1609",1111000,1790,82100,45190,18790,258100,34240,194600,305300,18990,290900,65310,144100,74150,1111000,664700,265600,141200,54560,31460,16450,100200,179300,102100,30680,34150,451.136,15.26
"1610",2204000,302000,168700,106000,3288,109700,142900,140200,185500,380300,142900,132900,130600,327.4,2204000,265000,282300,292600,983700,198600,130500,196200,285000,375800,234100,41330,452.277,36.65
"1611",804600,NA,NA,2185,267.2,NA,NA,NA,NA,804600,170800,707400,NA,200.7,106.4,NA,NA,203.8,NA,NA,2592,17790,NA,NA,1364,1600,453.108,21.24
"1612",494800,NA,NA,NA,346700,NA,NA,NA,NA,572.2,NA,NA,NA,494800,14590,256.5,268.4,NA,NA,NA,NA,NA,NA,9671,1777,NA,454.292,36.99
"1613",4529000,615200,325500,208800,3685,236500,277500,283800,412200,786200,279700,295900,273300,NA,4529000,526000,568700,579700,1877000,375400,246100,392800,564100,741700,459400,66430,454.294,36.64
"1614",2572000,702900,12440,12110,209600,334900,318700,410400,1655000,446100,60040,388800,39010,994100,169500,68090,2572000,376900,885300,447800,43550,45060,1700000,1347000,395100,6430,455.447,46.45
"1615",665800,249,832.8,5063,665800,246,777.5,417.5,23920,12250,594.4,270.3,271.3,591.9,3112,4751,7708,259.9,10800,32550,34630,433.4,59800,5005,26360,4393,457.206,21.28
"1616",272100,NA,30370,4695,6384,12490,12890,2775,23280,101700,8894,5352,9060,326.3,NA,272100,7143,5479,1358,3624,1063,6977,446.9,1972,1897,103200,457.257,34.64
"1617",993900,616400,75120,12860,7583,993900,120100,917100,66000,217600,134800,263300,66460,89760,9334,190500,793900,84190,216400,398200,12010,33290,978100,331400,35170,4733,457.462,46.25
"1618",1474000,701400,90530,13750,7583,1197000,875900,1105000,418100,255100,154600,368300,70040,212600,135500,198500,48230,1474000,221300,522600,12010,38740,1094000,398000,1e+06,4302,457.462,46.28
"1619",305700,155.5,NA,702.3,NA,NA,NA,NA,NA,NA,224.9,NA,812.3,NA,1460,943,305700,170.1,747.2,NA,NA,NA,NA,136.3,235.1,250.7,459.201,22.5
"1620",427500,5958,361.8,NA,NA,NA,NA,NA,NA,NA,170.3,NA,NA,473.6,96100,NA,NA,NA,427500,NA,NA,147,NA,188.1,NA,NA,460.416,48.49
"1621",4871000,NA,512.1,NA,NA,66750,NA,NA,4871000,701.2,13640,1022,2222,627.5,33240,134200,NA,NA,22230,NA,NA,NA,4949,384.1,945.3,NA,462.213,9.11
"1622",12090000,846.5,NA,NA,NA,81700,NA,NA,12090000,783.8,26080,1311,3227,1724,34000,178700,NA,NA,23410,540.3,NA,NA,5838,1291,753.5,NA,462.213,9.24
"1623",18870000,32270,11920000,15360000,846100,18870000,15490000,9732000,9658000,18210000,17910000,16750000,16860000,27630,3768000,15530000,18260000,9647000,7685000,8729000,12070000,6159000,6557000,5630000,8944000,863500,463.087,17.25
"1624",32810000,13900,13590000,32810000,2009000,22700000,18780000,12800000,16410000,20160000,19200000,20940000,18590000,23620,6487000,17470000,22870000,12620000,10550000,11940000,25710000,7631000,24670000,10180000,10100000,1028000,463.087,17.36
"1625",26380000,40770,10560000,14090000,1916000,14650000,13970000,9899000,26380000,11910000,14620000,17350000,12810000,1629000,4465000,12110000,23940000,12130000,9237000,9803000,13900000,7119000,13250000,16140000,23580000,2062000,463.087,17.48
"1626",2640000,594.5,1981000,3468,NA,3535,18170,988.1,337800,2640000,308300,41000,5563,NA,161700,1081000,1424,159500,1157000,34670,4326,487800,4662,NA,554.4,319600,463.102,30.43
"1627",16600000,96990,16600000,33410,4998,7557,660400,49700,2994000,12930000,803600,379300,99100,NA,813800,1602000,31970,456300,15210000,1229000,130200,807800,72750,NA,161200,3824000,463.124,20.18
"1628",553500,14000,21190,103600,521.6,53960,21170,41340,14460,553500,66770,26140,63570,11280,84220,18980,122400,50490,409.6,52080,4739,37480,5084,28860,2616,108900,464.25,22.73
"1629",1599000,NA,323.1,1398,24330,21780,909.4,564.8,34180,19500,2355,294.1,13510,1599000,247.3,932.6,16200,795.1,1047,308.4,381,NA,1218,223.3,5325,NA,465.092,18.39
"1630",26310000,48150,9945000,17800000,493100,17650000,16600000,4703000,11740000,26310000,18090000,14660000,12350000,1196,3918000,10880000,11740000,5084000,3922000,6737000,13180000,3084000,8547000,2394000,4934000,237100,465.104,17.09
"1631",39460000,103000,1.7e+07,26940000,2792000,29510000,29170000,12330000,27930000,39460000,29380000,26420000,21670000,404000,6609000,24810000,26250000,12380000,7273000,14690000,22540000,8814000,19050000,8141000,12280000,1310000,465.104,17.29
"1632",48580000,116500,11330000,12970000,7963000,14220000,21460000,10280000,48580000,19490000,17200000,19820000,13780000,3821000,4213000,12280000,27170000,13090000,6679000,13740000,16010000,8247000,14390000,13910000,18380000,1955000,465.104,17.44
"1633",260500,NA,4208,112.7,2653,6419,10240,1527,260500,10140,24760,14440,36350,2463,2267,1333,70930,2927,2087,964.5,187.1,177.7,NA,1610,241.4,6169,465.212,28.81
"1634",1053000,83460,28990,16480,17720,28370,49070,48910,57550,102400,344500,1053000,55340,52710,43920,110200,211800,45360,67670,74380,6768,218200,18750,12900,9758,759500,466.266,23.59
"1635",888000,49410,46890,210800,36720,120100,85670,79530,208500,236100,465100,359300,888000,108700,74610,165400,356700,157900,6367,252600,35170,311600,67730,19690,23920,574400,466.266,24.26
"1636",1307000,568,328.4,1327,1307000,398,NA,329.7,874.1,NA,NA,289.9,225.1,514.1,1519,333.9,297.9,203.3,59.82,NA,175.2,NA,128.3,238.3,5557,556.7,467.077,21.53
"1637",532800,146300,121800,203300,NA,91850,123100,108100,244200,173900,154200,187000,110300,NA,215200,162700,140100,184800,532800,201500,277400,200100,181100,173200,433900,103200,468.442,39.17
"1638",338300,8266,10020,770.1,338300,10560,7875,4285,239500,10390,2611,10750,2999,216300,713.1,14540,22870,685.3,23100,11120,29370,15840,10130,22200,3890,5612,468.442,39.32
"1639",1288000,305700,57280,508200,53340,NA,168000,377300,52540,587500,NA,382100,199800,25190,58610,314300,485200,677100,1288000,NA,NA,794100,367.5,604700,884.7,194500,468.479,42.73
"1640",14290000,6229,3667000,1461000,2335000,967400,4325000,1943000,7361000,2220000,2659000,1355000,475900,1188000,NA,88900,1005000,1331000,24080,5061000,14290000,9887000,657000,1546000,6453000,5796000,469.037,2.01
"1641",36550000,36040,4167000,1414000,3991000,1059000,4427000,2439000,7825000,2055000,4234000,1724000,369700,532200,NA,190000,961800,2958000,134000,2971000,36550000,4878000,1366000,1598000,6610000,1365000,469.037,2.23
"1642",2748000,3629,10270,18720,123.5,9793,9816,6283,9606,25520,23290,8282,12980,13550,32300,25820,2748000,9837,2742,9989,2697,7278,6160,12700,24280,763.4,469.227,22.49
"1643",2058000,48960,662000,78790,898.9,421700,654400,1219000,86820,195900,2058000,222500,156600,34080,79270,538900,358000,1875000,67500,340800,29400,88200,73350,157000,36010,123400,469.228,24.52
"1644",1127000,NA,323000,301800,NA,100700,343600,221900,394800,356400,10230,16180,387500,NA,23670,1127000,263000,771900,18170,215900,68240,212000,418300,200400,91210,123100,469.28,33.47
"1645",602800,NA,155900,4938,NA,6080,307600,74690,340200,602800,275800,13720,11920,NA,309.1,81920,94090,181500,19380,108600,1052,34080,2595,54520,33170,6152,471.252,22.62
"1646",609100,78290,904.6,NA,10650,65740,53790,79580,107300,132800,1018,29630,3471,224000,3815,12760,609100,191000,45090,54500,416.9,NA,218700,66190,99680,NA,471.442,40.86
"1647",945600,459700,368500,287500,945600,270200,256600,201700,393300,473400,198400,4e+05,226000,349200,597000,220900,178400,200300,866600,295000,662100,227900,280100,238800,635700,381500,473.319,46.42
"1648",660800,104400,10890,14150,30780,79700,186700,81260,57990,109900,56350,9871,13490,660800,88080,67390,181100,260000,10340,277200,8915,9405,174000,16960,35870,2762,473.457,40.77
"1649",332400,75380,79350,73840,NA,115100,153100,124100,95770,332400,86900,59610,72860,NA,157400,53450,133400,137700,107400,57730,64530,46320,113000,149700,89530,20210,474.261,34.04
"1650",309400,77250,128700,81310,107200,115000,110000,99600,100300,309400,70330,76830,97360,85640,285500,66090,178500,153200,104100,86370,74650,1055,141100,184300,85100,24130,474.261,34.43
"1651",2800000,2800000,NA,NA,NA,NA,NA,NA,NA,NA,NA,NA,NA,NA,NA,NA,NA,NA,NA,NA,NA,NA,NA,NA,NA,NA,475.172,20.25
"1652",1088000,1088000,11230,125000,1320,33620,72360,149600,98280,76890,76260,33210,61780,1311,601400,36420,337400,225600,66750,30180,59900,165600,199600,152300,122300,119800,475.181,15.96
"1653",383700,203300,91650,28480,96.27,56320,76760,48440,70160,383700,57500,40240,44280,NA,196400,136600,54690,75900,285500,56000,38420,55230,85150,71760,74830,36400,476.277,35.32
"1654",595200,143800,151300,39420,41410,80800,67780,1543,66420,278400,65790,1504,69890,NA,595200,149700,1455,90350,427700,1065,53340,1298,96390,100900,96840,53010,476.277,35.65
"1655",614000,133300,139500,133600,NA,214600,279300,222100,169300,614000,148800,114900,131000,NA,300400,90800,240000,256400,189300,105600,110900,82310,212800,261600,150200,40330,476.278,34.04
"1656",598900,139100,225800,145600,176700,234600,201000,186500,191400,598900,125000,145800,191400,160400,575500,118800,331500,296200,5677,156500,127200,2009,267300,347400,165200,46600,476.278,34.42
"1657",9918000,1558,1606000,129400,426.6,375700,99510,153000,156800,177000,2356000,4219000,607500,2309,187200,9918000,417300,2851000,800200,92480,7690,1094000,12430,32000,3300,45870,477.102,19.33
"1658",631400,NA,446.2,526,NA,1175,584.1,335.8,8264,13740,NA,NA,NA,NA,NA,NA,NA,NA,101600,76160,631400,NA,244100,9200,296200,3148,478.266,20.05
"1659",1100000,NA,395.9,31120,1100000,552.3,817.1,366.7,37610,16960,NA,1601,NA,NA,711.7,NA,NA,442.3,211600,21490,27610,2114,755400,31180,362300,46900,478.266,20.83
"1660",4539000,311.8,NA,NA,4539000,552.3,2720,366.7,20020,947.1,NA,1766,NA,NA,711.7,NA,469.5,993.8,9865,10310,28040,864.1,30280,1447,10270,396.4,478.266,21.05
"1661",1525000,24490,56170,3532,NA,NA,NA,NA,67220,180000,NA,NA,NA,449.7,NA,NA,NA,NA,NA,1525000,31900,270.7,6022,NA,5389,4392,478.266,22.25
"1662",745900,368900,167600,59050,NA,115400,137700,93910,130300,745900,113700,76220,91690,403.6,403500,262300,107900,144900,507300,96760,70680,103300,165100,134700,134000,65470,478.294,35.33
"1663",19610000,905,1387000,370900,3704,11480,246900,257400,521900,569200,1769000,4087000,241400,168400,34750,19610000,299500,4726000,550200,59770,9181,1621000,28550,55650,26670,93240,479.119,19.38
"1664",8703000,481.2,6633000,9446,708,6213,16150,3259,659100,1219000,35730,62150,12640,6170,218800,180500,10950,219800,8703000,20850,2681,608300,9545,3040,4147,356800,479.119,20.82
"1665",6432000,NA,4926000,5759,592.3,6012,9883,3259,2519000,852700,25530,46130,9226,6170,163100,30380,10180,175400,6432000,16140,2681,542700,9116,3040,16410,35380,479.119,20.86
"1666",3895000,NA,57880,29550,NA,NA,409,NA,308800,275500,NA,NA,NA,NA,3526,NA,NA,NA,327.4,3895000,620200,319.9,134200,19880,1137000,NA,480.281,21.25
"1667",1277000,1277000,NA,NA,NA,NA,1699,NA,NA,NA,NA,NA,NA,NA,NA,NA,NA,NA,NA,NA,NA,NA,NA,NA,NA,NA,481.089,19.41
"1668",230500,51.46,3827,110.2,NA,824.2,NA,NA,NA,107.6,51.19,97.79,58.55,NA,1503,230500,NA,124.5,102700,3797,611.9,85.88,NA,NA,1251,NA,481.425,53.32
"1669",9816000,9816000,81940,475000,59170,146800,230700,306400,150200,3175000,2636000,520500,198100,89970,194600,68060,4018000,940400,607100,3222000,307500,2568000,261200,125000,218300,5411000,482.261,18.36
"1670",12660000,4370000,79600,7759000,198300,13830,2815000,5368000,336000,6807000,37860,7247000,2949000,51560,5848000,342100,172400,4068000,12660000,33170,49360,140400,60580,3371000,111300,2112000,482.494,43.42
"1671",12450000,4252000,1614000,7560000,198300,13830,2688000,5113000,334600,6738000,37860,6855000,2830000,129300,3766000,7291000,6261000,3977000,12450000,33810,51000,2773000,60580,3439000,111300,2044000,482.494,43.45
"1672",12460000,218400,1676000,401600,362300,13300,2616000,4624000,2096000,6374000,37520,305900,2729000,163800,384800,475700,315700,220500,12460000,33810,51260,2965000,60270,3492000,110600,2042000,482.494,43.49
"1673",6374000,3104,3980,6254,6374000,NA,3064,6239,609200,26850,NA,5321,7862,6005000,249500,5387,10830,7669,21020,NA,NA,2790,NA,13770,357.7,2480,482.494,44.05
"1674",3632000,9112,76950,477300,1057000,28760,1011000,1334000,1302000,432800,183500,442300,52380,29770,3632000,876200,43060,601900,36350,27330,824100,129700,427700,43570,1216000,44490,483.068,19.25
"1675",2378000,6052,5561,173700,292.4,NA,345.7,299.5,413.7,120800,332.6,2640,NA,NA,NA,NA,NA,NA,7949,2378000,4309,1249000,NA,52410,NA,1825000,483.129,20.85
"1676",4011000,NA,1447,7368,2701,124200,2581000,1311000,25980,93090,621600,60760,1626000,NA,NA,59630,2066000,4011000,556,833600,77060,NA,31520,13520,811500,49420,483.222,21.26
"1677",4194000,NA,2777,4359,2421,103300,2227000,1360000,12790,82730,551900,47930,1572000,NA,NA,51680,2025000,4194000,3285,52870,62500,NA,25490,13520,936600,97050,483.222,21.34
"1678",3236000,NA,1275,239300,222,459400,608200,367400,12970,50860,147700,118700,433600,3236000,107.9,5416,171500,1552000,1979,82100,7521,280.7,5825,23460,44210,2675,483.222,22.04
"1679",1995000,NA,24800,235400,989.4,1995000,1212000,485400,8211,95450,138200,32890,1348000,1214000,3360,11510,196500,1655000,44440,25330,NA,198.9,NA,26950,77890,144100,483.222,22.52
"1680",1576000,1576000,374.3,24670,15980,98150,3095,21950,443.7,3808,NA,18110,599.4,569.7,573.7,375,8406,1683,7484,908.4,NA,21070,620.3,13220,347,8994,485.129,13.84
"1681",407600,NA,NA,NA,359.4,7282,1636,1737,974.7,2926,11640,743.5,2064,3119,407600,NA,6306,2095,800.8,26920,NA,372.6,379.3,267.6,790.8,56680,485.222,18.46
"1682",2627000,2122000,380300,834100,49630,32190,843400,1359000,916300,2627000,72650,971400,881600,74660,1299000,1477000,767300,457000,648700,24310,81160,621100,110700,475600,138000,1851000,485.291,41.03
"1683",926700,926700,NA,NA,NA,NA,NA,NA,NA,NA,NA,NA,NA,NA,NA,NA,NA,NA,NA,NA,NA,NA,NA,NA,NA,NA,486.139,20.32
"1684",326100,NA,NA,40490,NA,6842,186.9,37430,NA,NA,NA,2895,611.1,NA,NA,NA,326100,NA,NA,NA,NA,NA,NA,18170,NA,NA,487.173,27.24
"1685",848300,41740,128700,296700,NA,109800,445700,151900,337000,848300,211700,133200,272200,NA,182300,242400,50460,247800,29970,340100,98450,246200,640800,167000,149600,28940,487.306,34.92
"1686",658200,NA,NA,NA,NA,NA,NA,NA,NA,NA,NA,1266,1784,658200,NA,NA,NA,NA,NA,569.8,NA,NA,NA,NA,NA,347.4,487.307,42.15
"1687",259700,5081,3617,8121,8576,7663,20980,18570,4685,5628,5244,1004,4322,35670,15610,9821,8692,14180,259700,5452,3715,12230,6255,16370,17490,4718,488.396,47.68
"1688",757500,453700,456900,442400,347200,250600,496100,270500,757500,260600,359800,290700,519100,NA,463100,442500,309500,432300,564200,402800,466600,295500,297300,440100,224200,718100,489.228,40.91
"1689",745300,14040,383100,15180,480100,206200,435500,221500,8898,229900,298400,257800,449800,745300,352200,389300,291200,381500,431200,351100,13920,274400,248600,14190,193300,22370,489.228,40.96
"1690",2615000,NA,2615000,NA,327,NA,NA,273.2,1722,NA,NA,NA,439.3,NA,483.1,491.3,NA,NA,NA,NA,NA,NA,NA,NA,425.4,NA,490.227,22.14
"1691",1548000,552700,59930,NA,NA,1747,NA,408.1,374.5,22990,22040,475.1,NA,NA,11820,1777,371.3,806.2,NA,421.5,NA,1548000,NA,460.6,NA,12110,491.119,21.51
"1692",2968000,2968000,NA,NA,NA,NA,NA,NA,NA,NA,NA,NA,NA,NA,379.3,NA,NA,NA,NA,NA,NA,NA,NA,NA,NA,NA,491.168,18.48
"1693",3461000,3461000,NA,NA,NA,NA,NA,NA,NA,NA,NA,NA,NA,445.8,379.3,NA,NA,NA,NA,NA,NA,NA,NA,NA,NA,NA,491.168,18.6
"1694",740000,NA,22900,1645,NA,869.5,47490,4899,62190,740000,12040,654.3,2378,662.4,780.5,478400,2840,10990,1411,895.3,896.8,3748,475.6,649,1486,359300,491.301,32.93
"1695",887800,NA,17110,1690,37180,4336,91080,5359,85280,887800,9065,3757,8680,1338,578.9,578900,2105,8919,292.6,1643,1824,3394,395.9,649,3760,527700,491.301,33.14
"1696",1464000,1464000,NA,NA,NA,NA,NA,NA,NA,NA,NA,NA,NA,NA,NA,NA,257.7,NA,NA,NA,NA,169.3,NA,NA,NA,NA,492.105,20.24
"1697",2534000,NA,2534000,759.6,NA,627.6,15590,1693,75120,1021000,48130,2219,2582,NA,581600,89530,92.65,68590,2478000,1022,842.1,168100,2300,NA,2903,495300,493.113,29.96
"1698",1196000,142.8,1196000,5717,2916,544.7,99190,6727,706000,1132000,26530,22580,31160,604.1,211000,124100,4548,23850,1085000,12960,9176,104700,1572,NA,38370,134100,493.113,30.2
"1699",12410000,NA,12410000,18570,833.9,1334,336000,22020,1279000,6846000,310100,72250,77450,NA,2031000,498000,9269,343300,10480000,63490,32310,745000,4791,NA,6576,941300,495.129,30.11
"1700",1771000,787000,1444000,604900,7028,1142000,1126000,1055000,831000,1771000,866000,900700,446100,10850,1188000,1044000,1053000,854900,491800,1221000,461100,868800,995700,1025000,1204000,374400,496.341,37.08
"1701",1264000,34670,NA,342.4,151000,1534,13440,351.6,3182,384000,753600,602000,267.4,NA,2001,NA,10520,286100,1860,56050,272100,1264000,35360,1630,58200,25740,497.107,18.86
"1702",1281000,492200,665400,1159000,NA,216600,513500,394600,624200,1281000,20780,34510,382500,NA,142600,593700,80380,348400,125100,259900,136700,693100,669100,756800,133500,62330,497.312,33.79
"1703",3169000,3169000,1125000,1706000,NA,339700,1091000,845800,1299000,2041000,45470,80310,1032000,221.5,261500,2175000,386900,1525000,202300,754000,466500,1104000,1311000,1011000,332200,795700,497.312,35.75
"1704",967500,31540,6372,18860,288800,1674,13400,6225,23640,35030,2033,1070,12260,967500,1814,24830,6483,17330,690.7,3508,3409,27630,7715,24900,5001,4318,497.312,36.09
"1705",1435000,NA,5574,366.4,NA,4949,16410,25150,54730,25110,13700,808.2,85870,NA,1435000,4912,13360,56410,NA,661.9,419.7,63080,16300,22680,2449,2393,498.16,10.1
"1706",866000,NA,3515,23010,866000,9364,6485,12530,204000,10770,22360,28300,33270,378500,28860,5049,11730,10430,2362,3641,15960,1497,18280,26240,60620,200.8,499.064,17.86
"1707",1894000,35960,170900,36490,55740,311100,155100,406500,199100,22940,170600,86170,315800,3838,725300,1894000,352200,142100,89200,37280,24480,125400,162300,302100,88250,31440,499.178,13.64
"1708",1849000,NA,10820,139400,10080,659500,1849000,932800,68460,69320,310800,120800,1385000,293900,11780,32810,1015000,1843000,61960,293100,16770,2245,28580,236900,196100,350300,499.217,15.84
"1709",1040000,329.2,5535,74870,720.8,603400,210900,58130,66620,120000,1040000,31670,336700,81800,70610,30510,181200,109100,NA,NA,NA,10770,NA,56030,9714,41020,500.25,21.82
"1710",1568000,NA,5011,141000,NA,1568000,771900,300400,1010,106600,151400,50890,633300,1030000,1726,311,126300,663100,3198,602.1,NA,343.5,NA,4451,NA,1229,500.25,22.82
"1711",517900,421400,329300,398000,517900,281000,376000,279400,158600,376900,235400,264300,312900,397100,35220,143000,387900,310400,41070,262500,229100,167900,181200,297800,315200,145700,500.918,1.42
"1712",15620000,15620000,NA,NA,NA,NA,NA,NA,NA,NA,NA,NA,NA,NA,NA,NA,NA,NA,NA,NA,NA,NA,NA,NA,NA,NA,502.119,2.5
"1713",865800,243.6,28430,70850,NA,157400,23630,3605,NA,865800,783700,418.5,40520,NA,7952,NA,308000,33990,300.8,62990,119400,155400,35700,196600,NA,35910,502.172,22.95
"1714",1206000,NA,NA,NA,NA,NA,NA,NA,NA,NA,NA,NA,NA,1206000,NA,NA,NA,NA,NA,NA,NA,NA,NA,NA,NA,NA,502.172,24.01
"1715",2342000,NA,422,165000,NA,546200,36470,71800,2665,11930,91430,71050,170900,NA,4026,31390,342500,90560,46930,1121000,17300,318100,187700,2342000,52880,455500,502.187,24.32
"1716",278300,NA,NA,2453,24920,14030,NA,1033,7627,NA,1062,511,2934,NA,NA,NA,17000,520.3,321.4,36670,NA,85250,1817,100200,278300,6050,502.187,24.5
"1717",1361000,NA,NA,1944,28410,15390,879200,494100,17740,24860,218400,24360,702600,NA,NA,11420,693800,1361000,NA,331200,32710,NA,4138,5363,173900,19400,502.266,21.25
"1718",1465000,NA,NA,122000,439.2,375700,245000,143500,17260,4379,48710,1507,3e+05,1465000,NA,1066,6647,459500,NA,NA,NA,653.9,NA,10010,32840,3466,502.266,22.04
"1719",1501000,NA,14950,145700,NA,1501000,711100,326300,3520,41930,71380,14360,948900,1020000,3727,5910,144700,944300,26110,11880,NA,NA,NA,21660,2722,111100,502.266,22.56
"1720",1397000,1203000,4438,424200,29460,14580,508400,759900,673000,1397000,44490,567300,602000,14650,940200,798300,498300,251500,293900,8282,38450,6736,53990,4623,63440,1096000,502.317,41
"1721",1017000,1017000,9983,387000,814100,13290,25430,7e+05,12370,66660,40050,23370,26270,786900,815300,713400,495900,11590,272500,8676,38450,11860,50420,11960,63910,50550,502.317,41.11
"1722",668600,274,162.3,NA,126.6,NA,203,NA,NA,531.9,217,668600,NA,NA,NA,46050,187,NA,NA,42840,45260,NA,140400,2008,7287,213.6,503.154,22.69
"1723",8318000,13990,4327,1086000,54180,671600,1172000,488700,105200,92770,46040,112800,478700,948,884100,8318000,48880,901900,10960,28380,15450,1944000,61250,238000,35030,508000,503.25,18.13
"1724",1650000,NA,519500,437300,NA,146600,495800,348300,770700,461100,14850,23500,593000,NA,45120,1650000,413100,1140000,25470,324500,100500,303200,606400,306300,132800,195400,504.318,33.47
"1725",1559000,NA,507000,6822,116700,140600,11750,331400,775100,8815,15030,23740,13300,NA,44230,1559000,412500,38810,25650,308100,95630,303700,561600,307300,131400,184400,504.318,33.51
"1726",667000,NA,1941,855.5,109700,365.7,1713,311.9,783,2434,NA,NA,2907,667000,NA,23160,3272,10990,525.8,380.4,289.3,947,4135,1054,306.4,839,504.318,33.83
"1727",1828000,NA,56120,726000,87460,5555,1283000,1066000,960100,608200,933200,43320,4629,NA,34490,690800,1828000,1025000,355900,73900,199800,29610,521300,217800,255000,10790,505.097,18.42
"1728",938800,NA,206.7,38980,8949,788.9,70220,47330,75180,184500,427700,524.1,375.3,NA,6936,31690,104400,11760,11640,622,2576,938800,15320,12060,7111,NA,505.097,20.07
"1729",5963000,29680,97140,1869000,9666,60200,41670,15890,747400,406500,63870,710.6,7284,49330,2909000,5963000,956500,143900,452.1,67920,11280,205100,10470,433100,45140,161400,505.265,18.78
"1730",864200,NA,NA,874.2,NA,NA,4622,541.3,826.3,137000,99190,397.4,NA,NA,NA,13880,8695,1456,NA,NA,285.7,864200,1422,392.2,NA,NA,507.115,19.56
"1731",4527000,NA,NA,874.2,NA,NA,4622,541.3,2250,111700,101500,397.4,NA,NA,NA,13880,8975,1456,NA,NA,285.7,4527000,1422,394.7,338.9,NA,507.115,19.59
"1732",1666000,NA,NA,490.2,1476,839.2,668.3,NA,529.8,236500,389900,263.8,NA,NA,462.9,1102,NA,NA,NA,NA,301.4,1666000,NA,NA,NA,NA,507.115,20.24
"1733",607500,607500,203.3,227.1,NA,NA,626.3,646.3,1201,29560,174.4,10490,5731,1027,270.3,16300,670.6,17520,1232,12740,NA,5221,164,NA,676.2,2934,507.243,24.27
"1734",418000,121,14970,857.2,NA,451.8,23720,2650,36380,418000,6046,992.5,821.4,NA,422.3,305100,1464,5357,944.8,517.4,NA,1993,149.7,111.7,366.1,207700,507.295,32.9
"1735",508600,121,10410,444.3,24110,733.5,44110,2783,36050,508600,5498,626.4,1412,NA,NA,431100,1030,4744,587.3,NA,288.2,1919,NA,111.7,1128,352800,507.295,33.12
"1736",1645000,365.6,374500,223100,NA,NA,NA,413500,500100,3322,278100,392100,3743,NA,518900,361000,NA,301200,1645000,318200,637500,277400,485600,283300,824100,330400,507.489,40.12
"1737",622500,365.6,351600,210000,622500,NA,NA,4088,501100,3882,257500,364300,4152,NA,481300,349400,NA,294600,28250,4047,9693,275700,448300,2684,14130,319300,507.489,40.17
"1738",14050000,4449000,1904000,8157000,43400,15470,3176000,5493000,88040,7371000,32380,6510000,2536000,18980,93840,559400,7454000,4831000,14050000,41900,54330,2075000,73150,3818000,138600,2611000,510.525,44.86
"1739",7326000,3523000,1956000,698700,93890,15840,339300,512600,136500,634800,32660,NA,2261000,49950,243900,7326000,669500,4395000,1622000,48850,67080,2966000,72730,4403000,134500,2422000,510.525,44.94
"1740",2107000,256200,339600,526800,240800,3758,268500,322400,372400,388700,5251,240300,225700,157600,695200,2107000,792900,477600,1956000,13840,25390,1796000,17140,1423000,12670,315400,510.525,45.03
"1741",5563000,140700,145300,204800,142400,1381,118800,150700,396400,173100,1893,144000,103600,193200,5563000,1012000,431900,259600,868200,7189,12970,1111000,7203,778300,2568,174300,510.525,45.1
"1742",3132000,20520,8046,28690,405100,NA,15150,10490,3132000,23870,NA,3295,11670,259500,636300,65910,38440,20470,42010,NA,NA,46180,NA,49800,NA,5386,510.525,45.39
"1743",3284000,2859,748.5,1755,3284000,NA,1718,3855,1167000,3925,NA,879.5,1314,2177000,511700,2564,6308,1951,7583,NA,NA,2166,NA,4704,NA,488.3,510.525,45.69
"1744",3777000,984.9,671.8,3199,1352000,NA,1693,3855,221900,3257,NA,879.5,540.6,3777000,137700,1322,6308,1951,7583,NA,NA,1531,NA,2666,NA,488.3,510.525,45.86
"1745",491400,88800,35610,130200,NA,11580,69160,118000,NA,99290,84780,160500,52940,NA,117700,154900,175300,103900,491400,115700,80350,118600,52280,158400,314300,28550,512.505,43.16
"1746",552600,171.9,6395,20060,685.1,1378,552600,325800,7284,5216,67790,1698,490.7,356.9,3815,60970,2988,111300,19150,36160,4770,132600,14910,35270,11030,1610,513.233,21.49
"1747",692400,349.9,158200,324700,260.5,142900,417300,198200,268600,566600,363500,97960,323700,404.1,123600,381800,99730,320100,36290,263200,58740,269200,692400,212800,126500,29970,513.359,40.32
"1748",2360000,1924000,798400,596900,937400,693600,811400,183400,382800,372500,323800,533400,288100,284600,281700,357700,667300,501900,373900,1133000,665700,285100,2360000,224700,1257000,1066000,515.118,16.09
"1749",2309000,154900,152800,72530,2309000,67980,151400,35380,151000,71550,70580,89980,63690,800500,56540,55930,128200,118500,66610,158600,143800,22470,343800,50870,628500,179000,515.118,16.44
"1750",368000,NA,NA,NA,NA,NA,NA,NA,NA,NA,NA,NA,NA,368000,NA,NA,NA,NA,NA,210.2,NA,NA,NA,NA,NA,NA,516.165,25.53
"1751",667100,338.6,473,896.2,NA,667100,158900,55670,NA,43360,138100,30740,129900,NA,NA,NA,4433,40920,8795,101900,147100,5497,242800,21880,69800,21300,516.166,23.48
"1752",1163000,NA,NA,NA,NA,220400,57290,16590,NA,14500,47030,11080,54220,1163000,NA,NA,55920,10770,6217,32770,61350,563.6,96600,5295,8975,5819,516.166,24.46
"1753",3187000,6590,3685,2123000,35570,13300,6154,8541,1096,471600,2207,27010,11860,12670,5225,NA,6176,12040,1164,1566000,38750,838100,33360,117500,46610,3187000,517.135,18.23
"1754",4792000,9780,8008,1672000,25640,14060,2759,9779,3515,1867000,784.9,57530,4487,8381,2485,3156,23050,5084,4510,3985000,50490,2696000,40500,299700,46160,4792000,517.135,18.75
"1755",5379000,11000,16470,4304000,14840,27270,2759,10850,3515,1726000,NA,65800,14540,27760,4109,1273,35510,10880,4200,4170000,49650,3338000,33600,493500,42960,5379000,517.135,18.86
"1756",1670000,384300,518900,504800,NA,1027000,1033000,729900,418100,1670000,606400,406800,298000,NA,645600,340800,632900,785700,412400,313100,180300,224800,491100,759800,399700,129800,518.325,34.3
"1757",1455000,249900,586900,529400,292800,999600,747100,677000,7933,1455000,556800,402300,301800,541200,1172000,263900,703700,551700,435800,571000,175000,330200,441200,627200,392700,4227,518.325,34.68
"1758",557900,7281,25100,18580,351800,45970,36440,32730,24110,4080,24950,20490,22040,557900,51940,8915,48150,29720,18050,23600,5066,16080,13860,33800,33580,2450,518.325,34.92
"1759",351900,270.8,34760,198.4,187.8,NA,224.3,NA,3710,344.8,NA,NA,141.4,NA,7054,1627,NA,NA,17430,351900,25240,NA,4929,120.2,9671,NA,519.279,22.16
"1760",2587000,NA,NA,77550,658.9,2587000,316000,453200,2043000,271900,854700,377800,696000,NA,1043,NA,57300,1031000,80200,2971,562.1,1396000,37330,475100,763.6,NA,520.182,10.24
"1761",3117000,NA,NA,68700,NA,2575000,274900,366200,3117000,359100,872100,357900,653300,NA,796.7,2347,25130,870300,67940,1572,NA,1027000,31890,303800,640.2,NA,520.183,10.01
"1762",1172000,778500,399900,195700,327,460400,404400,229700,183600,1172000,226700,180200,157100,353.5,754400,558900,174800,230900,724900,160600,83400,184600,218400,277200,200800,144900,520.34,35.65
"1763",551800,8534,14910,5620,128000,16980,8923,4425,7166,26340,2467,4602,1551,551800,20690,5295,8657,2875,20430,5260,2215,11120,4120,12890,4276,636.7,520.34,36.41
"1764",1609000,615900,856100,438700,86140,1069000,627500,455400,286800,1248000,365500,312000,238000,306900,1609000,523800,387800,345700,1289000,422300,157600,421400,403800,491800,400600,241300,520.341,36.06
"1765",1430000,NA,NA,NA,9546,NA,NA,NA,NA,26480,30860,NA,NA,325.3,NA,45490,NA,381.9,NA,NA,NA,1430000,NA,NA,NA,NA,521.13,22.01
"1766",476800,944,6113,NA,NA,NA,NA,NA,NA,NA,NA,202.4,343.9,NA,476800,NA,NA,NA,194,460.7,NA,NA,NA,NA,NA,NA,521.219,19.87
"1767",1979000,17690,1764000,127400,212100,269700,167000,125800,201100,1684000,1022000,456300,78040,NA,181700,310300,42870,105900,1979000,104100,28220,161300,114600,85320,36450,280200,523.217,16.31
"1768",3554000,40270,1555000,262400,227300,221800,386800,309700,360100,1420000,884200,860800,151600,21120,394400,259100,98870,239600,3554000,261300,27800,376400,101300,171100,37540,519200,523.217,16.42
"1769",25260000,12670000,5132000,20730000,109900,50900,11700000,16250000,119400,15120000,245200,16980000,8749000,23630,63510,15090000,14270000,8732000,25260000,94230,193100,7101000,253400,8187000,427300,5391000,526.52,43.81
"1770",15860000,7652000,4508000,11270000,88080,41170,2019000,4174000,52620,10140000,219500,9892000,6447000,54690,15860000,12850000,12130000,6711000,4021000,126700,244300,8399000,234000,9100000,394800,782200,526.52,43.88
"1771",19930000,141400,78940,272600,19930000,NA,219400,310900,18310000,302700,8953,355400,159400,15970000,5693000,404700,350500,139200,420900,6431,457.4,342500,9185,272200,16790,102000,526.52,44.21
"1772",20260000,33930,9620,33560,3950000,NA,19890,57150,3347000,56020,NA,80510,34900,20260000,654900,52670,48610,17010,68180,314,NA,19410,549.7,22930,557,17620,526.52,44.64
"1773",1364000,NA,NA,35540,NA,1364000,49960,128400,8877,4952,122800,14560,38650,NA,NA,NA,NA,69240,NA,NA,NA,34560,NA,48100,NA,NA,527.204,17.43
"1774",989500,58020,475800,41600,7442,50960,341200,119400,132200,989500,146600,100400,94090,67730,102600,122600,98440,113400,81750,139200,35270,150500,42150,94010,67280,78870,529.39,42
"1775",1406000,1406000,356700,381100,525800,238800,138800,17190,3723,204900,34340,367500,49020,147200,101100,64200,403200,115800,319800,299300,160200,10020,984600,5511,383000,380200,530.134,9.51
"1776",795200,NA,60170,5514,827.4,1163,54070,9721,16740,161700,27540,15540,5193,795200,356.3,659.6,7853,15030,23140,73210,161100,3816,50650,755,4659,28600,530.166,22.17
"1777",2141000,6089,281200,324200,NA,423900,159700,72120,54220,327500,243000,154900,356100,NA,45260,22500,361200,397300,356700,2141000,889200,3219,768000,577300,485100,211000,530.167,21.26
"1778",1681000,5566,6438,5062,NA,10170,121600,59520,68020,7585,195200,2017,273800,NA,37260,18760,345300,10010,230400,1681000,24130,156700,550300,586000,741200,3286,530.167,21.3
"1779",1400000,NA,805.2,430.9,1400000,1239,262.2,NA,NA,560.3,712.2,236.1,2086,NA,NA,NA,4915,3028,NA,5155,6622,1783,NA,10910,18370,608.9,530.167,21.64
"1780",737100,NA,1185,1593,NA,648800,34320,26980,7630,16260,32390,22700,157400,4459,9250,4192,363500,30530,522.3,513900,7095,58270,55710,737100,133400,25440,532.198,24.04
"1781",4355000,4355000,2034000,2706000,433.1,669300,1982000,1534000,3108000,2799000,100700,152900,1948000,NA,701200,3615000,758000,2580000,375800,1437000,893200,1842000,2351000,1739000,619700,1486000,532.349,35.75
"1782",2208000,440300,194900,246800,810900,47400,187400,139100,102800,416500,1860,4434,179600,2208000,69110,267200,70730,36760,45700,92750,61430,132100,178600,199500,76470,107700,532.349,36
"1783",1503000,156500,186700,1503000,318700,128000,134000,42010,104200,109200,70620,111000,84780,372400,193200,121400,169400,120900,149400,581200,88280,328700,611500,162600,315800,862400,533.129,15.3
"1784",15390000,8844000,9715000,3246000,4242000,5165000,6635000,4911000,14880000,8054000,4714000,5702000,15390000,6165000,7425000,3286000,5012000,5514000,10760000,4969000,4021000,6786000,4971000,7072000,4537000,9472000,533.134,1.62
"1785",12310000,8677000,5800000,2502000,3792000,1605000,6037000,4392000,11450000,8104000,4338000,5708000,12310000,6819000,6286000,2899000,3578000,2489000,8469000,4414000,2639000,3547000,5425000,870100,4848000,8836000,533.134,1.68
"1786",23590000,1483000,5350000,118600,232800,253400,1252000,185800,2440000,1842000,873500,751500,1696000,670100,3951000,7956000,77180,611200,23590000,796000,387900,927900,339800,475800,497300,5320000,533.171,1.61
"1787",1304000,2455,111800,238900,6489,3533,472600,177600,210800,403900,335500,168600,3085,593.6,103700,1304000,522600,835200,143300,453900,79660,82480,102200,283500,92630,258700,535.109,19.96
"1788",943900,332.5,384900,34230,9344,13060,189100,42210,214000,220300,21370,18380,1243,881.8,10510,943900,56490,79550,292000,147500,32400,57480,NA,56640,51950,46100,535.109,21.56
"1789",302700,282.1,NA,NA,NA,NA,NA,NA,NA,NA,NA,7476,169.9,NA,NA,18360,NA,NA,970.9,51100,127200,NA,4356,224,302700,1319,535.181,23.65
"1790",3766000,846700,98830,5114,2029,8689,5462,NA,179300,18360,4212,NA,3382,NA,3766000,NA,66540,5007,NA,5050,18440,733.3,5002,41030,3648,NA,535.276,17.63
"1791",357100,NA,49820,5090,NA,1603,153200,53030,26450,NA,46850,9577,992.9,NA,14510,6170,4212,357100,NA,5189,NA,325400,NA,8802,532.4,44120,536.214,24.22
"1792",427000,NA,2356,1078,NA,1253,11190,2998,NA,NA,NA,427000,874.4,NA,NA,9035,178.4,434,NA,2626,215.6,224.3,NA,304,NA,3226,536.215,23.77
"1793",1855000,1855000,NA,NA,NA,NA,NA,NA,NA,NA,NA,NA,NA,NA,NA,NA,NA,NA,NA,NA,NA,NA,NA,NA,NA,NA,537.083,28.9
"1794",743800,743800,NA,NA,NA,NA,NA,NA,NA,NA,NA,NA,NA,NA,NA,NA,NA,NA,NA,NA,NA,NA,NA,NA,NA,NA,537.083,29.07
"1795",2378000,1207000,465300,1645000,NA,918.9,760700,1131000,1454,1481000,588.8,955600,438900,296.3,9987,120700,1717000,879600,2378000,9935,6921,208200,4986,923000,30760,596000,538.557,46.68
"1796",680400,680400,NA,NA,NA,NA,NA,5711,NA,197.3,NA,NA,376.8,NA,292.4,11860,167.5,NA,2140,NA,192.7,1574,NA,NA,NA,129.8,539.085,29.47
"1797",3722000,3722000,NA,NA,NA,NA,NA,1550,NA,1078,NA,NA,1887,NA,266.7,NA,3667,638.9,203.9,251,NA,NA,NA,NA,NA,NA,539.098,27.81
"1798",1145000,1145000,NA,NA,NA,NA,NA,872.2,NA,1078,NA,NA,2099,NA,266.7,NA,3667,638.9,203.9,251,NA,NA,NA,NA,244.4,NA,539.098,27.86
"1799",1091000,121.2,388,NA,NA,NA,NA,NA,NA,1091000,NA,389.1,358.1,NA,150.1,501300,391.2,397.8,3515,13670,NA,289.7,NA,NA,NA,110100,539.1,26.17
"1800",2542000,2542000,2088,NA,NA,NA,NA,NA,NA,663.1,NA,NA,384.7,NA,151.3,276.6,228.9,259.9,316,468,273.2,397.3,NA,NA,NA,NA,539.1,27
"1801",1097000,100700,618300,83300,67480,46030,159800,70240,379400,258300,764900,37530,81650,NA,278700,1097000,93800,69100,159900,241400,98930,140600,197900,55610,93110,284900,539.212,15.58
"1802",1714000,14350,674.4,21610,1513,27500,860.1,1518,178700,12930,8431,27850,4478,9777,1714000,52870,179500,12850,6546,492.8,372.8,7104,322.1,84980,1568,117800,539.226,19.03
"1803",1055000,114000,120900,649000,9218,230400,686600,229500,42320,996800,330600,207800,546400,383.6,210200,274000,84530,414900,22480,429200,111900,29710,1055000,26560,275300,53050,539.374,37.8
"1804",1018000,101500,99480,622700,9218,219100,18970,220100,442600,33730,6688,200900,15760,3219,190200,230300,81300,396500,22480,393700,107600,351600,1018000,327100,5947,51700,539.374,37.85
"1805",1030000,106200,102900,307300,498200,NA,57210,88310,153900,142300,NA,76900,52730,488200,148800,143600,226500,362400,1030000,NA,NA,250000,NA,369600,486.8,92920,540.5,43.97
"1806",1830000,1830000,NA,161.2,234.8,NA,406.8,509.9,NA,NA,NA,NA,NA,287.2,NA,NA,NA,NA,NA,191.5,NA,NA,NA,NA,NA,NA,541.118,26.98
"1807",293800,NA,NA,42270,49460,2022,375.3,194.1,51130,8637,1731,220.2,645,NA,164700,NA,1293,NA,293800,1422,3368,1493,9865,113200,16950,20820,541.241,18.02
"1808",495500,102500,71200,205300,979.7,112200,248500,107300,169100,495500,174800,110300,185100,NA,100200,176500,54890,176200,38460,204400,86340,184500,405100,140700,125800,34920,541.39,39.75
"1809",2127000,663700,494200,869300,NA,431800,1290000,657000,862300,2127000,896400,429300,754200,347.4,667900,693700,274200,833200,209000,845800,434500,914900,1725000,647500,580100,261400,541.39,42.17
"1810",1469000,558500,312300,764500,452800,369600,959800,544300,889100,1469000,767300,376400,32040,NA,6927,366200,7189,725800,186100,704000,8156,41170,1452000,20010,16300,6758,541.39,42.24
"1811",501700,324.8,NA,2198,501700,4130,82240,33300,135300,993.3,NA,3358,19350,38750,873,303.4,35980,25930,1277,13040,409400,71000,80900,36990,445600,NA,541.478,46.07
"1812",1701000,1338,NA,41060,1701000,9837,624900,162900,536100,2230,NA,3112,60490,90520,1362,303.4,165800,137900,2935,157900,1537000,309000,238800,148400,903100,287.9,541.478,46.37
"1813",1429000,1338,1261,80820,1214000,4538,1242000,285200,772000,7134,NA,4694,48920,139000,13380,723.3,212800,229400,3750,241600,1044000,388000,310900,266800,1429000,287.9,541.478,46.57
"1814",1860000,19400,952800,162300,196200,166400,228100,207200,161300,572100,473400,430600,100700,NA,382200,16120,63070,171800,1860000,150600,15500,210400,65670,99170,18950,325900,542.261,16.42
"1815",976300,NA,2268,3898,224.8,NA,NA,NA,976300,14090,NA,NA,NA,44880,NA,NA,NA,NA,160.3,1355,NA,NA,NA,47570,NA,NA,543.256,19.17
"1816",4112000,4512,2515,334700,3085000,19060,409700,180300,3228000,41140,4088,16440,429000,2777000,50590,5272,150300,1225000,38600,130800,824100,2244000,261600,2057000,4112000,10770,543.493,49.98
"1817",4056000,17240,434.6,315800,171600,170500,1307000,744900,2263000,64070,3671,288700,368200,73450,28370,2471,88940,1032000,61500,514200,3513000,1723000,1174000,1738000,4056000,16070,543.494,49.61
"1818",5864000,58430,2515,483100,3298000,209200,1981000,1108000,4553000,65040,8269,226600,638500,1366000,14980,6489,1552000,1756000,66020,729400,3904000,3173000,1522000,2983000,5864000,20100,543.494,49.85
"1819",509600,NA,NA,NA,509600,2553,NA,NA,15330,NA,NA,NA,NA,139000,NA,NA,3508,NA,2363,50.08,NA,1486,NA,18270,NA,NA,543.78,54.71
"1820",408600,16340,141400,10100,NA,7392,11150,4120,23450,134000,12370,36660,13340,NA,12110,5109,33500,19700,5194,51770,408600,9732,116900,64270,1249,65170,546.198,20.84
"1821",296100,1461,114200,4225,17100,9842,10720,4140,7487,185400,9415,16430,5019,NA,525.4,NA,21940,6680,NA,29930,296100,2480,NA,18160,395.2,32610,546.198,21.42
"1822",1153000,174200,122200,136800,172300,200300,198100,308100,77060,130500,84390,1949,126200,44270,90530,46240,120200,449700,30150,84980,189500,86930,46230,1153000,50440,22830,548.428,46.8
"1823",10900000,NA,295400,4649000,407400,56070,7969000,6048000,5340000,3513000,6038000,301100,44930,NA,219100,1971000,10900000,5757000,2044000,491700,1369000,209000,3057000,3068000,1020000,106000,549.087,18.41
"1824",11060000,NA,288000,3940000,724900,51010,6969000,5591000,7905000,3082000,5593000,268100,39770,NA,221000,4545000,11060000,5202000,1983000,417800,1251000,193300,2827000,3250000,1739000,97780,549.087,18.43
"1825",2626000,NA,476400,349.5,NA,710.1,26270,3160,214700,389400,1550,10800,1032,NA,13230,272700,NA,5337,2626000,288300,5875,9803,571.6,NA,13570,635000,549.125,22.21
"1826",1456000,NA,871200,349.5,NA,NA,26440,971.4,237000,249000,1430,8787,NA,NA,6044,166300,NA,1311,1456000,93630,632.1,3473,571.6,NA,54290,162500,549.125,22.33
"1827",827400,827400,341500,454100,NA,89370,221800,277000,458400,454900,13330,26720,308400,142.4,192600,564700,141600,407900,103700,154200,134100,284400,326000,310700,89840,236000,549.282,35.75
"1828",453100,9225,163700,151700,NA,4848,8903,128700,212100,15020,161200,453100,5497,13920,157000,75330,3497,187100,448100,94870,446300,238800,62690,104900,268000,108300,550.448,37.57
"1829",10310000,NA,296300,4018000,755500,45020,8718000,5454000,8707000,3631000,5809000,276700,29190,NA,237800,4345000,10310000,5450000,1702000,465100,1463000,221700,2984000,2954000,2002000,85100,551.104,18.42
"1830",614800,466.3,980.2,NA,22440,NA,135600,53220,2138,7696,NA,1268,56730,178300,12030,614800,NA,4989,NA,NA,NA,49450,523.6,16270,333.7,NA,551.25,20
"1831",3725000,373.1,4147,1150000,235100,157600,47070,22680,348000,383600,4620,40230,2730,261.2,439400,15570,8728,11030,3725000,83910,134800,75780,273200,1106000,204200,546400,551.269,17.89
"1832",665600,45470,173600,4273,19210,18590,56720,1375,63090,277300,400600,40830,70060,NA,212200,351300,79320,380200,547900,116500,188100,312100,105200,340600,665600,53400,551.426,46.39
"1833",931600,2723,4134,125200,7980,2484,280.6,147.4,50320,256400,NA,2177,NA,NA,65650,129.5,NA,NA,931600,46660,6375,17200,1520,64090,1518,38610,553.264,23.12
"1834",411300,445.4,4142,111400,8158,2484,NA,147.4,103800,239000,NA,2177,NA,NA,65700,103,NA,NA,15290,43790,6275,17200,1520,411300,2336,34500,553.264,23.19
"1835",2974000,NA,37110,535000,93230,916.3,NA,261.9,1624000,408300,3029,NA,NA,1232,2974000,5092,294.1,NA,49540,288500,9533,408.2,2967,396400,636200,NA,553.284,18.57
"1836",12290000,NA,35770,119300,10160,4200,498.5,NA,12290000,621300,1847,NA,234.2,420100,7527,406.1,192.6,NA,1918,63290,2723,2745,641,16380,41800,NA,553.284,19.2
"1837",1613000,NA,308.5,11490,625.3,166.5,4954,876,7143,5691,8713,409.5,739.6,1613000,296,10670,1287,1418,1261,1177,190.1,329.9,902.3,1524,199.2,1480,553.284,19.87
"1838",5019000,NA,50550,20750,12620,6177,498.5,NA,5019000,965700,2504,NA,234.2,856900,13350,1046,192.6,NA,1918,86270,4695,2745,641,713800,69600,NA,553.285,19.16
"1839",19900000,125100,4819000,151300,3492,NA,11040000,363900,30780,337100,120600,368200,8211000,13530,25510,6565000,17360000,8027000,19900000,NA,524.1,7232,126000,3216000,297200,4702000,554.552,45.32
"1840",22160000,13990000,5515000,21360000,11350,26460,146900,15030000,36850,17780000,148000,1.9e+07,120400,11690,89840,151200,156500,8611000,22160000,56890,97210,7232,188300,5179000,364600,5619000,554.552,45.37
"1841",25610000,3113000,6621000,5978000,53240,36940,4504000,7062000,56560,6604000,176400,14720000,3424000,35830,80470,11360000,4808000,9199000,25610000,72190,171700,2806000,235900,6940000,440600,6171000,554.552,45.47
"1842",8739000,2211000,1612000,3871000,35900,12590,3538000,5192000,62780,4799000,104500,8739000,2640000,41990,2762000,3374000,3912000,2357000,6374000,29400,95900,1945000,91270,2457000,159000,1407000,554.552,45.8
"1843",7825000,227200,1159000,474800,59180,12590,396000,535300,57770,524200,102900,783700,2252000,38910,7825000,515000,442100,2033000,5021000,30710,66420,1332000,72090,2040000,141300,1125000,554.552,45.94
"1844",6582000,56130,21690,46970,767200,NA,68640,91640,783600,73120,565.8,111300,5051,49340,6582000,73950,93310,45950,142000,NA,590.6,37520,473.3,50260,521.5,22420,554.552,46.37
"1845",15360000,46550,5994,39250,14910000,NA,30540,14400,15360000,42230,NA,25620,6315,10910000,5236000,52660,7273,22680,88220,NA,NA,18160,NA,35300,NA,24930,554.552,46.68
"1846",15030000,26370,10980,44050,9772000,NA,28370,16460,9807000,61020,NA,59140,7048,15030000,3136000,47080,6496,25750,63430,NA,NA,10940,NA,14550,NA,18660,554.552,46.96
"1847",10570000,52130,9348,85390,9180000,NA,60190,47440,1231000,44470,NA,61510,24530,10570000,1268000,69160,40480,19450,59520,NA,NA,8072,NA,15130,NA,13010,554.552,47.17
"1848",6155000,21640,5283,34320,1012000,NA,30000,19510,2754000,25770,NA,26260,14010,6155000,390100,27260,26540,8726,36910,205.1,NA,1773,NA,10280,63.39,5833,554.552,47.3
"1849",421900,421900,NA,NA,NA,NA,NA,NA,NA,2266,NA,NA,NA,NA,NA,332.1,NA,NA,NA,NA,NA,NA,NA,NA,NA,NA,555.092,27.18
"1850",1853000,1853000,NA,NA,NA,NA,NA,NA,NA,219.8,NA,NA,NA,NA,NA,NA,NA,NA,NA,NA,NA,NA,NA,NA,NA,238.3,555.093,27.8
"1851",430700,71900,99360,62810,NA,35590,13840,59490,88360,11630,23610,54120,78230,NA,299400,114700,70330,31400,430700,31830,145100,29980,78520,77480,148100,100800,555.528,30.42
"1852",1562000,NA,1562000,43280,48480,NA,NA,NA,285200,24280,NA,NA,NA,NA,478100,NA,NA,NA,17820,382200,22070,NA,39410,8374,140400,NA,556.334,15.88
"1853",706600,76530,214500,85550,NA,18000,39450,12240,83180,679400,317500,62450,13250,NA,5402,104400,19220,91270,24480,35680,4227,130200,2908,4373,1559,706600,557.238,21.59
"1854",780500,79860,88390,504100,4936,177500,518300,166900,32560,737100,250600,149800,384200,932.5,147600,226300,68950,313900,15820,294200,79200,237500,780500,227600,200500,34000,557.385,37.8
"1855",279400,30780,57410,17170,NA,20940,10070,29000,101200,23440,42170,43360,35580,NA,168000,55270,25620,25850,279400,11170,80230,27020,33510,49740,56510,49510,558.438,40.78
"1856",8152000,8152000,3428000,5003000,NA,1006000,3079000,2617000,3827000,4977000,157500,256300,2810000,NA,770500,5789000,1236000,4391000,761900,2160000,1367000,3052000,3544000,3195000,1036000,2344000,559.311,35.76
"1857",2942000,465600,184000,286800,1052000,60260,200500,224300,130600,161400,50820,34200,152300,2942000,61720,352400,93190,303700,69330,127100,20580,276200,260300,186700,111500,113600,559.311,36.02
"1858",2424000,804900,628500,1039000,NA,545900,1566000,830300,1160000,2424000,1100000,548700,954500,NA,894500,860100,349900,1055000,262900,1046000,551100,1085000,2135000,814800,701900,334800,559.4,42.2
"1859",964200,132600,649.4,8787,588400,43270,91010,142000,964200,400200,67260,44700,153600,730400,7982,29750,142900,73970,8684,198000,16710,492900,480900,412400,6548,4801,559.4,42.33
"1860",3726000,NA,927100,531300,NA,NA,NA,906700,946800,1112,634200,865300,4659,NA,1158000,910600,NA,578900,3726000,816800,1612000,676400,997500,609000,1844000,728400,559.521,40.99
"1861",1194000,NA,150500,65910,1194000,NA,NA,130300,134100,NA,89500,124000,NA,NA,146200,147400,NA,79590,652800,138500,258600,84240,127900,78510,306400,114000,559.521,41.37
"1862",778700,NA,28990,170100,114100,464.7,778700,737100,7297,23610,954.3,17940,NA,NA,NA,179400,23320,11660,8057,41910,41380,98100,100600,8351,56800,7300,561.196,20.84
"1863",399900,NA,1992,43240,399900,212.2,273300,206000,NA,8056,163.3,1714,NA,454.2,NA,17430,571.9,2407,1581,8335,1695,5699,11480,NA,1460,1614,561.196,21.5
"1864",1467000,1467000,304300,241500,NA,43950,100700,78500,211200,755700,6252,23110,220200,NA,194800,633100,43620,245900,178000,140900,97080,556300,410300,9855,95580,120900,561.327,37.2
"1865",538700,128500,196500,164500,110.1,328200,337700,256600,148000,538700,218800,138200,105200,184.7,204300,126300,232500,263700,162100,102900,69440,79180,164500,273400,135800,50260,562.314,34.32
"1866",433200,79830,207900,164000,100700,298700,225200,227900,113600,433200,178900,135600,98740,168300,363100,90470,235900,188800,163300,176300,62110,105200,148600,219700,131800,56620,562.314,34.7
"1867",8928000,10430,1561000,3395000,1444000,3339000,5134000,2074000,5767000,3733000,4733000,5978000,2395000,8227000,NA,4088,2026000,5613000,2454,8928000,5397000,4405000,4614000,2853000,4444000,3378000,563.087,1.67
"1868",7431000,1957,1516000,2427000,1038000,2504000,3209000,4332000,3034000,2731000,2170000,2544000,1483000,7431000,NA,5297,1469000,2508000,3673,3186000,2303000,2571000,2930000,1710000,2030000,1306000,563.087,3.43
"1869",4844000,NA,5685,227800,NA,NA,72920,122200,2437,125600,1427000,118600,NA,NA,4942,4844000,43190,NA,62770,NA,NA,12630,NA,326.9,NA,5846,563.103,20.57
"1870",5690000,NA,9526,284000,NA,NA,97330,174800,81340,67220,140300,163000,NA,NA,1902,5690000,114000,2884000,75780,NA,NA,44180,NA,6548,NA,11790,563.103,20.68
"1871",56100000,32190,14900000,9944000,NA,43260,33590,24400000,24050000,447900,15280000,24950000,245700,NA,25780000,20450000,34700,15940000,56100000,18370000,30990000,17060000,30470000,15610000,39560000,11110000,563.552,42.87
"1872",28460000,6815,490000,421900,28460000,5317,1587,708400,713600,36280,449700,854800,9169,23320,725400,745200,2137,517500,3433000,694200,1123000,484000,926000,492000,1617000,364900,563.552,43.19
"1873",813100,6115,267000,206100,813100,4973,1362,374400,687900,27980,852.3,399500,6327,23840,533100,15470,2503,285500,69210,8858,532300,325500,434100,333000,47670,206700,563.552,43.27
"1874",306900,214500,139600,63280,NA,135700,123500,78770,59940,306900,79420,58040,45450,NA,228200,175600,67310,75750,269200,47360,27970,58960,69270,98370,66710,50400,564.329,35.64
"1875",447800,179500,296400,149100,28570,305100,190500,153800,76500,378000,119500,97710,72650,81360,447800,169500,142500,116600,442600,131500,55910,126500,134000,165900,133400,84960,564.329,36.06
"1876",6853000,NA,9447,142300,NA,NA,190400,169300,18340,319700,2093000,169800,NA,NA,6681,6853000,72450,NA,96460,9144,649.6,42610,6274,3869,556.5,6152,565.12,20.55
"1877",9378000,NA,16830,468700,1186,NA,246100,330800,144700,179700,725300,309500,NA,NA,2477,9378000,23190,4645000,120400,16080,649.6,27210,11340,20010,3990,24720,565.12,20.68
"1878",1005000,146700,191300,52610,339600,891.3,9860,6679,48490,109700,5125,6327,4431,6783,43170,847700,27130,16340,1005000,47870,11770,54760,21600,25840,18600,844500,567.206,19.35
"1879",1975000,6629,1975000,500800,133600,179100,217000,262900,145300,401000,620700,234300,219600,76070,64630,838000,303200,326300,925400,275500,42940,395400,105200,302500,72710,1758000,567.207,17.42
"1880",345300,191.9,79830,7968,3346,NA,899.9,NA,11290,73830,NA,NA,156.2,297.3,345300,14110,173.9,3104,101300,302800,52850,235.2,21510,13490,27320,62650,567.243,22.21
"1881",720600,77690,186900,61090,NA,7585,298400,20990,171.5,720600,507200,47850,25000,250,6734,244100,20240,236200,2859,90300,6223,43340,24880,20140,NA,116400,567.337,25.87
"1882",2151000,93650,942100,70430,622.7,44470,324500,64120,131600,2151000,1509000,263000,115800,282.8,16140,1057000,83600,377300,5697,83350,8229,200700,31460,71560,54740,113100,567.337,26.05
"1883",2811000,579600,1131000,72930,532300,335200,591800,21650,634900,968800,709300,656000,509300,256.7,1480000,905500,434800,1164000,1221000,897900,1457000,795700,425500,1246000,2811000,493600,568.428,46.37
"1884",2776000,445500,1122000,96990,491400,249500,642600,40020,897100,1351000,1462000,607000,753800,1092000,1197000,1554000,624200,1418000,2019000,896700,1387000,1271000,653300,1594000,2776000,668700,568.428,46.83
"1885",1592000,384100,1592000,86170,425000,490700,554400,58980,621300,1088000,1193000,119200,618600,1300000,1556000,1264000,518700,355700,1492000,927000,483700,1024000,475000,492400,822900,573300,568.428,46.9
"1886",3936000,289.1,657300,302700,883300,240000,17420,62610,373800,16540,312200,18130,14870,3936000,27720,2166,511300,73050,88960,409400,224400,3638,691500,528400,380700,211600,569.113,13.86
"1887",1033000,727.2,530600,226400,623100,187600,27370,23290,277500,17430,235100,6251,11760,1033000,29030,2166,406200,57290,74450,325000,160000,5854,489400,406700,257100,174700,569.113,14.13
"1888",608300,4455,NA,202.3,1476,NA,NA,NA,3457,NA,NA,NA,155.8,279.2,608300,NA,3439,NA,133.7,NA,239.5,NA,NA,NA,NA,NA,569.239,17.74
"1889",9163000,1670,178100,NA,NA,NA,65900,NA,NA,5143000,2059,NA,1921,NA,14110,9163000,NA,NA,8853000,30180,2107,NA,3433,NA,695.1,729300,571.087,23.45
"1890",5641000,1670,143000,NA,NA,NA,48880,NA,1744000,3127000,2440,NA,1141,NA,13950,1360000,NA,NA,5641000,23250,2107,NA,3603,NA,5782,532700,571.087,23.48
"1891",475800,NA,71250,647.6,NA,NA,NA,NA,1359,9183,NA,NA,NA,NA,27130,1135,153.7,2351,475800,NA,NA,7860,NA,NA,NA,109100,571.145,28.23
"1892",1027000,339300,169200,18240,NA,80550,396300,132600,167100,1027000,23000,39970,429600,144.1,1158,526600,197500,586900,15380,202000,291400,158900,458300,184500,170400,55830,577.267,35.65
"1893",2891000,NA,1241000,NA,NA,NA,NA,223.3,209800,63750,NA,632.4,NA,NA,1107,39530,NA,23300,2891000,14640,NA,79400,NA,NA,NA,1102000,579.135,22.17
"1894",29400000,1140,26490,6189000,851600,335300,737100,5495000,1434000,5684000,4627000,5425000,1343000,29400000,63640,NA,3325000,6707000,NA,7466000,3325000,3263000,9941000,2676000,4393000,368700,581.098,2.43
"1895",19840000,NA,208300,7111000,7314000,8059000,19840000,6655000,1489000,6245000,4808000,6247000,1584000,9934000,15410,NA,4252000,7100000,NA,7195000,4539000,3329000,8287000,3143000,5222000,1356000,581.098,2.76
"1896",13090000,NA,227300,7198000,13090000,3591000,5731000,6409000,1459000,5950000,4938000,6400000,1559000,9114000,6968,NA,4510000,7539000,427,7224000,5071000,3239000,7876000,3159000,4943000,1365000,581.098,2.85
"1897",21570000,NA,238800,7077000,5740000,3457000,5421000,5956000,1308000,5689000,4660000,6016000,1449000,7524000,2308,NA,4539000,7026000,427,6795000,5134000,3155000,21570000,2973000,4780000,1409000,581.098,3.12
"1898",7979000,1732,252900,6639000,5686000,5728000,4685000,5896000,1224000,5168000,4125000,5385000,1371000,4535000,3532,NA,4544000,6324000,342.2,5672000,4390000,2904000,7979000,2883000,4558000,1388000,581.098,3.45
"1899",7264000,4605,38690,3620000,5384000,1750000,1331000,3395000,711900,2672000,2299000,2574000,843000,3894000,447.6,NA,2616000,3554000,159.9,2637000,1990000,1802000,7264000,1847000,3236000,735700,581.098,4.19
"1900",2294000,2294000,247.8,NA,NA,193.2,NA,NA,NA,815.1,NA,NA,NA,NA,11110,1393,356,NA,17220,NA,529.4,438,349.3,1206,284.1,290.1,581.222,15.51
"1901",1638000,1638000,8085,2283,1640,368.6,1991,1274,1317,19070,644.4,317.3,1359,NA,61030,7201,3160,250.4,32330,910.9,1175,6141,2018,10560,3652,2429,581.222,16.23
"1902",3325000,3325000,10790,2822,274.9,368.6,1991,1031,2381,18570,1447,317.3,1359,3150,110800,5260,7238,250.4,87410,2291,1175,16620,2018,45780,8917,2429,581.222,16.34
"1903",655900,655900,69440,53830,32280,33250,21820,13220,27290,79010,24550,16440,39930,1179,407300,26290,16310,17960,569300,26810,40170,67860,40980,80650,115900,24820,581.222,17.76
"1904",1786000,141300,776200,240000,50450,206400,1786000,436500,662600,1605000,521600,305900,467400,12820,708600,651600,239700,476900,80380,228900,129600,291000,324500,274700,18330,128100,581.316,22.38
"1905",981800,102100,308000,126500,376100,93340,878900,176600,454600,981800,229700,134300,187500,18180,234900,242000,115800,261600,29720,256100,223400,137800,180700,147300,300700,99530,581.316,22.99
"1906",3570000,1930000,548300,2465000,NA,2035,1097000,1085000,NA,2261000,4848,3570000,677500,1693,2370,54110,986700,446100,908200,4061,2447,4971,6473,41810,34820,657700,582.583,47.39
"1907",4195000,1894000,1348000,3072000,9255,5414,2388000,2496000,10020,2693000,45360,4177000,1483000,4387,17120,113800,2443000,1303000,4195000,22010,62120,371700,52380,906200,76540,1399000,582.583,47.73
"1908",3477000,244700,817100,2100000,20710,2976,1569000,1838000,28000,1814000,32630,504400,919200,12530,11610,2564000,2092000,160000,3477000,12770,39170,463000,37840,1040000,54080,797000,582.583,47.84
"1909",3649000,21760,26200,37930,912400,NA,41360,42180,406200,8570,153.1,46800,24630,191000,3649000,43800,46710,15940,57350,NA,177.7,4418,205.7,10700,344,25650,582.583,48.42
"1910",5253000,6620,13510,16050,1964000,NA,4987,17070,5253000,10230,NA,23660,6377,844400,3236000,17990,25140,7908,32460,NA,NA,2654,NA,3120,311.7,8695,582.583,48.63
"1911",2389000,NA,2389000,66920,32070,NA,NA,NA,288700,60050,NA,NA,NA,NA,348900,NA,NA,NA,25540,456600,21490,NA,33550,84520,24360,NA,583.295,15.62
"1912",1292000,NA,1292000,160300,125100,204.9,NA,NA,473500,148300,NA,NA,NA,419,225400,NA,NA,NA,630.8,721400,37290,NA,68480,216700,277600,NA,583.295,16.15
"1913",1233000,NA,1233000,170700,131100,204.9,NA,NA,907000,118900,NA,NA,NA,262900,37930,NA,NA,NA,1132,43470,27670,NA,62100,205500,441400,NA,583.295,16.25
"1914",3331000,NA,3331000,79340,97530,NA,NA,NA,356400,105100,NA,NA,NA,NA,588100,NA,NA,NA,44960,693000,41040,NA,62730,101800,222600,NA,583.296,15.87
"1915",767400,105300,541700,21610,8782,104600,295300,34560,129500,746200,767400,115300,222700,423200,184500,267900,99450,395400,296200,230000,237200,292400,314300,179800,335500,94550,583.415,42.67
"1916",1396000,102700,1105000,36740,41670,87220,327300,36350,112000,882000,1396000,166400,315300,88920,339400,434000,103400,562200,422800,371900,525800,326300,480000,183200,580000,140400,583.416,41.98
"1917",565900,23340,534100,138900,1569,73160,83560,97130,27090,98360,98500,82750,96070,596.5,3603,379600,211200,101000,565900,50350,2740,74480,15030,102200,3443,121800,585.217,14.41
"1918",753700,8749,506300,544900,265000,462700,454200,588500,468400,562400,753700,320100,434400,405400,278200,660800,544800,595900,423700,431100,316400,596900,539400,539900,469800,354400,585.452,46.47
"1919",507800,507800,NA,NA,NA,NA,NA,NA,224.5,231.6,NA,NA,NA,NA,NA,NA,NA,NA,NA,NA,NA,NA,NA,190.4,NA,183,591.134,21.73
"1920",476600,368600,10410,370700,107000,119300,295800,410400,415500,443900,418000,311100,150200,NA,69660,300200,282100,395700,692.6,200300,527.9,434200,104500,476600,73480,56970,591.26,43.52
"1921",1413000,349200,588300,362500,645100,277100,103900,802800,1413000,879600,513600,781700,271300,NA,953000,7528,151600,937600,1104000,43730,349100,492900,1219000,517500,661600,500600,591.51,37.2
"1922",1529000,6446,94800,59280,1529000,2391,NA,240900,377700,7807,69100,138800,9232,48570,14520,NA,600.2,223100,262400,3318,47360,71290,365300,124600,110400,79230,591.51,37.57
"1923",559800,NA,NA,NA,NA,NA,NA,NA,NA,NA,NA,NA,NA,NA,NA,559800,NA,NA,NA,NA,NA,NA,NA,NA,NA,NA,593.264,13.79
"1924",1701000,105600,1311,57180,234700,21930,43990,72990,82820,46060,58880,10520,23660,1701000,1367,56690,24760,67580,4202,28820,2103,22880,14940,86290,9472,2149,593.276,44.31
"1925",25630000,20370000,463700,18560000,NA,5671000,13140000,20060000,17480000,25530000,18450000,13470000,6282000,NA,3380000,12510000,10770000,19870000,1536000,8147000,1535000,25630000,5325000,21810000,3312000,1999000,593.277,43.5
"1926",25290000,19280000,17970,17190000,3791000,5313000,12190000,1779000,17420000,23830000,17670000,1174000,623900,NA,3270000,11830000,10630000,1844000,25710,7658000,37470,25290000,372400,2226000,3184000,153000,593.277,43.58
"1927",13900000,1823000,67340,2172000,3864000,631400,1746000,1213000,1977000,2943000,1758000,801300,417800,13900000,309300,2596000,904300,1275000,196300,1013000,72490,3888000,247100,1588000,210900,103500,593.277,44.01
"1928",8411000,1616000,63090,127700,268900,35460,1124000,113300,2040000,2452000,107200,711200,40820,8411000,247100,2459000,41410,132300,189400,43820,66840,2597000,26870,162800,177100,93400,593.277,44.09
"1929",4028000,710200,886600,37130,NA,1526000,193400,110600,1125000,304700,31690,1784000,506200,NA,312800,37830,344500,212500,238600,3558000,91150,328000,164600,895600,53120,4028000,595.167,18.47
"1930",3700000,621200,849500,90880,316800,1516000,167100,106300,2334000,321000,81260,3621000,465500,821.9,286200,21390,496100,585700,230000,3259000,82730,415000,152100,569400,95240,3700000,595.167,18.52
"1931",2964000,422700,637200,64090,756100,1042000,120100,81530,2964000,204000,60220,2495000,340000,3283,243200,108100,412000,13600,191800,2308000,61080,330400,112200,1516000,144000,2696000,595.167,18.56
"1932",11350000,11350000,1432000,2091000,811.4,898800,633800,2409000,296900,1664000,1757000,1465000,653800,631.8,270100,716400,935900,1453000,701300,1882000,1279000,1174000,2916000,590900,626700,2730000,599.41,34.44
"1933",2993000,1300000,312300,2144000,629800,933400,96260,2454000,493500,1711000,1788000,1460000,659900,909.1,18060,741100,996200,1482000,133900,1964000,1354000,1286000,2993000,700700,712700,2805000,599.41,34.49
"1934",1350000,872800,720000,131100,52590,276400,442500,393900,118400,762800,1117000,288900,335700,31300,128900,193800,355600,630400,184600,982800,896700,700500,1350000,344800,308100,798200,599.41,36.08
"1935",1177000,1177000,232500,423700,33290,418700,106100,310000,49700,42360,136900,106700,83860,33880,63630,46440,215400,117500,80190,187200,185000,115400,195800,187300,57410,224600,599.41,37.8
"1936",1928000,141100,1928000,45710,85900,44780,162000,86110,123600,229700,268000,62170,189900,261200,399800,391400,24480,188200,258900,117300,145500,129000,186700,126600,282900,62160,599.41,40.42
"1937",2230000,2230000,NA,276.8,351.9,NA,553.2,NA,NA,1252,NA,NA,NA,11040,57250,NA,905.2,NA,13580,499.8,2952,1272,762.1,2498,667.6,577.1,600.266,15.56
"1938",1592000,1592000,31610,1542,809.9,2071,1682,2488,NA,5532,2746,570.3,5808,NA,186300,NA,5643,2265,58170,3449,8004,759.8,9844,23800,1991,3060,600.266,16.15
"1939",5564000,5564000,27410,1542,809.9,2071,1682,2680,24720,15010,1259,670.4,4086,1251,328000,NA,17330,2265,128600,10640,8602,22280,12250,66490,22330,2646,600.266,16.28
"1940",1450000,184.6,9912,NA,NA,NA,NA,NA,NA,21030,NA,NA,NA,NA,NA,NA,NA,NA,1450000,NA,NA,NA,NA,NA,NA,4469,601.097,23.74
"1941",351500,184.6,9821,NA,NA,NA,NA,NA,241.4,24750,NA,NA,NA,NA,NA,NA,NA,NA,351500,NA,NA,NA,NA,NA,NA,860.2,601.097,23.81
"1942",1207000,210.5,3207,1161,NA,NA,NA,NA,858.6,NA,NA,NA,NA,NA,1207000,NA,159,NA,60810,221.3,NA,NA,NA,3577,171,NA,605.238,20.81
"1943",339500,216000,31540,163000,153400,149100,123200,136200,339500,90140,122000,135800,94880,37230,92090,225000,147800,92350,74250,199100,110300,173600,122500,146500,65350,123200,606.284,45.68
"1944",787600,104800,96720,119500,159300,175400,187700,243300,76010,102000,60240,21100,92840,45840,67560,39860,62780,332100,23960,72700,155100,61440,42860,787600,37590,17030,606.469,48.02
"1945",986500,673800,32460,817000,NA,355500,657800,795000,754200,978600,869100,662900,579600,NA,211600,608100,716600,975300,77970,558900,114600,756500,290300,986500,199600,92770,607.256,41.17
"1946",693900,159300,2758,225900,3281,87920,4487,110300,179400,300100,237400,164000,88390,693900,23720,184300,118500,141300,10880,135000,7841,214500,27840,13240,16890,7187,607.256,41.73
"1947",74790000,72090000,7801000,56260000,24360000,19990000,27470000,46680000,47270000,48630000,45090000,33280000,13560000,14460,36680000,74790000,43590000,42110000,27670000,50940000,25380000,56860000,44890000,62140000,41470000,27840000,607.292,45.66
"1948",66830000,66830000,6135000,47630000,32490000,17370000,24840000,40270000,47310000,35740000,41980000,31300000,12250000,49370000,6604000,58550000,43430000,36930000,21430000,47200000,3057000,60700000,38610000,64940000,31850000,24440000,607.292,45.7
"1949",43990000,10590000,1414000,8480000,3570000,2694000,3407000,4300000,7312000,7693000,5430000,3240000,1238000,43990000,272300,25350000,5055000,4077000,5125000,8192000,186100,9381000,4068000,8057000,4896000,2366000,607.292,46.02
"1950",1066000,1066000,107500,794000,390200,274400,370400,640000,642300,694400,617400,63820,186300,NA,555300,1029000,585300,578400,385800,728000,343100,787700,628400,905100,578200,386600,610.301,45.67
"1951",741700,337600,18940,182800,446800,83120,100300,130400,419200,162800,173500,104600,44550,741700,88580,578200,218800,151400,131300,176600,37720,308300,138000,159200,121800,84110,610.301,45.81
"1952",14960000,NA,13240,2847,670500,75760,10430,7809,34840,6274,1237,21970,12460,14960000,862.5,NA,11620,7815,25030,6015,3669,913.3,1696,18730,15900,1266,611.161,17.75
"1953",6507000,6909,5097000,1392000,811.7,6507000,2682000,750900,4101,1389000,582500,3587000,2804000,NA,469700,1992000,1735000,1007000,3185000,3310000,2901000,331900,1120000,1840000,3585,1127000,611.162,16.47
"1954",12810000,15620,9511000,3278000,2835000,11680000,5740000,2889000,12810000,3884000,1541000,7516000,5586000,NA,957700,4231000,4677000,3239000,6716000,9179000,3292000,1483000,3981000,5015000,1942000,2225000,611.162,17
"1955",15760000,15620,7852000,2307000,8238000,8409000,4458000,2459000,15760000,2467000,1694000,5474000,7113000,NA,793200,3058000,5004000,3170000,5282000,7556000,3970000,2177000,3276000,7584000,2916000,2313000,611.162,17.06
"1956",11750000,3917,4204000,989200,11150000,3761000,1921000,1411000,11670000,43300,34880,2411000,227900,11750000,424200,NA,3176000,2058000,2862000,3451000,1469000,65690,1759000,344400,2784000,1521000,611.162,17.13
"1957",2194000,NA,189.8,28000,148000,8376,140700,7538,30420,499400,1262000,590600,272.3,222,12580,NA,39330,392100,16720,323700,2194000,589900,40460,719,246000,289100,613.133,21.29
"1958",1172000,NA,NA,39990,266900,9600,157800,5575,8122,807500,904100,1001000,2352,155900,14400,NA,1260,369800,18030,313600,863200,1172000,82650,NA,126000,272000,613.133,22.25
"1959",2293000,NA,NA,37030,63230,8048,172500,5753,20840,1014000,1233000,949600,2352,134000,13970,NA,35750,440900,23040,379500,1982000,2293000,85830,570,206600,296300,613.133,22.31
"1960",1764000,NA,NA,13890,188700,1950,90310,3748,41350,315000,581500,417200,145.4,17970,4989,NA,13100,290300,11280,247400,1067000,1764000,53080,570,484800,175100,613.133,22.56
"1961",1094000,NA,NA,8712,578200,1950,60830,3241,41690,46610,435300,293500,145.4,3827,3799,NA,14460,206300,8975,181600,149100,1094000,36380,212,236200,122700,613.133,22.66
"1962",960500,NA,189.8,22000,4951,3529,119400,3793,8104,158500,359900,428200,403.5,NA,5334,NA,17640,266000,15160,269700,960500,135500,44580,NA,46300,215800,613.134,21.13
"1963",2571000,NA,184.6,10470,250700,4299,64620,3745,39520,158500,392700,404800,272.3,1740,7468,NA,1597,223400,2290,160500,997500,2571000,13230,719,505200,162100,613.134,21.36
"1964",384700,384700,132600,177000,15410,147100,170300,170500,NA,2857,175200,169200,149300,70240,227800,183800,159900,167500,173000,184000,176800,147500,186600,139100,192500,170800,613.484,46.03
"1965",383700,43880,257300,287300,229000,204500,238000,278000,296300,35450,323600,268400,244200,360800,5486,298800,342800,337000,325900,283700,318300,369000,307700,383700,315500,268200,613.484,46.14
"1966",1134000,129800,303000,378900,4908,6662,3138,344800,680700,96640,318400,362200,113000,NA,604400,6624,15200,788000,1134000,14370,195800,275400,664200,424900,499100,391400,613.492,36.84
"1967",2057000,595900,804200,471200,1037000,298400,60070,873600,7899,970800,619200,852700,481200,356.8,1145000,23340,315400,938300,2057000,53300,427000,519700,1199000,840300,874500,777000,613.492,37.2
"1968",1931000,2388,496200,3135,1931000,183300,60070,529300,1229000,8410,7069,5e+05,3236,21410,727300,17030,242000,13490,1329000,39050,266900,378300,652500,630600,685400,269500,613.492,37.26
"1969",470200,470200,NA,NA,NA,NA,NA,NA,NA,NA,NA,NA,NA,NA,NA,NA,NA,NA,81.58,NA,NA,NA,NA,NA,154,NA,618.161,28.32
"1970",469900,1296,3e+05,167500,27340,6134,220200,295700,15400,7455,NA,12250,170.8,NA,1800,83450,25760,13620,469900,70210,145500,132300,75260,37420,84250,30200,621.217,20.56
"1971",5397000,3520000,1085000,2737000,2387,2704000,2016000,2302000,3008000,2187000,3307000,1813000,2260000,10700,3561000,5397000,3204000,2531000,1438000,3621000,2067000,2543000,2643000,3237000,2670000,1379000,621.272,43.76
"1972",4901000,2297000,509200,2387000,2677000,1622000,1126000,1368000,1585000,1488000,1971000,1274000,1366000,4303000,1344000,4901000,2730000,1397000,1269000,2528000,777000,1726000,1252000,2633000,1363000,624700,621.272,44.15
"1973",342700,NA,NA,NA,342700,NA,328.5,NA,592.1,NA,NA,NA,NA,NA,958,247.5,237.9,NA,48900,659.4,5277,263.4,9822,NA,10470,NA,621.275,16.81
"1974",226800,92190,63120,142600,NA,89590,112500,101300,226800,122700,103400,134400,95080,NA,174400,118500,152600,118800,124600,144800,122200,116700,109900,136600,121200,114900,621.435,47.76
"1975",296400,78990,54330,15200,296400,66520,10480,83470,268800,95580,95900,101500,11160,NA,97590,15180,12100,108400,105100,15970,108000,11550,93800,138100,102100,100600,621.435,47.82
"1976",415000,4724,6064,15230,26140,6516,8233,8584,19050,11610,13950,10530,9156,415000,9022,15210,25980,16830,18690,15990,18630,24100,14670,35710,14800,14530,621.435,47.95
"1977",3343000,942.4,1165000,90470,NA,423600,95980,114400,143200,30460,192700,3343000,485100,1046,356400,1938000,73290,1163000,1624000,435700,4951,162000,24700,85880,446.9,454100,623.16,18.86
"1978",4720000,942.4,1121000,63410,6715,403000,76930,105300,438700,109600,181500,3193000,433800,1046,349800,4720000,115600,1170000,1435000,526800,4951,248000,22100,155600,4224,518100,623.16,18.92
"1979",839000,139600,447.7,130500,101500,223100,246900,205400,579800,510600,368500,91880,78320,585800,246300,494200,222700,458500,13360,261400,12510,754100,109300,839000,112400,15660,623.287,41.7
"1980",6842000,6842000,72460,4564000,750100,1303000,292200,2344000,985500,570900,513700,1489000,194000,1155,403700,4844000,2481000,942600,543900,1427000,304200,3342000,1070000,2924000,405900,489600,623.287,44.97
"1981",2198000,445500,39220,2198000,5296,68560,128900,1097000,987800,329600,195600,630500,81800,543200,429,2046000,1295000,466700,282400,505100,104100,1778000,476700,1899000,164900,272800,623.287,45
"1982",5858000,5858000,71750,3781000,973900,1115000,260000,1941000,4961,10770,446100,1492000,169500,381400,316500,4205000,2322000,852400,7703,1212000,5076,3362000,21580,2790000,322000,7917,623.287,45.01
"1983",2014000,NA,78420,1046,NA,2014000,NA,NA,NA,NA,2e+06,NA,306.5,NA,NA,79140,NA,NA,18740,NA,21020,NA,NA,NA,NA,NA,623.312,19.09
"1984",8075000,NA,6073,1046,NA,2418000,NA,NA,NA,NA,8075000,NA,306.5,NA,NA,251300,NA,NA,19560,NA,11830,NA,1706,NA,NA,NA,623.312,19.23
"1985",4285000,NA,26540,4572,NA,2034000,NA,NA,NA,1743,4285000,NA,NA,559.3,NA,1099,NA,NA,NA,NA,15480,NA,1885,398.1,NA,NA,623.312,19.54
"1986",3447000,NA,780600,75840,888.7,277300,57810,83460,408300,128400,148700,2892000,318700,NA,101300,3447000,80360,1168000,881400,351300,1560,263800,19010,111800,1473,152500,625.177,18.91
"1987",3100000,NA,1161,NA,NA,NA,NA,NA,NA,NA,NA,641.1,NA,3100000,NA,776.3,NA,393.4,2137,NA,NA,518.2,NA,NA,NA,NA,625.177,19.67
"1988",789200,789200,874.2,646200,NA,210700,40580,564300,39370,29150,118100,131100,27770,NA,2811,228900,275400,155900,10320,80740,5357,521700,53320,496700,1722,15880,625.267,42.48
"1989",6556000,NA,NA,1993,NA,496.3,NA,280.4,NA,NA,8644,NA,NA,NA,NA,6556000,NA,NA,NA,NA,NA,NA,2204,546.7,NA,NA,625.292,16.56
"1990",1957000,3979,NA,439500,276400,1112,1658000,260100,88010,708800,21510,45140,9986,1907,28560,333,18350,323600,216.8,115100,1957000,66180,1370000,58040,401200,4444,627.134,16
"1991",2869000,3979,1854,456000,322800,6692,1456000,535900,134800,589700,32410,57960,19780,58440,96270,333,21940,329800,601.7,146200,1762000,67600,2869000,48340,649100,4044,627.134,16.15
"1992",1629000,NA,448.9,60390,392700,7892,1017000,87330,146000,345400,31660,3046,18410,104500,16180,333,17070,250700,601.7,126900,1393000,53190,539400,30790,1629000,2738,627.134,16.22
"1993",908700,NA,373,22760,908700,NA,144200,44100,48090,38690,6655,2488,2174,169900,2616,NA,807.2,36180,NA,52750,201500,1267,209600,8495,214200,289.1,627.134,16.63
"1994",1634000,9259,NA,252000,170700,2179,1175000,271100,84140,378500,5590,19230,1163,22070,31000,NA,4230,205500,NA,127200,1208000,45110,1634000,12780,697200,1430,629.151,16.16
"1995",699400,566500,345600,519500,NA,8653,519200,372800,408400,611300,11810,568600,555600,NA,422100,699400,483000,408300,628500,9556,17660,420100,10610,351600,23410,442200,630.437,31.89
"1996",544400,NA,308.1,NA,534100,NA,NA,NA,NA,NA,NA,306.8,NA,544400,NA,477.2,NA,NA,327.8,NA,NA,NA,NA,NA,20100,476.4,630.437,32.14
"1997",6981000,NA,4708,NA,NA,44760,NA,573.4,69480,52700,105700,3448,16500,NA,14780,6981000,686.5,4719,30350,NA,NA,42300,6575,51710,NA,1063,631.222,4.4
"1998",692800,NA,NA,1915,3890,NA,NA,NA,NA,NA,NA,NA,NA,NA,NA,NA,25070,NA,242600,131400,14690,NA,692800,16790,76130,2218,634.229,19.6
"1999",2115000,2115000,128500,1709000,83120,457900,1078000,734700,753500,398600,94410,427500,482400,NA,532500,97770,105400,1164000,448900,119600,546700,22100,47850,862200,166100,1603000,637.306,42.9
"2000",2284000,2096,9012,1337000,167300,284300,792900,512900,737700,268900,75460,321100,319600,2284000,356400,89940,292000,915400,342000,94530,422000,377000,47850,771200,116800,1180000,637.306,42.94
"2001",312200,42290,312200,542.9,136900,NA,40460,8858,140700,12100,76780,1145,284900,114000,35330,14320,34970,12630,29820,40360,78090,763,28240,22410,12920,96030,638.338,46.09
"2002",3094000,NA,306.2,2084,354.2,1030,12740,189.8,191700,25640,3136,76450,NA,NA,NA,1209,8567,751.7,NA,4584,3094000,NA,32790,NA,781.3,NA,639.097,15.32
"2003",8168000,NA,306.2,2084,354.2,1030,12180,189.8,203400,25640,2621,284100,NA,9648,NA,1209,11920,751.7,NA,4111,8168000,NA,35580,NA,6266,NA,639.097,15.35
"2004",837100,NA,306.2,1079,529.8,NA,6752,189.8,837100,1092,1845,151500,NA,18380,NA,1029,11660,751.7,NA,2955,753000,NA,22350,NA,9628,NA,639.097,15.41
"2005",2237000,NA,799800,NA,NA,NA,NA,602.4,NA,NA,NA,NA,1754,NA,1843000,NA,NA,NA,2237000,NA,NA,NA,NA,NA,NA,500100,639.193,19.56
"2006",615900,NA,588.8,NA,615900,2970,NA,274,NA,NA,NA,1304,704.6,460000,739.1,NA,398.3,343.3,2534,571.1,NA,374.9,398.5,10510,27030,314.9,645.121,17.37
"2007",957400,51640,179400,346200,NA,143000,549600,202600,479500,957400,272800,166700,344000,426.5,263000,323000,71230,308400,43120,413200,127000,285600,792000,208200,185600,43280,649.359,34.91
"2008",554600,163.1,554600,NA,NA,NA,NA,NA,20110,99390,294.1,NA,NA,NA,10410,75470,NA,NA,74020,1321,NA,NA,NA,NA,NA,4164,653.149,22.64
"2009",953900,953900,1415,671200,73180,384200,12510,262400,19240,3847,32250,117000,17460,1732,2559,161100,360700,39970,27350,107500,25290,135400,96540,216800,8466,60540,653.298,46.2
"2010",414200,130800,324200,171600,343600,393700,360300,367200,362200,348400,236200,273600,327600,26210,414200,272900,27250,265900,117500,120300,271000,290600,255300,226000,82670,143000,654.3,46.83
"2011",561200,90570,56060,97240,561200,78870,90750,67230,292700,57750,34820,43220,71980,281800,110500,32650,193500,43880,272600,19090,70520,44450,94540,94430,191100,54550,654.3,46.96
"2012",3088000,3088000,393100,2857000,688100,971700,1920000,1568000,2306000,814200,277800,1118000,991100,NA,1782000,411400,732600,2183000,1287000,360700,1427000,1073000,143900,1794000,505600,2735000,654.333,42.91
"2013",4373000,2560000,356800,293700,704800,845700,1589000,1358000,2269000,721300,241700,1012000,877300,4373000,42870,361800,698200,193700,1108000,336300,1266000,1005000,109700,1731000,460600,2432000,654.333,42.93
"2014",511500,NA,511500,NA,NA,NA,902,NA,16150,106800,725.3,NA,NA,NA,6663,60390,NA,NA,52630,4001,NA,433.3,NA,NA,449.1,6449,655.167,22.63
"2015",2154000,NA,420500,2777,NA,2037,639400,21950,NA,2154000,105300,27210,38860,NA,NA,41920,741.1,56480,43460,496000,184600,18290,153100,141.4,NA,1084000,657.108,23.45
"2016",2297000,NA,272500,1736,265,1429,458300,4864,2297000,1397000,90760,23270,33110,NA,NA,24910,741.1,15760,4676,370100,145200,19980,51510,141.4,182500,632400,657.108,23.52
"2017",694600,NA,26720,NA,275400,NA,68470,228.6,694600,359900,9201,1260,2724,NA,NA,9189,NA,2260,2452,55970,20390,312.1,15600,NA,42550,29550,657.108,23.99
"2018",394500,7398,66360,55220,14780,53940,394500,89660,270700,108200,50070,7786,146300,NA,1992,58640,6584,259400,NA,20570,NA,35300,NA,13670,65710,NA,657.419,22.09
"2019",1907000,1100000,1078000,1177000,1122000,805000,981800,989200,1907000,1356000,1148000,1272000,831400,1008,1609000,1060000,984900,1192000,1608000,1109000,1319000,1119000,955300,1025000,1545000,1031000,663.455,52.97
"2020",2141000,130300,151900,137400,1261000,97500,122700,117300,217000,167800,118400,162200,77220,2141000,18540,116400,154000,169800,359600,120100,148000,191700,80630,172800,226400,128700,663.455,53.14
"2021",13640000,13640000,NA,NA,NA,NA,NA,NA,NA,NA,NA,NA,NA,NA,NA,42450,NA,NA,NA,NA,NA,NA,NA,NA,NA,NA,667.198,3.41
"2022",2081000,2081000,522500,523800,796200,676100,639400,596700,488700,597400,363500,581200,278600,NA,137600,193600,481800,508200,355100,858000,706400,542700,631200,251500,1101000,1015000,668.207,46.15
"2023",785800,232900,471000,507800,785800,50130,588100,558100,490600,29290,349800,538000,270300,543300,71110,3554,462900,485500,5885,72490,640600,44000,590800,5548,64320,63360,668.207,46.22
"2024",209400,NA,NA,NA,NA,3403,NA,NA,NA,NA,816.6,NA,NA,209400,NA,NA,549,NA,NA,NA,NA,NA,NA,1308,NA,NA,673.22,30.55
"2025",1352000,35740,1352000,20270,87920,1162,397200,9767,34930,41420,68000,38060,50060,NA,123700,990600,294900,485100,548000,75860,181800,41030,1173000,130200,118000,728000,675.677,47.37
"2026",2418000,118300,161700,145900,1541000,47730,131600,127200,270400,141300,119600,161900,87170,2418000,17880,123100,135900,184800,346500,127200,145300,182900,111600,180200,224000,138500,680.481,53.14
"2027",844900,591700,80990,662400,142200,106400,269600,435100,584300,96180,55400,322500,130700,NA,378900,88470,86990,613600,539900,89030,392500,237500,29660,509500,139700,844900,681.294,42.9
"2028",192800,2115,NA,5984,NA,811.4,592.7,192800,869,2592,NA,NA,NA,NA,NA,NA,1907,NA,1608,NA,88890,NA,137.2,NA,8801,NA,683.29,29.21
"2029",900200,55780,169600,388000,NA,160400,549700,230500,733900,900200,305800,184100,411100,NA,446000,295000,77700,347900,43610,476900,131000,310600,878900,249400,184700,42820,684.396,34.92
"2030",880200,880200,NA,NA,NA,NA,NA,NA,NA,NA,NA,NA,NA,NA,NA,NA,NA,NA,NA,NA,NA,NA,NA,NA,NA,NA,684.696,19.54
"2031",962500,1302,6286,66730,7073,18660,14270,7962,39810,81410,44130,16790,5663,NA,378.4,962500,9428,33100,68550,34180,651.7,39960,3469,43930,1145,84200,687.227,20.05
"2032",991200,NA,991200,232.1,4457,NA,NA,NA,11730,1607,NA,NA,NA,505.3,165700,NA,2831,4593,165900,5322,NA,21000,NA,NA,1379,135000,689.208,21.51
"2033",1056000,34800,492100,8549,NA,30570,NA,322.5,809100,NA,13460,81860,78900,NA,62870,681800,97500,420.8,1056000,NA,70160,NA,7051,92620,1081,116400,694.248,11.94
"2034",1064000,187100,528100,43910,433.7,186700,3850,12610,722900,NA,85670,44750,74640,NA,517600,647500,242200,15910,1064000,354.1,24390,3450,634100,200100,85870,97340,694.248,12.27
"2035",1398000,714800,938600,1398000,NA,354300,731200,622500,1269000,1350000,38430,61730,641800,NA,416400,898100,154800,532400,236200,425000,244000,881800,934500,1121000,212000,116200,694.402,33.79
"2036",1349000,44050,940600,114300,357300,10150,712300,608500,1315000,1349000,37890,61450,625900,NA,404700,70380,155500,524800,5412,26210,5587,904400,63670,70880,218900,114800,694.402,33.86
"2037",848900,NA,9051,NA,NA,NA,NA,NA,NA,NA,NA,NA,NA,NA,6098,NA,NA,NA,848900,NA,NA,NA,NA,NA,NA,36290,695.115,26.87
"2038",416200,67740,295100,357000,NA,51910,125500,70710,221700,416200,6141,6041,113700,NA,29250,332400,37260,87120,58420,99300,35660,112900,137300,190600,42610,10450,699.379,35.85
"2039",614800,NA,NA,NA,NA,NA,NA,NA,NA,NA,NA,NA,NA,614800,NA,NA,NA,NA,NA,NA,NA,NA,NA,NA,NA,NA,701.211,29.82
"2040",4900000,NA,917700,1208000,62360,863500,2888000,1110000,1315000,3062000,2264000,4900000,467300,1829000,NA,NA,495600,2388000,NA,4586000,3608000,1091000,1827000,940200,1082000,832500,707.108,8.41
"2041",5541000,NA,1246000,1073000,283300,916900,2503000,1298000,1934000,2063000,5541000,1930000,623100,2852000,NA,NA,659400,2865000,NA,3757000,3614000,4089000,713200,1499000,2006000,1031000,707.108,8.72
"2042",1765000,NA,672800,193300,56610,126800,1149000,336800,569000,320500,1199000,523300,122500,490800,NA,NA,49540,649600,NA,1765000,1064000,669000,466100,164000,186100,455600,707.108,14.01
"2043",7473000,5198000,1206000,787300,1336000,315400,613500,286000,4684000,2426000,1279000,494700,82210,176100,5089000,185300,1911000,1225000,399000,5236000,333200,1590000,6883000,173600,7473000,1317000,707.18,7.45
"2044",9131000,4294000,1256000,585400,5475000,348200,387800,83220,2141000,9131000,307100,871100,84870,234500,842000,298100,159900,337700,504300,1999000,418700,1548000,3264000,51610,4186000,1431000,707.18,7.95
"2045",15880000,6565000,1946000,942900,15880000,609300,550500,92700,409700,882900,310200,1383000,168600,301700,586400,346100,1174000,403400,1001000,1917000,655700,345700,2700000,72230,1723000,2176000,707.18,8.71
"2046",10090000,10090000,3908000,2109000,6267000,1494000,1443000,207000,638800,4737000,660700,3018000,395300,696100,1231000,474700,2153000,941700,2210000,4022000,1689000,546500,5022000,168400,2688000,4311000,707.18,9.33
"2047",10930000,10930000,4266000,2418000,5963000,1765000,1632000,234900,719800,5105000,763100,3406000,495900,997100,1390000,456600,353600,1087000,2528000,4364000,1979000,617100,5629000,197600,3047000,4887000,707.18,9.43
"2048",13960000,13960000,6805000,3284000,9204000,2449000,2284000,369000,1555000,11440000,1453000,5400000,957400,7049000,3235000,1547000,4022000,1744000,4629000,6749000,3260000,1182000,7199000,404000,6159000,7577000,707.18,9.96
"2049",18280000,18280000,10300000,4929000,13150000,3660000,3543000,569600,2638000,7576000,2277000,8449000,1491000,3687000,6351000,1616000,8436000,2637000,6896000,9513000,5623000,1753000,9552000,560600,8345000,11610000,707.18,10.44
"2050",24600000,24600000,14560000,7327000,15780000,5887000,6062000,981100,3901000,12300000,3802000,12590000,2599000,4856000,8315000,1782000,7702000,4164000,10260000,14090000,9392000,3314000,13450000,964900,10590000,15730000,707.18,10.82
"2051",31070000,31070000,21370000,12710000,19950000,10800000,11190000,2394000,7586000,24380000,7367000,19010000,5482000,6572000,14740000,2333000,10780000,8520000,17160000,21880000,15900000,6929000,20110000,2266000,15150000,23160000,707.18,11.06
"2052",30110000,30110000,22440000,12470000,22060000,11290000,10720000,2612000,12420000,9324000,8734000,18940000,6044000,8404000,18870000,6866000,18960000,9451000,18880000,20630000,15870000,7840000,19640000,3321000,19870000,23180000,707.18,11.12
"2053",26130000,25230000,18700000,8422000,26130000,8446000,7037000,1789000,14850000,11920000,7222000,14970000,4261000,9647000,17600000,1894000,7897000,7162000,15370000,14890000,11240000,5918000,14970000,3066000,20790000,20830000,707.18,11.2
"2054",29820000,21580000,14990000,6216000,29820000,5966000,5068000,1054000,12710000,1752000,5301000,11980000,2930000,10630000,13600000,601900,8835000,4728000,11200000,11460000,8293000,3861000,12460000,1854000,17540000,17480000,707.18,11.38
"2055",29730000,19430000,12830000,5236000,29730000,4943000,3808000,752800,9286000,3217000,3949000,10200000,2159000,12100000,10960000,837200,7201000,3713000,8783000,8895000,6699000,2930000,10480000,1390000,14810000,14920000,707.18,11.49
"2056",27650000,17060000,1e+07,3956000,27650000,3704000,2830000,497800,5897000,1634000,2731000,8472000,1643000,14720000,8350000,268700,789800,2651000,6345000,7097000,5001000,1846000,8415000,882700,10640000,12070000,707.18,11.68
"2057",24820000,15570000,8442000,3486000,24820000,3026000,2287000,410000,4102000,4007000,2139000,7023000,1344000,17760000,6395000,173300,2552000,2100000,5527000,5714000,4236000,1515000,7202000,632600,8751000,10520000,707.18,11.82
"2058",13270000,13270000,3825000,4080000,11210000,3538000,1874000,312500,1187000,4993000,851200,5472000,950500,9232000,1361000,69690,3756000,1547000,1392000,4088000,2312000,937300,6705000,329800,4027000,4909000,707.18,12.89
"2059",12640000,12640000,3754000,3999000,10170000,3514000,1816000,298200,1588000,854700,813400,5169000,964300,6757000,1356000,242100,6124000,1598000,1220000,3873000,2185000,1004000,6199000,358800,5055000,4544000,707.18,12.92
"2060",10150000,6315000,2514000,1880000,10150000,1703000,848400,182800,1676000,877000,468500,2825000,557900,4937000,821400,129600,2132000,977000,580900,1787000,1241000,694800,3049000,271600,5337000,2894000,707.18,13
"2061",18270000,18270000,9150000,3352000,394100,3039000,3052000,42800,612100,1166000,812300,4885000,729700,150300,2830000,8763000,3246000,723800,2918000,3661000,1965000,77170,981600,239900,2005000,7144000,707.181,6.92
"2062",13710000,13710000,4483000,3319000,513700,1443000,2925000,125300,1681000,1125000,1728000,2315000,278500,157600,5403000,1828000,7779000,1718000,1024000,7647000,705000,175400,2991000,472800,4065000,3426000,707.181,7.1
"2063",455000,NA,NA,NA,NA,197.8,228.6,149.5,NA,NA,191.2,455000,NA,NA,NA,NA,NA,NA,NA,NA,NA,258.2,NA,178.2,NA,NA,709.192,24.42
"2064",437500,NA,NA,NA,NA,194.7,NA,164.3,180,216.2,NA,437500,NA,NA,NA,NA,NA,241.5,NA,NA,262.5,184.2,NA,190.4,NA,NA,709.193,23.92
"2065",758700,369.5,166600,311000,NA,132100,413800,201800,524600,477200,421900,106900,374300,NA,251800,341800,124900,342600,38860,278200,66330,255500,758700,245900,120200,39410,710.448,40.33
"2066",269500,146800,194000,230100,NA,56350,106600,131100,269500,247500,7805,14170,135800,NA,148600,163100,31130,102500,44160,62940,50860,151800,177000,12920,42780,25160,711.334,33.79
"2067",1263000,72720,269900,497500,NA,185500,774900,312800,777500,1263000,427800,252700,513000,NA,400200,479600,109400,470500,71920,579700,201600,419000,1159000,330300,271200,64730,711.357,34.92
"2068",786500,1323,4572,15290,338900,5847,21650,10490,786500,31910,15650,8388,14800,135700,247.9,8547,3870,17450,2387,21950,6710,18030,44200,617.9,11870,1725,711.357,35.07
"2069",465800,28050,15620,54150,3284,270700,129500,186900,104500,92280,57760,465800,155400,619.4,91450,5996,154800,2e+05,24310,46680,53930,5988,115100,177600,36860,10580,715.352,31.69
"2070",1540000,528700,524400,655200,189.9,373500,1129000,586600,989100,1540000,762100,385900,688800,560.5,778000,701600,255800,735500,192300,739800,393900,695400,1382000,549800,475200,243100,721.453,42.19
"2071",1030000,356200,225700,470300,537600,265700,642000,393700,1030000,814200,529900,297800,431200,649600,9475,4417,220900,526100,143800,497500,284200,612300,965700,561300,9008,179200,721.453,42.25
"2072",1953000,1953000,212900,4689,70770,25480,1116000,154900,444900,315300,93560,24290,121300,469.2,34410,34180,20270,195500,8959,351900,73110,190500,138300,25440,141200,202000,723.284,13.7
"2073",732800,377300,195700,337000,NA,62350,55530,69800,178400,732800,4074,23710,142000,NA,202100,192400,19590,100600,165900,68910,44360,501900,328600,343600,66710,21790,723.378,35.03
"2074",10380000,NA,1703000,1738000,627100,1425000,4436000,923600,3156000,2898000,2695000,3713000,607300,1260000,NA,NA,1219000,528900,199.5,10380000,4754000,1701000,2773000,1143000,2505000,1377000,725.118,4.56
"2075",7185000,NA,1240000,1862000,873300,1270000,4271000,1297000,3882000,3567000,3328000,3548000,515700,1947000,NA,307.3,822700,3519000,177.7,7185000,4389000,2464000,3745000,1261000,3138000,1116000,725.118,4.93
"2076",18720000,296.1,1136000,2014000,1241000,1323000,4565000,1383000,3249000,3780000,2991000,3538000,567600,3219000,NA,NA,736300,3386000,NA,18720000,4378000,2298000,3727000,1189000,6081000,1021000,725.118,5.44
"2077",4511000,306.1,790700,1054000,346400,862200,2990000,899300,1981000,1253000,2077000,1847000,431800,4511000,NA,NA,581300,2216000,204.5,3220000,2901000,1298000,1493000,1249000,1114000,695300,725.118,8.18
"2078",5335000,385,392300,411900,139000,197500,1415000,451800,322700,266200,813600,777600,143800,1059000,NA,NA,64510,297700,290,5335000,1667000,298000,494700,104600,381900,349800,725.118,13.98
"2079",2702000,385,517000,442500,139200,309600,1684000,527900,674900,313800,1224000,841800,210800,866700,NA,NA,101400,2702000,290,2268000,1653000,508700,753300,342600,365800,475400,725.118,14.04
"2080",1692000,NA,168200,282300,168600,200900,747900,278900,686400,95920,553600,433300,130800,1692000,NA,NA,91710,520200,527,901900,615800,378800,362200,205000,60270,194300,725.118,15.17
"2081",14220000,NA,1409000,1839000,745800,1327000,4445000,1115000,3768000,3193000,3185000,3724000,544300,1488000,NA,307.3,2862000,4346000,199.5,14220000,4429000,3431000,3193000,1560000,3401000,1194000,725.119,4.72
"2082",11350000,NA,439800,1297000,1267000,767600,3361000,1220000,3308000,2140000,2501000,1512000,401900,11350000,NA,NA,650800,2803000,292.3,5133000,2493000,1961000,2679000,947300,2836000,353000,725.119,6.16
"2083",19680000,NA,300700,918800,1180000,571800,2605000,1058000,2958000,1934000,2018000,1133000,325300,19680000,NA,NA,390400,2436000,NA,4012000,2203000,1797000,2379000,788800,1392000,274400,725.119,6.53
"2084",11910000,289.7,971700,1294000,287700,1152000,3479000,1320000,2536000,1537000,2744000,2162000,680500,11910000,NA,NA,1229000,9226000,306.5,3756000,3385000,3356000,1993000,1170000,5684000,839000,725.119,8.69
"2085",10510000,133500,3136000,866600,97070,1547000,718200,56640,431600,2247000,528000,3909000,919300,262300,12040,85520,2077000,374400,79530,1093000,4327000,465500,213800,174700,880500,10510000,725.154,6.29
"2086",9425000,135300,2836000,2519000,109200,2465000,9425000,194700,1985000,1987000,1769000,3879000,929200,245200,38850,78740,303500,1607000,55830,4257000,3037000,502100,1439000,597900,2541000,2600000,725.154,6.9
"2087",4811000,127200,1247000,1266000,617700,663000,1228000,717200,4556000,2741000,2233000,1630000,252400,316700,35080,25810,551400,2339000,5807,4811000,1235000,1826000,3882000,563100,3672000,1368000,725.155,7.37
"2088",7356000,134800,963500,1808000,7356000,1444000,2306000,578700,1574000,1410000,1559000,3282000,749800,5176000,45080,236.5,1136000,2002000,56790,3557000,2802000,1332000,2554000,500200,3039000,1861000,725.155,12.13
"2089",473700,277.2,NA,82400,NA,193700,NA,NA,NA,5126,28350,NA,5926,NA,NA,NA,38060,18290,NA,128100,48330,NA,473700,171000,74970,661.3,725.212,32.07
"2090",1039000,1039000,NA,NA,NA,NA,NA,NA,NA,NA,NA,NA,NA,NA,NA,NA,NA,NA,NA,NA,NA,NA,NA,NA,NA,NA,727.185,18.63
"2091",2039000,NA,NA,NA,NA,321.1,NA,NA,15550,NA,NA,NA,NA,NA,NA,2039000,745,NA,15750,NA,NA,NA,1619,13430,NA,NA,727.321,12.19
"2092",591400,NA,NA,NA,631.4,NA,NA,NA,NA,NA,NA,NA,NA,591400,NA,NA,NA,NA,NA,NA,NA,NA,NA,NA,NA,NA,729.242,31.99
"2093",611300,NA,NA,456900,NA,611300,305.9,3330,NA,4652,104600,NA,17300,NA,NA,NA,20290,71960,NA,18440,15220,311,6704,443500,2321,3228,729.243,31.5
"2094",2140000,NA,12370,56410,1493000,1987,124200,328200,2140000,133700,99840,182300,2870,1476000,10870,160600,228500,372800,3811,10540,1641,65810,591800,632600,7204,3632,738.479,42.36
"2095",2549000,1077000,925600,1368000,NA,811300,2029000,1272000,2508000,2436000,1611000,844500,1468000,NA,2068000,1098000,580000,1478000,423600,1520000,827400,1436000,2549000,1258000,963800,572000,738.48,42.2
"2096",2130000,16160,432900,162800,108000,182300,2130000,865000,699100,204200,565500,200400,344500,56420,NA,833.2,191400,510900,1157,451400,172300,488900,195600,345300,219000,82360,739.243,13.1
"2097",1168000,4220,783800,121600,164800,283400,1168000,1056000,532900,357400,1020000,340700,510900,184700,NA,18570,281000,840200,436.4,704900,311600,687100,211700,296000,401100,164600,739.243,13.58
"2098",2717000,1400,715600,87320,191700,234100,2717000,915300,646700,318200,1510000,540400,591000,411400,NA,18570,252500,755600,243.9,969400,297800,620100,199900,229100,439800,149000,739.243,13.67
"2099",2474000,NA,99760,389000,400800,947100,1749000,629300,808300,90980,438100,996200,155500,959900,NA,NA,114200,1592000,161.2,2474000,1699000,852600,1353000,200800,551500,423600,743.128,15.78
"2100",2130000,1146,141200,272600,90540,214800,1060000,222000,595700,364300,1276000,545400,111700,2130000,NA,128.7,67620,569300,536.7,1204000,1068000,377500,515500,119100,387400,180900,743.128,27.5
"2101",2756000,412.1,195500,266300,87920,207900,2756000,192700,585100,543300,532300,1034000,114100,723600,NA,320.1,65020,519200,264.3,1168000,1060000,387000,457100,117600,396700,183300,743.128,27.92
"2102",3880000,831.2,136200,236400,81820,199300,907500,206300,548800,302000,522200,490800,114200,690200,NA,117.9,61570,475400,264.3,1146000,3880000,364200,413500,110700,608400,182400,743.128,28.24
"2103",1915000,3216,216700,239900,224900,370300,942300,238000,537800,332600,1351000,472900,117000,671200,NA,119.6,60930,472900,203.3,1915000,1045000,375200,827600,103000,452400,605500,743.128,28.48
"2104",1009000,2952,203100,220000,75160,160600,206100,185500,556000,662000,473400,561900,106400,480500,NA,147.9,57870,409600,255.8,997800,1009000,340000,345800,90760,312500,28340,743.128,28.94
"2105",1776000,1327,57890,227900,96080,32840,924900,230800,523400,84110,462000,54740,103500,564200,NA,227.9,48450,474400,160.4,1776000,867000,724200,323300,89430,631900,155200,743.128,29.88
"2106",1541000,3982,100300,226900,66800,180600,1024000,173500,513300,371600,640100,262900,101300,599500,NA,110.3,45140,374500,266.9,1541000,1174000,384000,468600,86430,339200,144700,743.128,30.19
"2107",1039000,347.1,85400,161200,40350,83820,1039000,259400,333700,345600,318900,261000,64470,382500,NA,NA,28280,315600,124.2,635500,586900,235000,226600,155600,220900,97810,743.128,32.6
"2108",14380000,NA,533700,3019000,812900,2251000,11140000,1872000,481100,7641000,3955000,5032000,756300,3903000,NA,NA,989200,4767000,NA,14380000,6556000,2934000,4542000,1197000,2877000,845200,743.129,3.26
"2109",9725000,NA,1130000,3341000,1035000,2276000,7143000,2209000,4195000,5081000,600200,9725000,877700,2412000,NA,NA,1390000,5553000,NA,1613000,6923000,3236000,5978000,1442000,3782000,1377000,743.129,3.71
"2110",33600000,NA,1374000,3448000,1661000,5345000,15290000,2286000,4858000,9220000,4476000,10940000,967900,3726000,NA,NA,2533000,5964000,NA,33600000,14470000,3765000,6415000,1666000,4784000,1642000,743.129,3.9
"2111",16140000,NA,1472000,2640000,1781000,3177000,7808000,2119000,5411000,826000,7695000,5954000,1064000,5601000,NA,NA,1315000,16140000,NA,10630000,6570000,3693000,10980000,5020000,15480000,4274000,743.129,4.14
"2112",17930000,NA,1427000,2157000,1945000,2067000,4627000,3096000,17930000,5179000,918200,4197000,983700,13780000,NA,NA,1728000,2867000,189.7,9014000,7433000,3482000,644700,1647000,5174000,240200,743.129,4.29
"2113",19260000,NA,1287000,1845000,3883000,1886000,19260000,1646000,4787000,3269000,3828000,3968000,916300,7032000,NA,NA,795800,3873000,189.7,7181000,4996000,3293000,6583000,1415000,660700,3419000,743.129,4.68
"2114",8337000,NA,1266000,1817000,219500,1805000,5727000,1513000,4493000,2855000,5064000,3737000,884400,8337000,NA,NA,773100,8262000,160.2,6613000,4564000,3037000,3112000,1418000,630400,1402000,743.129,4.83
"2115",18260000,311,1139000,1570000,1289000,3551000,5137000,1319000,6655000,2695000,3101000,6283000,775200,18260000,NA,NA,698100,3175000,189.1,5706000,2739000,2619000,2595000,1309000,6728000,1185000,743.129,5.07
"2116",4510000,279.2,749600,1373000,157400,1228000,4510000,4012000,4146000,1937000,2492000,2220000,651300,1238000,NA,252.1,1183000,2659000,614.2,4366000,2404000,2170000,2097000,1009000,2743000,735000,743.129,5.49
"2117",10430000,263.4,530000,1383000,1155000,1127000,4506000,1165000,3681000,1717000,2425000,1823000,564900,9543000,NA,NA,417400,2468000,614.2,10430000,2330000,2083000,1904000,890700,2238000,219300,743.129,5.68
"2118",5244000,334.4,51970,1287000,3073000,1021000,4499000,1154000,3405000,2166000,2251000,1519000,498900,2490000,NA,NA,392400,4887000,351.3,4559000,2603000,5244000,4793000,839800,1931000,350300,743.129,5.93
"2119",9337000,365.2,203600,942000,734900,663700,1137000,1034000,2816000,1639000,1876000,507500,397200,9337000,NA,NA,307900,2126000,362,3673000,1565000,1802000,1682000,681800,2773000,197600,743.129,6.35
"2120",3603000,NA,192000,519200,646300,537900,1407000,775000,2526000,914000,1397000,796400,336500,3603000,462.1,NA,216000,1569000,267.7,2085000,1557000,1431000,1300000,525500,1161000,200500,743.129,6.73
"2121",2098000,NA,195900,483500,568400,558800,1765000,671600,2098000,785800,1033000,1053000,336000,1763000,546.9,NA,175400,412500,267.7,1036000,1712000,1226000,929800,448700,854400,1313000,743.129,7.05
"2122",5192000,260.1,396800,583000,572000,1221000,5192000,550300,1344000,75500,896300,1111000,323900,4406000,546.9,NA,189200,1101000,NA,1004000,1663000,872000,554800,440100,465900,397500,743.129,7.45
"2123",2021000,347.7,381000,573000,356200,568900,2021000,521500,1187000,182100,968000,1030000,302500,885000,NA,NA,368000,1146000,NA,1316000,1542000,748000,565700,433000,404500,378900,743.129,7.62
"2124",2903000,NA,376900,587000,194300,596200,1919000,532200,1529000,416300,1114000,691100,304500,2903000,NA,NA,221100,1231000,181.7,1539000,1474000,773800,778400,440000,668700,359700,743.129,8.13
"2125",2498000,320.5,379900,611900,108800,627300,1816000,564800,1591000,399500,1117000,913700,337000,2498000,NA,NA,177400,1317000,195.8,1520000,1429000,1556000,2479000,478000,977400,364400,743.129,8.36
"2126",4848000,390.4,320300,716500,304100,778600,2125000,738600,1553000,1572000,4734000,3469000,420500,4848000,422.1,NA,292600,1477000,328.2,1743000,1599000,1033000,2126000,648100,836200,766500,743.129,9.14
"2127",1773000,207.9,105500,404000,168600,281500,1204000,669600,643800,93150,425000,837700,145300,1773000,NA,NA,145700,730900,NA,1085000,1361000,1140000,628300,213200,1344000,253300,743.129,16.21
"2128",1423000,NA,39640,138500,78270,32180,375800,216900,73810,18920,96240,187800,14290,1423000,NA,NA,23410,469000,NA,524600,330700,295700,202400,108100,310100,116700,743.129,16.88
"2129",2246000,NA,100300,300800,64360,169700,571500,480800,793100,73430,375300,961900,126900,233200,NA,NA,58430,480300,164.5,1581000,2246000,559600,615900,216800,329900,146600,743.129,17.95
"2130",849600,NA,105600,167800,86340,225600,282700,197000,423100,88050,589300,355100,97110,508900,NA,NA,89740,323600,370.1,624100,849600,173500,646200,234900,481400,106100,743.129,18.67
"2131",1583000,NA,99190,61850,93580,540500,186700,207600,659200,3671,262100,340700,138800,1583000,NA,NA,106300,568200,180.8,941100,487800,106000,274400,188500,469700,20790,743.129,18.92
"2132",2296000,NA,50060,297300,10790,298800,631400,247300,238000,76070,280300,564800,124000,1005000,NA,NA,103600,525600,NA,800500,2296000,295800,817100,203100,203300,97120,743.129,19.66
"2133",1735000,NA,118000,289900,84250,173900,1735000,323100,1013000,193700,558200,1268000,132400,320400,NA,NA,93670,1029000,125.2,1132000,1068000,462100,1066000,274900,1191000,233200,743.129,19.98
"2134",1634000,293.7,137800,356000,141100,328100,789300,889200,565900,106900,482500,676300,147800,1546000,NA,NA,115400,600300,164.5,1634000,1197000,357800,653000,176700,542500,178300,743.129,20.49
"2135",2716000,229,107800,366700,234600,353800,816100,296900,824500,175500,482300,1456000,154200,692300,NA,164.8,122100,1839000,212.4,1130000,2716000,846600,747600,213700,1137000,212300,743.129,20.84
"2136",1867000,571.5,124400,348400,144400,324100,833100,303900,1867000,19590,465800,541200,135500,783200,NA,157.4,115000,721700,NA,1338000,1187000,364800,86410,195000,498000,209600,743.129,21.29
"2137",1575000,180.8,125000,337900,93380,322100,826100,297500,629000,167400,472800,651400,140000,1575000,NA,148.9,105200,675700,NA,349500,1303000,402400,34840,195500,507400,206400,743.129,21.68
"2138",3357000,391.5,217200,315300,198300,300300,3357000,572900,630900,378800,457300,1625000,137200,907200,NA,170.5,54510,691800,NA,188200,2364000,936100,81890,176300,857700,134400,743.129,21.94
"2139",1319000,347.4,130400,363900,39020,325200,1201000,314500,615600,193700,516300,715000,145300,688800,NA,183.4,101100,715200,144.1,1282000,1319000,395700,693800,182100,392600,220600,743.129,22.77
"2140",1597000,434.9,148100,367800,105100,320000,802000,315600,1597000,413700,541500,722000,136400,1309000,NA,NA,104300,743900,291.1,1287000,1352000,405400,716900,182600,538400,573800,743.129,23.09
"2141",1285000,732.3,114400,338100,122800,299200,887200,303800,451200,196400,531600,703500,138800,712000,NA,155.8,99910,714200,214.9,1270000,1285000,91680,678300,186200,488200,182600,743.129,23.77
"2142",1996000,1139,117900,344100,115800,294200,965100,294400,1608000,268700,527400,698600,139600,1996000,NA,NA,91130,694300,207,1250000,1224000,407600,656200,161900,512500,213300,743.129,24.84
"2143",2876000,1768,185200,330800,107900,280700,983200,286200,625000,300800,556500,626400,135500,2876000,NA,150.9,82510,697700,162.4,1296000,1174000,418400,645800,165700,495900,538900,743.129,25.46
"2144",2586000,1217,132400,292900,92390,225200,2586000,233400,586700,503900,566200,1127000,122800,9e+05,NA,138.9,68670,643700,NA,1230000,1144000,286100,534600,128300,260300,207500,743.129,27.16
"2145",1625000,1347,117700,236200,26790,111800,1514000,409600,544700,562400,984500,365800,109300,506300,NA,150.8,58050,1625000,422.4,270100,995700,349300,611100,209100,307800,425500,743.129,29.49
"2146",2707000,1103,342500,204300,118000,334700,2707000,195500,475000,375600,368100,49150,90240,518100,NA,139,37700,389000,156.3,1038000,742300,316300,296900,77180,784800,132000,743.129,31.35
"2147",418400,418400,227.1,NA,NA,NA,NA,NA,NA,NA,NA,NA,147.6,NA,NA,NA,146.3,NA,163,NA,NA,NA,NA,NA,NA,587.6,743.253,21.61
"2148",469500,43210,61760,238600,NA,120900,277800,124300,330400,469500,136300,106400,219800,NA,231200,46510,51910,213700,13880,167300,70180,162600,451900,143200,123600,22770,752.459,38.29
"2149",660900,55850,69180,353200,4060,145900,387800,129500,421300,478000,201400,112100,343600,385,190800,164200,49090,261400,9976,235300,59070,171700,660900,183300,150200,26990,754.474,37.81
"2150",879100,166100,61160,602600,NA,330900,259300,457700,569600,115800,299800,261500,457500,NA,879100,48050,245800,522800,155600,171100,541700,326600,679200,701400,682800,98170,754.474,40.78
"2151",383100,214600,54430,166300,129400,106300,60860,176900,383100,118000,183800,181500,79330,NA,226100,136400,166400,149900,169200,125200,124400,127400,110200,187200,131200,95710,758.54,47.7
"2152",552000,363300,47220,184100,280300,77430,50980,124300,390500,87390,143900,94080,61350,552000,158900,119000,148200,95880,252400,104000,204500,196600,141600,164900,281000,85430,758.54,47.97
"2153",507100,12300,2458,16860,180800,63180,3028,15990,196900,6406,23270,19660,50690,507100,22770,5830,26800,10900,6497,5641,29610,6048,18570,162100,22670,69160,758.54,48.12
"2154",311000,843.6,6398,3100,157300,10240,692,2587,29380,949.8,4260,15870,9293,311000,23690,8784,35160,1339,2125,1164,5443,1513,26380,4560,3058,10750,758.54,48.29
"2155",4486000,75330,2146000,2229000,1904000,2050000,1961000,2542000,2951000,2048000,2877000,1570000,136500,4486000,2069000,2720000,2242000,2296000,1661000,1920000,1331000,2136000,2116000,2226000,1734000,1653000,764.531,46.48
"2156",2218000,845400,897800,1154000,548.2,637200,1826000,1085000,1781000,2171000,1371000,689700,1179000,212,1349000,1065000,491000,1300000,357400,1341000,710300,1097000,2218000,1017000,854200,479900,765.441,42.16
"2157",2228000,851400,910200,1170000,199.1,642800,87980,1093000,1857000,113700,1401000,693800,51770,212,1351000,1061000,502200,1333000,362800,1352000,716000,1111000,2228000,1053000,871000,483700,765.441,42.19
"2158",695300,81110,251200,203300,386600,245400,166800,251700,345100,369500,305500,157400,157500,695300,269500,299300,322200,240900,331700,253800,167800,235000,201300,243300,206300,145500,766.547,47.32
"2159",394800,1256,3927,4392,74750,6951,4252,8363,11530,3417,7601,3864,33060,394800,336,31370,16660,9243,3764,4580,54330,1191,3699,4470,20500,66320,768.563,48.41
"2160",3022000,161000,100600,158100,4316,1158000,217400,828400,221000,190900,167100,3022000,363200,3442,119800,17450,192300,818100,58920,121700,128600,773400,196900,175900,110200,85120,769.435,38.94
"2161",926700,NA,228.3,626000,NA,NA,NA,NA,NA,56990,NA,NA,153.2,291.8,NA,NA,NA,NA,NA,469000,NA,228900,NA,1579,217.8,926700,773.181,18.89
"2162",1595000,110900,188400,57250,8984,1595000,204600,193500,102900,360100,80190,565600,61350,312.2,104900,96340,67700,212800,12840,74770,20420,385700,27360,51570,11510,34200,774.501,39.42
"2163",1250000,133200,174600,693400,27590,199400,776700,270000,83040,1017000,459300,219200,655900,3693,286300,364100,120800,522300,47250,513900,154300,369000,1250000,409500,328600,71740,781.435,37.81
"2164",723100,2501,5414,22520,27590,177200,24950,8062,723100,34980,16560,7035,18620,5505,253600,258200,3572,492400,845.5,13690,5229,11410,36290,14580,10210,63740,781.435,37.91
"2165",82470,4986,10150,5806,14030,10950,7456,11720,15140,29600,13770,5808,8944,82470,12420,16060,18190,18440,4690,6116,7383,10860,12560,12920,4220,7587,783.479,47.3
"2166",1741000,889000,1741000,2994,70900,137300,164100,185700,344300,232400,103700,85530,450300,144800,448600,318600,237600,148200,1553000,246600,23990,202100,53620,203900,44570,531000,787.264,16.15
"2167",656400,18450,382800,325500,585900,332700,368700,470100,656400,359600,466100,349600,40170,434900,532700,417600,411900,427000,372400,253500,295000,324100,390500,439000,351800,401400,791.493,46.47
"2168",850600,18440,34310,328900,26150,337600,369500,507100,56000,56650,526300,350800,413800,850600,12610,423100,427300,471200,389900,251800,294300,341100,43160,62330,354400,396800,791.493,46.52
"2169",1774000,837600,453300,697600,1774000,869000,680400,718600,797500,448800,493000,767000,704100,1286000,1428000,552900,665800,396600,621100,764700,691700,139100,623400,403800,173000,600500,792.563,47.55
"2170",537900,38540,156300,94870,165500,108600,92240,108300,177800,160400,133400,67880,77390,537900,95600,150100,153500,125400,147200,101600,82110,110300,113900,113200,96290,80140,793.508,47.32
"2171",1200000,403900,159300,23300,375900,11080,9023,109400,26300,298000,252800,250900,194300,1200000,495400,305600,29700,257200,285500,258800,35130,159800,317400,38530,275600,235000,794.578,48.49
"2172",779100,490600,197000,329900,351900,221600,133000,129900,478300,367000,301400,310600,239300,NA,779100,353500,300200,277600,323100,299200,258900,186500,398600,346400,323200,271200,794.579,48.43
"2173",139600,1530,4051,6748,8237,4812,9587,11860,29880,15660,11310,2744,1939,139600,741.6,10740,15660,12870,4266,7798,9052,9682,6720,3231,5927,7309,795.524,48.49
"2174",298900,145300,121800,167400,218900,85830,152700,234000,298900,156800,246300,83230,86070,60290,76140,173600,212000,202300,151900,130500,134000,152100,115200,188400,147900,135100,797.539,49.78
"2175",398400,14820,1691,10300,150800,3719,9756,21850,44630,11270,29650,4845,4135,398400,1289,13460,22740,21550,35050,6702,10070,21580,8380,33620,17380,10460,797.539,49.95
"2176",283400,117800,33560,28790,4283,8264,11900,35000,40680,61390,61140,16370,12030,158.7,18830,109300,68750,60900,283400,28030,27380,95250,21730,81260,88500,33860,799.555,51.39
"2177",153400,9002,2692,441,14760,177.9,328.2,3270,2174,3287,5852,1444,114.3,153400,479,9617,1241,4604,42540,1001,2245,12950,716.5,13410,5265,1662,799.555,51.55
